"id","category","type","exam","question_number","content"
"wr01","작문","writing","nat","34","{""id"":""wr01"",""category"":""작문"",""type"":""writing"",""q"":""다음 주제로 200자 이내로 글을 쓰세요: 내 고향의 결혼 풍습과 한국의 결혼 풍습<br>① 내 고향에서는 결혼식을 어떤 순서와 방식으로 치르는지<br>② 한국의 결혼 풍습 중 가장 인상 깊었던 것은 무엇인지<br>③ 두 나라의 결혼 풍습에서 같은 점과 다른 점은 무엇인지<br>④ 두 풍습을 비교하면서 무엇을 느끼고 생각하게 되었는지"",""q_zh"":""请就以下主题写一篇200字以内的短文：我家乡的婚礼习俗与韩国的婚礼习俗<br>① 在我的家乡，婚礼按怎样的顺序和方式举行<br>② 韩国的婚礼习俗中，让你印象最深的是什么<br>③ 两国婚礼习俗的相同点和不同点是什么<br>④ 通过比较两种习俗，你有了怎样的感受和思考"",""guide"":""네 갈래를 끊지 말고 한 편의 글로 이어 쓰세요. ①과 ②에 각각 한두 문장, ③에 한두 문장, ④에 한 문장을 배분하면 200자에 맞습니다. 고향 풍습 → 한국 풍습 → 같은 점과 다른 점 → 느낀 점 순서로 자연스럽게 연결하고, '-습니다' 체로 씁니다."",""guide_zh"":""不要把四个部分分开，要连成一篇完整的短文。①和②各写一两句，③写一两句，④写一句，这样正好200字左右。按 家乡习俗 → 韩国习俗 → 异同 → 感想 的顺序自然衔接，并使用敬语体（-습니다）。"",""model"":""제 고향에서는 신랑 집에서 신부 집으로 예물을 보낸 뒤 마을 사람들이 모여 잔치를 엽니다. 한국에서는 예식장에서 식을 올리고 한복으로 갈아입어 폐백을 드리는 점이 인상 깊었습니다. 두 나라 모두 양가 어른께 인사를 드리는 점은 같지만 절차와 옷차림은 다릅니다. 저는 결혼 풍습에 가족을 소중히 여기는 마음이 담겨 있다고 느꼈습니다."",""model_zh"":""在我的家乡，男方家先向女方家送聘礼，然后村里人聚在一起摆宴席。在韩国，人们在婚礼会馆举行仪式，之后换上韩服行币帛礼，这让我印象很深。两国都要向双方长辈行礼致意，这一点相同，但流程和着装不同。我感到，婚礼习俗中蕴含着珍视家人的心意。"",""q_vi"":""Hãy viết một đoạn văn không quá 200 chữ về chủ đề sau: Phong tục cưới hỏi ở quê hương tôi và phong tục cưới hỏi của Hàn Quốc<br>① Ở quê hương bạn, đám cưới được tổ chức theo trình tự và cách thức như thế nào<br>② Trong phong tục cưới hỏi của Hàn Quốc, điều gì để lại ấn tượng sâu sắc nhất<br>③ Điểm giống và điểm khác giữa phong tục cưới hỏi của hai nước là gì<br>④ Khi so sánh hai phong tục, bạn đã cảm nhận và suy nghĩ điều gì"",""guide_vi"":""Đừng tách rời bốn ý, hãy nối chúng thành một bài văn liền mạch. Dành một hai câu cho ①, một hai câu cho ②, một hai câu cho ③ và một câu cho ④ thì vừa đủ 200 chữ. Hãy nối tự nhiên theo thứ tự: phong tục quê hương → phong tục Hàn Quốc → điểm giống và khác → cảm nghĩ, và viết bằng văn phong lịch sự '-습니다'."",""model_vi"":""Ở quê tôi, nhà trai gửi sính lễ sang nhà gái, sau đó dân làng tụ họp mở tiệc. Ở Hàn Quốc, tôi ấn tượng với việc tổ chức lễ tại hội trường cưới rồi thay hanbok để làm lễ pyebaek. Cả hai nước đều giống nhau ở chỗ chào hỏi người lớn hai bên, nhưng trình tự và trang phục thì khác. Tôi cảm nhận rằng trong phong tục cưới hỏi chứa đựng tấm lòng trân trọng gia đình."",""q_th"":""จงเขียนเรียงความตามหัวข้อต่อไปนี้ภายใน 200 ตัวอักษร: ธรรมเนียมการแต่งงานของบ้านเกิดฉันกับธรรมเนียมการแต่งงานของเกาหลี<br>① ที่บ้านเกิดของคุณ จัดพิธีแต่งงานตามลำดับและวิธีการอย่างไร<br>② ในธรรมเนียมการแต่งงานของเกาหลี สิ่งใดที่ประทับใจคุณมากที่สุด<br>③ จุดที่เหมือนและจุดที่ต่างของธรรมเนียมการแต่งงานทั้งสองประเทศคืออะไร<br>④ เมื่อเปรียบเทียบธรรมเนียมทั้งสอง คุณรู้สึกและคิดอย่างไร"",""guide_th"":""อย่าแยกทั้งสี่ประเด็นออกจากกัน ให้เขียนต่อเนื่องเป็นเรียงความชิ้นเดียว แบ่งให้ ① และ ② อย่างละหนึ่งถึงสองประโยค ③ หนึ่งถึงสองประโยค และ ④ หนึ่งประโยค จะพอดี 200 ตัวอักษร เชื่อมโยงตามลำดับ ธรรมเนียมบ้านเกิด → ธรรมเนียมเกาหลี → จุดเหมือนและจุดต่าง → ความรู้สึก และใช้สำนวนสุภาพ '-습니다'"",""model_th"":""ที่บ้านเกิดของฉัน ฝ่ายเจ้าบ่าวจะส่งของหมั้นไปยังบ้านเจ้าสาว จากนั้นคนในหมู่บ้านจะมารวมตัวกันจัดงานเลี้ยง ส่วนในเกาหลี ฉันประทับใจที่จัดพิธีในหอจัดงานแต่ง แล้วเปลี่ยนเป็นชุดฮันบกเพื่อทำพิธีพเยแบ็ก ทั้งสองประเทศเหมือนกันตรงที่คารวะผู้ใหญ่ของทั้งสองฝ่าย แต่ขั้นตอนและการแต่งกายต่างกัน ฉันรู้สึกว่าธรรมเนียมการแต่งงานแฝงไว้ด้วยจิตใจที่ให้ความสำคัญกับครอบครัว"",""parts"":[{""label"":""고향의 결혼식 순서·방식"",""anyOf"":[""고향에서"",""제 고향"",""우리 고향"",""저희 고향"",""고향의 결혼"",""고향 마을"",""모국에서"",""저희 나라에서"",""우리 나라에서"",""전통 혼례"",""마을 사람"",""잔치"",""친척들이"",""전통 의상"",""집에서 치""]},{""label"":""인상 깊은 한국 결혼 풍습"",""anyOf"":[""한국에서는"",""한국의 결혼"",""한국 결혼식"",""예식장"",""결혼식장"",""웨딩홀"",""폐백"",""한복"",""주례"",""축의금"",""신혼여행"",""뷔페"",""드레스"",""인상 깊"",""함을 보내"",""축가""]},{""label"":""같은 점과 다른 점 비교"",""anyOf"":[""같은 점"",""다른 점"",""차이"",""비슷"",""공통"",""두 나라 모두"",""두 나라 다"",""두 나라의"",""같지만"",""다르"",""달랐"",""마찬가지"",""반면"",""이와 달리"",""똑같""]},{""label"":""비교하며 느낀 점"",""anyOf"":[""고 느꼈"",""깊이 느꼈"",""느끼게 되"",""느낀 점"",""깨달"",""배우게 되"",""알게 되었"",""소중히"",""담겨 있"",""마음이 담"",""존중해야"",""이해하게 되"",""서로 존중"",""생각하게 되었"",""감사한 마음"",""앞으로도""]}]}"
"wr02","작문","writing","nat","35","{""id"":""wr02"",""category"":""작문"",""type"":""writing"",""q"":""다음 주제로 200자 이내로 글을 쓰세요: 한국 생활에서 겪은 어려움과 그 극복 과정<br>① 한국에서 생활하며 가장 어려웠던 일은 무엇이었는지<br>② 그 어려움이 생긴 까닭은 무엇이었는지<br>③ 그 어려움을 어떤 방법으로 이겨 냈는지<br>④ 그 경험에서 무엇을 배웠고 같은 어려움을 겪는 사람에게 어떤 말을 해 주고 싶은지"",""q_zh"":""请就以下主题写一篇200字以内的短文：在韩国生活中遇到的困难及克服过程<br>① 在韩国生活时最困难的事是什么<br>② 产生这一困难的原因是什么<br>③ 你用什么方法克服了这一困难<br>④ 你从中学到了什么，想对遇到同样困难的人说些什么"",""guide"":""네 갈래를 한 편의 글로 이어 쓰세요. ①②는 합쳐서 두 문장, ③은 두 문장, ④는 한 문장으로 배분하면 200자에 맞습니다. 어려움 → 원인 → 극복 방법(도움을 준 사람이나 제도를 구체적으로) → 배운 점과 조언 순으로 쓰고, '-습니다' 체를 지킵니다."",""guide_zh"":""把四个部分连成一篇文章。①②合起来写两句，③写两句，④写一句，正好200字左右。按 困难 → 原因 → 克服方法（具体写出帮助你的人或制度）→ 收获与建议 的顺序来写，并保持敬语体（-습니다）。"",""model"":""한국에 처음 왔을 때 가장 어려웠던 일은 관공서에서 서류를 처리하는 일이었습니다. 안내문에 어려운 한자어가 많아 무슨 뜻인지 알 수 없었기 때문입니다. 저는 사회통합프로그램에서 한국어를 배우고, 외국인주민지원센터의 통역 도움을 받아 하나씩 해결했습니다. 이 일을 통해 혼자 참지 말고 제도를 찾아 활용해야 한다는 것을 배웠습니다."",""model_zh"":""我在韩国最困难的事是在政府机关办理各种材料。因为通知书上有很多难懂的汉字词，我看不明白是什么意思。于是我在社会统合项目里学习韩语，并借助外国人居民支援中心的翻译帮助，一件件地解决了问题。通过这件事我明白了：不要一个人硬撑，应该主动去找并利用相关制度。"",""q_vi"":""Hãy viết một đoạn văn không quá 200 chữ về chủ đề sau: Khó khăn gặp phải trong cuộc sống ở Hàn Quốc và quá trình vượt qua<br>① Điều khó khăn nhất khi sinh sống ở Hàn Quốc là gì<br>② Nguyên nhân dẫn đến khó khăn đó là gì<br>③ Bạn đã vượt qua khó khăn đó bằng cách nào<br>④ Bạn học được gì từ trải nghiệm đó và muốn nói gì với người đang gặp khó khăn tương tự"",""guide_vi"":""Hãy nối bốn ý thành một bài văn. Gộp ① và ② thành hai câu, ③ hai câu, ④ một câu thì vừa 200 chữ. Viết theo thứ tự: khó khăn → nguyên nhân → cách vượt qua (nêu cụ thể người hoặc chế độ đã giúp bạn) → bài học và lời khuyên, và giữ văn phong lịch sự '-습니다'."",""model_vi"":""Điều khó khăn nhất với tôi ở Hàn Quốc là làm giấy tờ ở cơ quan hành chính. Vì trong tờ hướng dẫn có nhiều từ Hán Hàn khó nên tôi không hiểu nghĩa là gì. Tôi đã học tiếng Hàn ở Chương trình Hòa nhập Xã hội và nhờ sự hỗ trợ phiên dịch của Trung tâm Hỗ trợ Cư dân Nước ngoài để giải quyết từng việc một. Qua chuyện này tôi học được rằng không nên một mình chịu đựng mà phải tìm và tận dụng các chế độ hỗ trợ."",""q_th"":""จงเขียนเรียงความตามหัวข้อต่อไปนี้ภายใน 200 ตัวอักษร: ความยากลำบากในการใช้ชีวิตที่เกาหลีและกระบวนการเอาชนะ<br>① สิ่งที่ยากที่สุดในการใช้ชีวิตอยู่ในเกาหลีคืออะไร<br>② สาเหตุที่เกิดความยากลำบากนั้นคืออะไร<br>③ คุณเอาชนะความยากลำบากนั้นด้วยวิธีใด<br>④ คุณได้เรียนรู้อะไรจากประสบการณ์นั้น และอยากบอกอะไรกับคนที่กำลังเจอปัญหาเดียวกัน"",""guide_th"":""เขียนทั้งสี่ประเด็นต่อเนื่องเป็นเรียงความชิ้นเดียว รวม ① กับ ② เป็นสองประโยค ③ สองประโยค และ ④ หนึ่งประโยค จะพอดี 200 ตัวอักษร เขียนตามลำดับ ความยากลำบาก → สาเหตุ → วิธีเอาชนะ (ระบุคนหรือระบบที่ช่วยเหลืออย่างเป็นรูปธรรม) → สิ่งที่ได้เรียนรู้และคำแนะนำ และรักษาสำนวนสุภาพ '-습니다'"",""model_th"":""สิ่งที่ยากที่สุดสำหรับฉันในเกาหลีคือการดำเนินเรื่องเอกสารที่หน่วยงานราชการ เพราะในเอกสารแนะนำมีคำศัพท์จีน-เกาหลีที่ยากอยู่มาก ฉันจึงไม่เข้าใจความหมาย ฉันได้เรียนภาษาเกาหลีในโครงการบูรณาการทางสังคม และขอความช่วยเหลือด้านล่ามจากศูนย์สนับสนุนผู้พำนักชาวต่างชาติ แล้วแก้ปัญหาไปทีละอย่าง จากเรื่องนี้ฉันได้เรียนรู้ว่าอย่าอดทนอยู่คนเดียว แต่ควรค้นหาและใช้ประโยชน์จากระบบที่มีอยู่"",""parts"":[{""label"":""가장 어려웠던 일"",""anyOf"":[""가장 어려"",""어려웠던 일"",""어려움은"",""힘들었"",""힘든 일"",""가장 힘든"",""고생"",""막막"",""외로웠"",""한국에 처음 왔"",""처음 왔을 때"",""의사소통"",""말이 통하지"",""차별"",""낯설고""]},{""label"":""어려움이 생긴 까닭"",""anyOf"":[""때문"",""까닭"",""이유는"",""원인"",""서툴"",""몰라서"",""몰랐기"",""모르기"",""달라서"",""없었기"",""부족해서"",""익숙하지 않"",""탓에"",""처음이라"",""경험이 없""]},{""label"":""극복 방법"",""anyOf"":[""극복"",""이겨"",""해결"",""도움을 받"",""물어보"",""연습"",""노력했"",""열심히 공부"",""공부했"",""공부하며"",""수업"",""학원"",""센터"",""프로그램"",""상담"",""하나씩""]},{""label"":""배운 점과 조언"",""anyOf"":[""것을 배웠"",""점을 배웠"",""일을 통해"",""경험을 통해"",""깨달"",""배운 점"",""조언"",""말해 주고 싶"",""말하고 싶"",""포기하지"",""용기"",""힘내"",""혼자 참지"",""도전해 보"",""권하고 싶"",""앞으로""]}]}"
"wr03","작문","writing","nat","36","{""id"":""wr03"",""category"":""작문"",""type"":""writing"",""q"":""다음 주제로 200자 이내로 글을 쓰세요: 내가 생각하는 좋은 이웃<br>① 내가 생각하는 좋은 이웃은 어떤 사람인지<br>② 오늘날 우리 사회에 좋은 이웃이 왜 필요한지<br>③ 좋은 이웃이 되기 위해 내가 실천하고 있는 일은 무엇인지<br>④ 그런 실천이 지역 사회를 어떻게 바꿀 수 있다고 생각하는지"",""q_zh"":""请就以下主题写一篇200字以内的短文：我心目中的好邻居<br>① 我认为的好邻居是怎样的人<br>② 当今社会为什么需要好邻居<br>③ 为成为好邻居，我正在实践哪些事<br>④ 你认为这样的实践能如何改变社区"",""guide"":""정의(①) → 필요성(②) → 실천(③) → 사회적 효과(④)를 한 편의 글로 이어 쓰세요. ①②에 각각 한 문장, ③에 두 문장, ④에 한 문장이면 200자에 맞습니다. ③은 인사·소음·분리수거처럼 구체적으로 쓰고, '-습니다' 체를 지킵니다."",""guide_zh"":""把 定义（①）→ 必要性（②）→ 实践（③）→ 社会效果（④）连成一篇文章。①②各一句，③两句，④一句，正好200字左右。③要写得具体，如打招呼、噪音、垃圾分类等，并保持敬语体（-습니다）。"",""model"":""제가 생각하는 좋은 이웃은 서로 배려하며 필요할 때 먼저 손을 내미는 사람입니다. 요즘은 아파트 생활이 늘어 이웃끼리 얼굴도 모르는 일이 많아 이런 이웃이 더 필요합니다. 저는 만나면 먼저 인사하고, 분리수거와 층간 소음 규칙을 잘 지키려고 노력합니다. 이런 작은 실천이 쌓이면 우리 지역이 더 안전하고 따뜻한 곳이 된다고 생각합니다."",""model_zh"":""我认为的好邻居，是彼此体谅、在别人需要时主动伸出援手的人。如今住公寓的人越来越多，邻里之间常常连面都不认识，所以更需要这样的邻居。我见面时会主动打招呼，也努力遵守垃圾分类和楼层噪音的规定。我认为这些小小的实践积累起来，我们社区就会变成更安全、更温暖的地方。"",""q_vi"":""Hãy viết một đoạn văn không quá 200 chữ về chủ đề sau: Người hàng xóm tốt theo suy nghĩ của tôi<br>① Người hàng xóm tốt theo bạn là người như thế nào<br>② Vì sao xã hội ngày nay cần những người hàng xóm tốt<br>③ Bạn đang làm những gì để trở thành người hàng xóm tốt<br>④ Bạn nghĩ những việc làm đó có thể thay đổi cộng đồng địa phương ra sao"",""guide_vi"":""Hãy nối định nghĩa (①) → sự cần thiết (②) → việc thực hiện (③) → hiệu quả xã hội (④) thành một bài văn liền mạch. Mỗi ý ① và ② một câu, ③ hai câu, ④ một câu là vừa 200 chữ. Ý ③ nên viết cụ thể như chào hỏi, tiếng ồn, phân loại rác, và giữ văn phong '-습니다'."",""model_vi"":""Người hàng xóm tốt theo tôi là người biết quan tâm lẫn nhau và chủ động chìa tay ra khi cần. Ngày nay nhiều người sống ở chung cư nên hàng xóm thường không biết mặt nhau, vì vậy càng cần những người hàng xóm như thế. Khi gặp nhau tôi luôn chào hỏi trước, và cố gắng tuân thủ quy định phân loại rác cũng như tiếng ồn giữa các tầng. Tôi nghĩ khi những việc nhỏ này tích lũy lại, khu vực chúng tôi sẽ trở thành nơi an toàn và ấm áp hơn."",""q_th"":""จงเขียนเรียงความตามหัวข้อต่อไปนี้ภายใน 200 ตัวอักษร: เพื่อนบ้านที่ดีในความคิดของฉัน<br>① เพื่อนบ้านที่ดีในความคิดของคุณคือคนแบบไหน<br>② เหตุใดสังคมทุกวันนี้จึงต้องการเพื่อนบ้านที่ดี<br>③ คุณกำลังลงมือทำสิ่งใดเพื่อเป็นเพื่อนบ้านที่ดี<br>④ คุณคิดว่าการปฏิบัติเช่นนั้นจะเปลี่ยนชุมชนท้องถิ่นได้อย่างไร"",""guide_th"":""เชื่อม คำนิยาม (①) → ความจำเป็น (②) → การลงมือทำ (③) → ผลต่อสังคม (④) เป็นเรียงความชิ้นเดียว ① และ ② อย่างละหนึ่งประโยค ③ สองประโยค ④ หนึ่งประโยค จะพอดี 200 ตัวอักษร ประเด็น ③ ควรเขียนอย่างเป็นรูปธรรม เช่น การทักทาย เสียงดัง การแยกขยะ และรักษาสำนวน '-습니다'"",""model_th"":""เพื่อนบ้านที่ดีในความคิดของฉันคือคนที่เอื้ออาทรต่อกันและยื่นมือช่วยเหลือก่อนเมื่อมีความจำเป็น ทุกวันนี้คนอยู่อพาร์ตเมนต์กันมากขึ้น เพื่อนบ้านจึงมักไม่รู้จักหน้ากันด้วยซ้ำ เราจึงยิ่งต้องการเพื่อนบ้านแบบนี้ เมื่อพบกันฉันจะทักทายก่อน และพยายามปฏิบัติตามกฎการแยกขยะและเรื่องเสียงรบกวนระหว่างชั้นอย่างเคร่งครัด ฉันคิดว่าเมื่อการปฏิบัติเล็ก ๆ เช่นนี้สะสมกันไป ชุมชนของเราจะกลายเป็นที่ที่ปลอดภัยและอบอุ่นยิ่งขึ้น"",""parts"":[{""label"":""좋은 이웃의 정의"",""anyOf"":[""좋은 이웃은"",""좋은 이웃이란"",""제가 생각하는 좋은"",""서로 배려하며"",""배려하는 사람"",""친절한 사람"",""존중하는 사람"",""서로 돕는 사람"",""도와주는 사람"",""마음이 넓"",""믿을 수 있는 사람"",""관심을 가져 주"",""먼저 손을"",""이해해 주는 사람"",""정이 많"",""챙겨 주는 사람""]},{""label"":""좋은 이웃이 필요한 까닭"",""anyOf"":[""필요합니다"",""필요하기 때문"",""필요성"",""더 필요"",""꼭 필요"",""요즘처럼"",""오늘날"",""현대 사회"",""아파트"",""혼자 사는"",""1인 가구"",""바빠서"",""단절"",""얼굴도 모르"",""무관심"",""위급할 때""]},{""label"":""내가 실천하는 일"",""anyOf"":[""먼저 인사"",""인사하고"",""분리수거"",""층간 소음"",""소음을"",""규칙을 지"",""쓰레기"",""지키려고 노력"",""노력합니다"",""노력했"",""실천하고 있"",""도와드리"",""나누어 먹"",""반상회"",""봉사"",""엘리베이터""]},{""label"":""지역 사회의 변화"",""anyOf"":[""우리 지역"",""지역이 더"",""마을이 된"",""동네가 된"",""사회가 된"",""안전하고"",""더 안전"",""따뜻한 곳"",""따뜻한 동네"",""더 따뜻한 사회"",""살기 좋은 곳"",""좋아진다고"",""바뀐다고"",""달라질"",""공동체"",""신뢰""]}]}"
"wr04","작문","writing","nat","37","{""id"":""wr04"",""category"":""작문"",""type"":""writing"",""q"":""다음 주제로 200자 이내로 글을 쓰세요: 귀화하려는 이유와 대한민국 국민으로서의 다짐<br>① 한국으로 귀화하려는 이유는 무엇인지<br>② 지금까지 한국에서 어떻게 생활해 왔는지<br>③ 대한민국 국민이 되면 어떤 의무와 책임을 지켜야 한다고 생각하는지<br>④ 귀화한 뒤 한국 사회를 위해 무엇을 하고 싶은지"",""q_zh"":""请就以下主题写一篇200字以内的短文：想要归化韩国的理由与作为大韩民国国民的决心<br>① 想要归化韩国的理由是什么<br>② 至今为止你在韩国是怎样生活的<br>③ 成为大韩民国国民后，你认为应当履行哪些义务和责任<br>④ 归化之后你想为韩国社会做些什么"",""guide"":""이유(①) → 지금까지의 생활(②) → 국민의 의무와 책임(③) → 앞으로의 다짐(④)을 한 편의 글로 이어 쓰세요. 각 갈래에 한두 문장씩 배분합니다. ③에는 준법·납세·교육 같은 국민의 의무를 구체적으로 담고, '-습니다' 체로 진지하게 씁니다."",""guide_zh"":""把 理由（①）→ 迄今的生活（②）→ 国民的义务与责任（③）→ 今后的决心（④）连成一篇文章，每部分写一两句。③要具体写出守法、纳税、教育等国民义务，并用敬语体（-습니다）郑重地写。"",""model"":""제가 귀화를 결심한 이유는 한국에서 가족과 함께 평생 살아가고 싶기 때문입니다. 저는 십 년 동안 이곳에서 일하며 세금을 내고 이웃과 어울려 살아왔습니다. 대한민국 국민이 되면 헌법과 법률을 지키고 납세와 자녀 교육의 의무를 성실히 이행하겠습니다. 나아가 낯선 곳에 온 이주민을 돕는 봉사로 한국 사회에 보답하고 싶습니다."",""model_zh"":""我决定归化的理由，是想和家人在韩国生活一辈子。十年来我在这里工作、缴纳税款，并与邻居和睦相处。成为大韩民国国民后，我会遵守宪法和法律，认真履行纳税和子女教育的义务。进而，我想通过帮助初到异乡的移民的志愿服务，来回报韩国社会。"",""q_vi"":""Hãy viết một đoạn văn không quá 200 chữ về chủ đề sau: Lý do muốn nhập quốc tịch và quyết tâm với tư cách công dân Đại Hàn Dân Quốc<br>① Lý do bạn muốn nhập quốc tịch Hàn Quốc là gì<br>② Từ trước đến nay bạn đã sống ở Hàn Quốc như thế nào<br>③ Khi trở thành công dân Đại Hàn Dân Quốc, bạn nghĩ mình phải giữ những nghĩa vụ và trách nhiệm nào<br>④ Sau khi nhập quốc tịch, bạn muốn làm gì cho xã hội Hàn Quốc"",""guide_vi"":""Hãy nối lý do (①) → cuộc sống từ trước đến nay (②) → nghĩa vụ và trách nhiệm công dân (③) → quyết tâm sắp tới (④) thành một bài văn, mỗi ý một đến hai câu. Ý ③ nên nêu cụ thể các nghĩa vụ công dân như tuân thủ pháp luật, nộp thuế, giáo dục, và viết nghiêm túc bằng văn phong '-습니다'."",""model_vi"":""Lý do tôi quyết định nhập quốc tịch là vì tôi muốn sống trọn đời cùng gia đình ở Hàn Quốc. Suốt mười năm qua tôi đã làm việc, nộp thuế và hòa thuận với hàng xóm tại đây. Khi trở thành công dân Đại Hàn Dân Quốc, tôi sẽ tuân thủ Hiến pháp và pháp luật, thực hiện nghiêm túc nghĩa vụ nộp thuế và giáo dục con cái. Hơn nữa, tôi muốn báo đáp xã hội Hàn Quốc bằng việc tình nguyện giúp đỡ những người nhập cư mới đến nơi xa lạ."",""q_th"":""จงเขียนเรียงความตามหัวข้อต่อไปนี้ภายใน 200 ตัวอักษร: เหตุผลที่ต้องการแปลงสัญชาติและความมุ่งมั่นในฐานะพลเมืองสาธารณรัฐเกาหลี<br>① เหตุผลที่ต้องการแปลงสัญชาติเป็นเกาหลีคืออะไร<br>② ที่ผ่านมาคุณใช้ชีวิตอยู่ในเกาหลีอย่างไร<br>③ เมื่อเป็นพลเมืองสาธารณรัฐเกาหลี คุณคิดว่าต้องรักษาหน้าที่และความรับผิดชอบใดบ้าง<br>④ หลังแปลงสัญชาติแล้ว คุณอยากทำอะไรเพื่อสังคมเกาหลี"",""guide_th"":""เชื่อม เหตุผล (①) → ชีวิตที่ผ่านมา (②) → หน้าที่และความรับผิดชอบของพลเมือง (③) → ความมุ่งมั่นต่อไป (④) เป็นเรียงความชิ้นเดียว แต่ละประเด็นหนึ่งถึงสองประโยค ประเด็น ③ ควรระบุหน้าที่พลเมืองอย่างเป็นรูปธรรม เช่น การเคารพกฎหมาย การเสียภาษี การศึกษา และเขียนอย่างจริงจังด้วยสำนวน '-습니다'"",""model_th"":""เหตุผลที่ฉันตัดสินใจแปลงสัญชาติคือฉันอยากใช้ชีวิตอยู่กับครอบครัวในเกาหลีไปตลอดชีวิต ตลอดสิบปีที่ผ่านมาฉันทำงานที่นี่ เสียภาษี และอยู่ร่วมกับเพื่อนบ้านอย่างกลมเกลียว เมื่อได้เป็นพลเมืองสาธารณรัฐเกาหลี ฉันจะเคารพรัฐธรรมนูญและกฎหมาย และปฏิบัติหน้าที่การเสียภาษีและการให้การศึกษาแก่บุตรอย่างซื่อสัตย์ ยิ่งไปกว่านั้น ฉันอยากตอบแทนสังคมเกาหลีด้วยการเป็นอาสาสมัครช่วยเหลือผู้ย้ายถิ่นที่เพิ่งมาสู่ที่แปลกถิ่น"",""parts"":[{""label"":""귀화하려는 이유"",""anyOf"":[""귀화를 결심"",""귀화하려는 이유"",""귀화하고 싶"",""귀화를 신청"",""결심한 이유"",""이유는"",""평생 살"",""정착하"",""뿌리를 내리"",""계속 살고 싶"",""한국 국적"",""국적을 얻"",""제2의 고향"",""가족과 함께 살"",""살고 싶기 때문""]},{""label"":""지금까지의 한국 생활"",""anyOf"":[""년 동안"",""그동안"",""살아왔"",""살았습니다"",""살고 있"",""지내고 있"",""생활해 왔"",""일하며"",""일해 왔"",""직장"",""회사"",""식당"",""아이를 키"",""자녀를 키"",""졸업"",""세금을 내고""]},{""label"":""국민의 의무와 책임"",""anyOf"":[""의무"",""책임"",""헌법"",""법률"",""준법"",""법을 지"",""납세"",""세금을 내야"",""국방"",""자녀 교육"",""질서"",""투표"",""선거"",""지켜야"",""성실히 이행""]},{""label"":""귀화 후 하고 싶은 일"",""anyOf"":[""앞으로"",""봉사"",""돕는"",""돕고 싶"",""도우며"",""도움이 되고 싶"",""보답"",""기여"",""이바지"",""다짐"",""노력하겠"",""살아가겠"",""힘쓰겠"",""통역"",""이주민"",""다문화""]}]}"
"g195","작문","writing","nat","212","{""id"":""g195"",""category"":""작문"",""type"":""writing"",""q"":""다음 주제로 200자 이내로 글을 쓰세요: 처음에는 낯설었지만 지금은 익숙해진 한국의 생활 문화나 예절<br>① 어떤 생활 문화나 예절인지(식사 예절, 존댓말, 쓰레기 분리수거 등)<br>② 처음에 그것이 왜 낯설게 느껴졌는지<br>③ 어떤 과정을 거쳐 익숙해졌는지<br>④ 지금은 그 문화에 어떤 의미가 담겨 있다고 생각하는지"",""q_zh"":""请就以下主题写一篇200字以内的短文：起初陌生、如今已经习惯的韩国生活文化或礼节<br>① 是哪一种生活文化或礼节（餐桌礼仪、敬语、垃圾分类等）<br>② 起初为什么会觉得陌生<br>③ 经过怎样的过程才习惯下来<br>④ 现在你认为这种文化蕴含着怎样的意义"",""guide"":""대상(①) → 낯설었던 까닭(②) → 익숙해진 과정(③) → 그 문화의 의미(④)를 한 편의 글로 이어 쓰세요. ①은 한 문장으로 짧게 밝히고 ②③에 두세 문장, ④에 한 문장을 배분합니다. ④에서 '왜 그렇게 하는가'까지 설명해야 깊이 있는 답이 되며, '-습니다' 체로 씁니다."",""guide_zh"":""把 对象（①）→ 感到陌生的原因（②）→ 习惯的过程（③）→ 这种文化的意义（④）连成一篇文章。①用一句话简短点明，②③写两三句，④写一句。④要说明“为什么要这样做”，答案才有深度，并使用敬语体（-습니다）。"",""model"":""제가 처음에 가장 낯설었던 것은 쓰레기 분리수거였습니다. 고향에서는 한곳에 모아 버렸기 때문에 종류마다 나누고 음식물을 따로 담는 일이 몹시 번거로웠습니다. 저는 배출 안내문을 사진으로 찍어 붙여 두고 이웃에게 물어 가며 하나씩 익혔습니다. 지금은 분리수거가 자원을 다시 쓰고 환경을 지키자는 약속임을 알게 되어 스스로 지키고 있습니다."",""model_zh"":""我起初最不习惯的是垃圾分类。在家乡都是集中扔到一处，所以按种类分开、把厨余单独装起来的做法让我觉得非常麻烦。我把投放指南拍成照片贴起来，一边向邻居请教一边一点点学会。如今我明白了，垃圾分类是为了让资源重新利用、保护环境的约定，所以我会自觉遵守。"",""q_vi"":""Hãy viết một đoạn văn không quá 200 chữ về chủ đề sau: Nét văn hóa sinh hoạt hay phép tắc của Hàn Quốc lúc đầu thấy xa lạ nhưng nay đã quen<br>① Đó là nét văn hóa sinh hoạt hay phép tắc nào (phép tắc ăn uống, kính ngữ, phân loại rác…)<br>② Vì sao lúc đầu bạn thấy điều đó xa lạ<br>③ Bạn đã trải qua quá trình nào để trở nên quen thuộc<br>④ Bây giờ bạn nghĩ nét văn hóa đó chứa đựng ý nghĩa gì"",""guide_vi"":""Hãy nối đối tượng (①) → lý do thấy xa lạ (②) → quá trình trở nên quen (③) → ý nghĩa của nét văn hóa đó (④) thành một bài văn. Nêu ngắn gọn ① trong một câu, dành hai ba câu cho ② và ③, một câu cho ④. Ở ④ cần giải thích cả 'vì sao người ta làm như vậy' thì bài mới sâu sắc, và viết bằng văn phong '-습니다'."",""model_vi"":""Điều lúc đầu tôi thấy xa lạ nhất là việc phân loại rác. Ở quê tôi mọi thứ đều gom bỏ chung một chỗ, nên việc tách riêng từng loại và đựng riêng rác thực phẩm khiến tôi thấy vô cùng phiền phức. Tôi đã chụp ảnh tờ hướng dẫn đổ rác rồi dán lên, vừa hỏi hàng xóm vừa học dần từng thứ. Giờ đây tôi hiểu phân loại rác là lời hẹn cùng nhau tái sử dụng tài nguyên và bảo vệ môi trường, nên tôi tự giác thực hiện."",""q_th"":""จงเขียนเรียงความตามหัวข้อต่อไปนี้ภายใน 200 ตัวอักษร: วัฒนธรรมการใช้ชีวิตหรือมารยาทของเกาหลีที่ตอนแรกไม่คุ้นแต่ตอนนี้คุ้นเคยแล้ว<br>① เป็นวัฒนธรรมการใช้ชีวิตหรือมารยาทเรื่องใด (มารยาทบนโต๊ะอาหาร คำสุภาพ การแยกขยะ ฯลฯ)<br>② ตอนแรกเหตุใดจึงรู้สึกไม่คุ้น<br>③ ผ่านกระบวนการใดจึงคุ้นเคยได้<br>④ ตอนนี้คุณคิดว่าวัฒนธรรมนั้นแฝงความหมายอะไรไว้"",""guide_th"":""เชื่อม สิ่งที่กล่าวถึง (①) → เหตุที่รู้สึกไม่คุ้น (②) → กระบวนการจนคุ้นเคย (③) → ความหมายของวัฒนธรรมนั้น (④) เป็นเรียงความชิ้นเดียว ระบุ ① สั้น ๆ หนึ่งประโยค แบ่ง ② และ ③ สองถึงสามประโยค และ ④ หนึ่งประโยค ในข้อ ④ ต้องอธิบายด้วยว่า 'ทำไมจึงทำเช่นนั้น' คำตอบจึงจะมีความลึก และใช้สำนวน '-습니다'"",""model_th"":""สิ่งที่ตอนแรกฉันรู้สึกไม่คุ้นที่สุดคือการแยกขยะ ที่บ้านเกิดทิ้งรวมไว้ที่เดียว การต้องแยกตามประเภทและใส่เศษอาหารต่างหากจึงยุ่งยากมาก ฉันถ่ายรูปเอกสารแนะนำการทิ้งขยะมาติดไว้ และค่อย ๆ เรียนรู้ทีละอย่างพร้อมกับถามเพื่อนบ้าน ตอนนี้ฉันเข้าใจแล้วว่าการแยกขยะคือข้อตกลงที่จะนำทรัพยากรกลับมาใช้ใหม่และรักษาสิ่งแวดล้อม จึงปฏิบัติตามด้วยตนเอง"",""parts"":[{""label"":""낯설었던 문화·예절"",""anyOf"":[""분리수거"",""쓰레기"",""음식물"",""존댓말"",""높임말"",""식사 예절"",""인사 예절"",""생활 방식"",""생활 습관"",""신발을 벗"",""두 손으로"",""호칭"",""나이를 묻"",""숟가락"",""줄을 서"",""낯설었던 것은""]},{""label"":""낯설게 느껴진 까닭"",""anyOf"":[""때문"",""까닭"",""달라서"",""몰라서"",""없었기"",""이상하"",""어색"",""당황"",""번거"",""불편"",""귀찮"",""적응이 안"",""고향에서는"",""제 고향"",""우리 나라에서는"",""저희 나라에서는""]},{""label"":""익숙해진 과정"",""anyOf"":[""익숙해"",""익혔"",""익히"",""물어"",""알려 주"",""연습"",""조금씩"",""하나씩"",""점점"",""차차"",""따라 하"",""메모"",""적어 두"",""반복"",""배우면서"",""노력했""]},{""label"":""그 문화에 담긴 의미"",""anyOf"":[""의미가"",""의미를"",""뜻이 담"",""뜻을 알"",""담겨 있"",""배려하는 마음"",""존중하는 마음"",""환경"",""자원"",""안전을 위"",""약속"",""위한 것"",""서로를 위"",""이해하게 되"",""임을 알게"",""소중""]}]}"
"g202","작문","writing","nat","213","{""id"":""g202"",""category"":""작문"",""type"":""writing"",""q"":""다음 주제로 200자 이내로 글을 쓰세요: 한국의 명절을 보낸 경험<br>① 어떤 명절을 언제 누구와 함께 보냈는지<br>② 그날 무엇을 먹고 무슨 일을 했는지<br>③ 고향의 명절과 다른 점은 무엇이었는지<br>④ 그 경험을 통해 무엇을 느꼈는지"",""q_zh"":""请就以下主题写一篇200字以内的短文：过韩国传统节日的经历<br>① 你在什么时候、和谁一起过了哪个节日<br>② 那天吃了什么、做了什么<br>③ 与家乡的节日有什么不同<br>④ 通过这次经历你有什么感受"",""guide"":""①은 한 문장으로 명절 이름과 함께한 사람을 밝히고, ②에 음식과 한 일을 두 문장으로 구체적으로 씁니다. ③은 고향 명절과 비교해 한 문장, ④는 느낀 점 한 문장으로 마무리하면 200자에 맞습니다. 네 갈래를 문단 나누지 말고 이어 쓰며 '-습니다' 체를 지킵니다."",""guide_zh"":""①用一句话点明节日名称和一起度过的人，②用两句具体写出吃的食物和做的事。③用一句与家乡节日作比较，④用一句写感受收尾，正好200字左右。四个部分不要分段，要连着写，并保持敬语体（-습니다）。"",""model"":""저는 지난 추석에 시댁에서 온 가족과 함께 명절을 보냈습니다. 아침에는 송편을 빚고 전을 부쳤으며, 차례를 지낸 뒤 어른들께 인사를 드렸습니다. 오후에는 성묘를 다녀왔습니다. 제 고향에도 조상을 기리는 명절이 있지만 차리는 음식과 절하는 방식이 달랐습니다. 나라마다 형식은 달라도 가족이 모여 조상을 기억하는 마음은 같다고 느꼈습니다."",""model_zh"":""上次中秋，我在婆家和全家人一起过了节。早上我们包松饼、煎煎饼，行完茶礼后向长辈们请安。下午还去扫了墓。我的家乡也有祭奠祖先的节日，但摆的食物和行礼的方式不同。我感到，虽然各国形式不同，但家人团聚、缅怀祖先的心意是一样的。"",""q_vi"":""Hãy viết một đoạn văn không quá 200 chữ về chủ đề sau: Trải nghiệm đón ngày lễ tết của Hàn Quốc<br>① Bạn đã đón ngày lễ nào, vào lúc nào và cùng với ai<br>② Hôm đó bạn đã ăn gì và làm những việc gì<br>③ Điểm khác với ngày lễ ở quê hương bạn là gì<br>④ Qua trải nghiệm đó bạn đã cảm nhận điều gì"",""guide_vi"":""Ý ① nêu tên ngày lễ và người cùng đón trong một câu, ý ② viết cụ thể món ăn và việc đã làm trong hai câu. Ý ③ so sánh với ngày lễ quê hương trong một câu, ý ④ kết lại bằng một câu cảm nghĩ là vừa 200 chữ. Không tách đoạn bốn ý mà viết liền mạch, giữ văn phong '-습니다'."",""model_vi"":""Tết Trung thu vừa rồi, tôi đã đón lễ cùng cả nhà bên chồng. Buổi sáng chúng tôi nặn bánh songpyeon và rán bánh jeon, sau khi làm lễ charye thì chào hỏi các bậc trưởng bối. Buổi chiều chúng tôi đi tảo mộ. Ở quê tôi cũng có ngày lễ tưởng nhớ tổ tiên, nhưng món ăn bày biện và cách lạy thì khác. Tôi cảm nhận rằng dù hình thức mỗi nước khác nhau, tấm lòng cả nhà quây quần tưởng nhớ tổ tiên vẫn như nhau."",""q_th"":""จงเขียนเรียงความตามหัวข้อต่อไปนี้ภายใน 200 ตัวอักษร: ประสบการณ์การฉลองเทศกาลของเกาหลี<br>① คุณฉลองเทศกาลใด เมื่อใด และกับใคร<br>② วันนั้นคุณกินอะไรและทำสิ่งใดบ้าง<br>③ จุดที่ต่างจากเทศกาลในบ้านเกิดคืออะไร<br>④ จากประสบการณ์นั้นคุณรู้สึกอย่างไร"",""guide_th"":""ข้อ ① ระบุชื่อเทศกาลและคนที่ฉลองด้วยในหนึ่งประโยค ข้อ ② เขียนอาหารและสิ่งที่ทำอย่างเป็นรูปธรรมสองประโยค ข้อ ③ เปรียบเทียบกับเทศกาลบ้านเกิดหนึ่งประโยค ข้อ ④ ปิดท้ายด้วยความรู้สึกหนึ่งประโยค จะพอดี 200 ตัวอักษร อย่าแบ่งย่อหน้าทั้งสี่ประเด็น ให้เขียนต่อเนื่องกัน และรักษาสำนวน '-습니다'"",""model_th"":""เทศกาลชูซ็อกที่ผ่านมา ฉันฉลองเทศกาลร่วมกับครอบครัวทั้งหมดที่บ้านสามี ตอนเช้าเราปั้นซงพย็อนและทอดจ็อน หลังทำพิธีชารเยแล้วก็ไปคารวะผู้ใหญ่ ตอนบ่ายเราไปไหว้สุสานบรรพบุรุษ ที่บ้านเกิดของฉันก็มีเทศกาลรำลึกถึงบรรพบุรุษเช่นกัน แต่อาหารที่จัดและวิธีกราบต่างกัน ฉันรู้สึกว่าถึงรูปแบบของแต่ละประเทศจะต่างกัน แต่จิตใจที่ครอบครัวมารวมกันเพื่อรำลึกถึงบรรพบุรุษนั้นเหมือนกัน"",""parts"":[{""label"":""명절·시기·함께한 사람"",""anyOf"":[""추석"",""설날"",""설 명절"",""한가위"",""지난해"",""작년"",""올해"",""시댁"",""친정"",""시부모"",""친척"",""남편"",""아내"",""아이들과"",""가족과 함께"",""보냈""]},{""label"":""먹은 음식과 한 일"",""anyOf"":[""송편"",""떡국"",""전을"",""빚고"",""빚었"",""부쳤"",""차례"",""성묘"",""세배"",""제사"",""한복을 입"",""놀이"",""선물"",""요리"",""먹었"",""만들었""]},{""label"":""고향 명절과 다른 점"",""anyOf"":[""고향에도"",""고향에서는"",""고향의 명절"",""고향 명절"",""고향과"",""모국에서는"",""우리 나라에서는"",""다른 점"",""같은 점"",""달랐"",""다르"",""차이"",""비슷"",""반면"",""와 달리"",""대신에""]},{""label"":""경험에서 느낀 점"",""anyOf"":[""고 느꼈"",""느끼게 되"",""느낀 점"",""생각하게 되"",""깨달"",""배웠"",""마음은"",""마음이 들"",""소중"",""따뜻"",""정을"",""같다고"",""이해하게 되"",""감사"",""그리웠"",""앞으로""]}]}"
"g203","작문","writing","nat","214","{""id"":""g203"",""category"":""작문"",""type"":""writing"",""q"":""다음 주제로 200자 이내로 글을 쓰세요: 한국에서 생활하며 가장 인상 깊었던 일<br>① 그 일이 언제 어디서 있었던 일인지<br>② 어떤 일이 있었는지 차례대로<br>③ 그때 어떤 생각과 느낌이 들었는지<br>④ 그 일이 지금의 나에게 어떤 변화를 주었는지"",""q_zh"":""请就以下主题写一篇200字以内的短文：在韩国生活中印象最深的一件事<br>① 这件事发生在何时何地<br>② 事情的经过是怎样的<br>③ 当时你有怎样的想法和感受<br>④ 这件事给现在的你带来了什么变化"",""guide"":""①과 ②를 합쳐 두세 문장으로 상황과 사건을 차례대로 쓰고, ③에 그때의 생각을 한 문장, ④에 지금의 변화를 한 문장으로 씁니다. ④가 있어야 단순한 사건 나열이 아닌 한 편의 글이 됩니다. 시간 순서를 지키고 '-습니다' 체로 씁니다."",""guide_zh"":""把①和②合起来用两三句按顺序写清情境和事件经过，③用一句写当时的想法，④用一句写如今的变化。有了④，文章才不只是罗列事件，而成为完整的一篇。请按时间顺序写，并使用敬语体（-습니다）。"",""model"":""제가 한국에서 가장 인상 깊었던 일은 작년 겨울 지하철에서 지갑을 잃어버린 일입니다. 한참을 찾아도 보이지 않아 걱정했는데, 한 시민이 지갑을 주워 역무실에 맡겨 주었습니다. 저는 다음 날 돈까지 그대로 돌려받았습니다. 그때 서로를 믿는 사회가 얼마나 편안한지 깊이 느꼈습니다. 그 뒤로 저도 어려운 사람을 보면 먼저 다가가게 되었습니다."",""model_zh"":""在韩国让我印象最深的事，是去年冬天我在地铁上丢了钱包。找了半天也没找到，正着急时，一位市民捡到钱包并交到了站务室。第二天我连钱都原封不动地拿了回来。那时我深切体会到，一个彼此信任的社会有多么让人安心。从那以后，看到有困难的人，我也会主动上前帮忙。"",""q_vi"":""Hãy viết một đoạn văn không quá 200 chữ về chủ đề sau: Chuyện để lại ấn tượng sâu sắc nhất trong cuộc sống ở Hàn Quốc<br>① Chuyện đó xảy ra khi nào và ở đâu<br>② Sự việc đã diễn ra theo trình tự như thế nào<br>③ Lúc đó bạn đã suy nghĩ và cảm thấy ra sao<br>④ Chuyện đó đã mang lại thay đổi gì cho bạn hiện nay"",""guide_vi"":""Gộp ① và ② thành hai ba câu, viết theo trình tự tình huống và diễn biến sự việc; ③ viết suy nghĩ lúc đó trong một câu, ④ viết sự thay đổi hiện nay trong một câu. Có ④ thì bài mới là một bài văn hoàn chỉnh chứ không chỉ là liệt kê sự việc. Hãy giữ trình tự thời gian và viết bằng văn phong '-습니다'."",""model_vi"":""Chuyện để lại ấn tượng sâu sắc nhất với tôi ở Hàn Quốc là mùa đông năm ngoái tôi đánh rơi ví trên tàu điện ngầm. Tìm mãi không thấy nên tôi rất lo, nhưng một người dân đã nhặt được ví và gửi lại cho phòng trực nhà ga. Hôm sau tôi nhận lại được ví với đầy đủ cả tiền. Lúc đó tôi thấm thía một xã hội tin tưởng lẫn nhau khiến người ta an tâm đến nhường nào. Từ đó, hễ thấy ai gặp khó khăn là tôi cũng chủ động đến giúp."",""q_th"":""จงเขียนเรียงความตามหัวข้อต่อไปนี้ภายใน 200 ตัวอักษร: เรื่องที่ประทับใจที่สุดจากการใช้ชีวิตในเกาหลี<br>① เรื่องนั้นเกิดขึ้นเมื่อใดและที่ไหน<br>② เหตุการณ์ดำเนินไปตามลำดับอย่างไร<br>③ ตอนนั้นคุณคิดและรู้สึกอย่างไร<br>④ เรื่องนั้นทำให้ตัวคุณในวันนี้เปลี่ยนไปอย่างไร"",""guide_th"":""รวม ① กับ ② เป็นสองถึงสามประโยค เขียนสถานการณ์และเหตุการณ์ตามลำดับ ข้อ ③ เขียนความคิดในตอนนั้นหนึ่งประโยค ข้อ ④ เขียนความเปลี่ยนแปลงในปัจจุบันหนึ่งประโยค เมื่อมีข้อ ④ งานเขียนจึงจะเป็นเรียงความที่สมบูรณ์ ไม่ใช่แค่การไล่เรียงเหตุการณ์ ให้รักษาลำดับเวลาและใช้สำนวน '-습니다'"",""model_th"":""เรื่องที่ประทับใจที่สุดของฉันในเกาหลีคือตอนที่ทำกระเป๋าสตางค์หายบนรถไฟใต้ดินเมื่อฤดูหนาวปีที่แล้ว ฉันหาอยู่นานก็ไม่เจอจึงกังวลมาก แต่มีพลเมืองคนหนึ่งเก็บกระเป๋าไปฝากไว้ที่ห้องเจ้าหน้าที่สถานี วันรุ่งขึ้นฉันได้รับคืนโดยที่เงินยังอยู่ครบ ตอนนั้นฉันซาบซึ้งอย่างลึกซึ้งว่าสังคมที่ไว้ใจกันทำให้อุ่นใจเพียงใด นับแต่นั้นมาเมื่อเห็นคนลำบาก ฉันก็เข้าไปหาก่อนเช่นกัน"",""parts"":[{""label"":""언제 어디서 있었던 일"",""anyOf"":[""작년"",""지난해"",""올해"",""몇 년 전"",""처음 왔을 때"",""겨울"",""여름"",""가을"",""봄에"",""지하철"",""버스"",""시장"",""병원"",""학교"",""회사"",""동네""]},{""label"":""있었던 일의 전개"",""anyOf"":[""잃어버"",""도와주었"",""도와주셨"",""주워"",""맡겨"",""돌려주"",""돌려받"",""갑자기"",""그런데"",""다음 날"",""시민"",""아주머니"",""아저씨"",""기사님"",""선생님"",""사고""]},{""label"":""그때의 생각과 느낌"",""anyOf"":[""느낌이"",""깊이 느꼈"",""고 느꼈"",""생각이 들"",""고마웠"",""감사했"",""놀랐"",""감동"",""걱정"",""기뻤"",""든든"",""따뜻"",""편안"",""미안"",""부끄"",""뭉클""]},{""label"":""지금의 나에게 준 변화"",""anyOf"":[""그 뒤로"",""그 후로"",""그때부터"",""이제는"",""지금은"",""달라졌"",""바뀌었"",""변했"",""노력하게 되"",""먼저 다가"",""실천하게 되"",""생각하게 되"",""살게 되"",""도우며"",""돕게 되"",""관심을 갖게""]}]}"
"g204","작문","writing","nat","215","{""id"":""g204"",""category"":""작문"",""type"":""writing"",""q"":""다음 주제로 200자 이내로 글을 쓰세요: 한국어를 배우면서 겪은 경험과 실력을 늘리는 방법<br>① 한국어를 언제부터 왜 배우기 시작했는지<br>② 배우면서 가장 어려웠던 점은 무엇이었는지<br>③ 실력을 늘리기 위해 어떤 방법으로 노력하고 있는지<br>④ 앞으로 한국어로 이루고 싶은 목표는 무엇인지"",""q_zh"":""请就以下主题写一篇200字以内的短文：学习韩语的经历与提高水平的方法<br>① 你从什么时候、为什么开始学韩语<br>② 学习过程中最困难的是什么<br>③ 你用哪些方法努力提高水平<br>④ 今后你想用韩语实现什么目标"",""guide"":""시작 계기(①) → 어려웠던 점(②) → 공부 방법(③) → 앞으로의 목표(④) 순으로 한 편의 글로 이어 쓰세요. ①②에 각각 한 문장, ③에 두 문장, ④에 한 문장이면 200자에 맞습니다. ③은 방법을 두 가지 이상 구체적으로 들고, '-습니다' 체로 씁니다."",""guide_zh"":""按 学习契机（①）→ 困难之处（②）→ 学习方法（③）→ 今后目标（④）的顺序连成一篇文章。①②各一句，③两句，④一句，正好200字左右。③要具体举出两种以上方法，并使用敬语体（-습니다）。"",""model"":""저는 결혼해서 한국에 온 뒤 가족과 마음을 나누고 싶어 한국어를 배우기 시작했습니다. 배우면서 가장 어려웠던 점은 받침 발음과 상황에 따라 달라지는 높임말이었습니다. 그래서 사회통합프로그램 수업을 꾸준히 듣고, 뉴스를 소리 내어 읽으며 새 단어를 공책에 정리하고 있습니다. 앞으로는 자격증을 따서 통역 봉사를 하는 것이 저의 목표입니다."",""model_zh"":""我结婚来到韩国后，因为想和家人交心，便开始学习韩语。学习中最难的是收音的发音，以及随场合变化的敬语。因此我坚持上社会统合项目的课，还朗读新闻，把新单词整理到笔记本上。今后我的目标是考取资格证，去做翻译志愿服务。"",""q_vi"":""Hãy viết một đoạn văn không quá 200 chữ về chủ đề sau: Trải nghiệm học tiếng Hàn và cách nâng cao năng lực<br>① Bạn bắt đầu học tiếng Hàn từ khi nào và vì sao<br>② Điều khó khăn nhất trong quá trình học là gì<br>③ Bạn đang nỗ lực nâng cao năng lực bằng những cách nào<br>④ Mục tiêu bạn muốn đạt được bằng tiếng Hàn trong tương lai là gì"",""guide_vi"":""Hãy nối theo thứ tự: lý do bắt đầu (①) → điểm khó (②) → phương pháp học (③) → mục tiêu sắp tới (④) thành một bài văn. Mỗi ý ① và ② một câu, ③ hai câu, ④ một câu là vừa 200 chữ. Ý ③ nên nêu cụ thể từ hai phương pháp trở lên, và viết bằng văn phong '-습니다'."",""model_vi"":""Sau khi kết hôn và sang Hàn Quốc, tôi bắt đầu học tiếng Hàn vì muốn chia sẻ tâm tình với gia đình. Điều khó nhất khi học là cách phát âm phụ âm cuối và lối kính ngữ thay đổi tùy hoàn cảnh. Vì vậy tôi đều đặn theo học lớp của Chương trình Hòa nhập Xã hội, đọc to bản tin và ghi từ mới vào sổ tay. Mục tiêu sắp tới của tôi là lấy chứng chỉ và làm tình nguyện viên phiên dịch."",""q_th"":""จงเขียนเรียงความตามหัวข้อต่อไปนี้ภายใน 200 ตัวอักษร: ประสบการณ์การเรียนภาษาเกาหลีและวิธีพัฒนาทักษะ<br>① คุณเริ่มเรียนภาษาเกาหลีตั้งแต่เมื่อใดและเพราะเหตุใด<br>② สิ่งที่ยากที่สุดระหว่างเรียนคืออะไร<br>③ คุณพยายามพัฒนาทักษะด้วยวิธีใดบ้าง<br>④ เป้าหมายที่อยากทำให้สำเร็จด้วยภาษาเกาหลีในอนาคตคืออะไร"",""guide_th"":""เขียนต่อเนื่องเป็นเรียงความชิ้นเดียวตามลำดับ เหตุที่เริ่มเรียน (①) → จุดที่ยาก (②) → วิธีเรียน (③) → เป้าหมายต่อไป (④) ① และ ② อย่างละหนึ่งประโยค ③ สองประโยค ④ หนึ่งประโยค จะพอดี 200 ตัวอักษร ข้อ ③ ควรยกวิธีอย่างเป็นรูปธรรมตั้งแต่สองวิธีขึ้นไป และใช้สำนวน '-습니다'"",""model_th"":""หลังจากแต่งงานและย้ายมาเกาหลี ฉันเริ่มเรียนภาษาเกาหลีเพราะอยากแบ่งปันความรู้สึกกับครอบครัว สิ่งที่ยากที่สุดระหว่างเรียนคือการออกเสียงตัวสะกดและคำยกย่องที่เปลี่ยนไปตามสถานการณ์ ฉันจึงเข้าเรียนโครงการบูรณาการทางสังคมอย่างสม่ำเสมอ อ่านข่าวออกเสียงดัง และจดคำศัพท์ใหม่ลงสมุด เป้าหมายต่อไปของฉันคือสอบใบรับรองแล้วไปเป็นอาสาสมัครล่าม"",""parts"":[{""label"":""배우기 시작한 시기·계기"",""anyOf"":[""배우기 시작"",""배우기로"",""시작했"",""한국에 온"",""온 뒤"",""결혼해서"",""결혼하고"",""취업하려고"",""일하려고"",""유학"",""전부터"",""처음 왔"",""계기"",""입국"",""나누고 싶어"",""배우고 싶어서""]},{""label"":""가장 어려웠던 점"",""anyOf"":[""어려웠"",""어려운 점"",""힘들었"",""받침"",""억양"",""높임말"",""존댓말"",""문법"",""어휘가"",""띄어쓰기"",""조사가"",""사투리"",""헷갈"",""외우기"",""속담"",""한자어""]},{""label"":""실력을 늘리는 방법"",""anyOf"":[""수업"",""학원"",""프로그램"",""드라마"",""뉴스"",""유튜브"",""읽으며"",""소리 내어"",""새 단어"",""단어를 정리"",""공책"",""메모"",""일기"",""연습"",""대화"",""복습""]},{""label"":""앞으로의 목표"",""anyOf"":[""앞으로"",""목표"",""자격증"",""시험을 준비"",""시험을 보고 싶"",""토픽"",""합격"",""통역"",""도전하고 싶"",""도전하겠"",""계획"",""이루고 싶"",""되고 싶"",""진학"",""봉사""]}]}"
"g205","작문","writing","nat","216","{""id"":""g205"",""category"":""작문"",""type"":""writing"",""q"":""다음 주제로 200자 이내로 글을 쓰세요: 한국에서 나를 도와준 고마운 사람<br>① 그 사람은 누구이고 나와 어떤 관계인지<br>② 어떤 도움을 받았는지 구체적으로<br>③ 그 도움 덕분에 내 생활이 어떻게 달라졌는지<br>④ 그 사람에게 전하고 싶은 말은 무엇인지"",""q_zh"":""请就以下主题写一篇200字以内的短文：在韩国帮助过我的、令我感激的人<br>① 那个人是谁，与你是什么关系<br>② 你具体得到了怎样的帮助<br>③ 多亏这份帮助，你的生活发生了什么变化<br>④ 你想对那个人说些什么"",""guide"":""소개(①) → 받은 도움(②) → 달라진 내 생활(③) → 전하고 싶은 말(④)을 한 편의 글로 이어 쓰세요. ①에 한 문장, ②에 두 문장, ③④에 각각 한 문장이면 200자에 맞습니다. ④는 큰따옴표로 직접 인용하면 마무리가 자연스러우며, '-습니다' 체를 지킵니다."",""guide_zh"":""把 介绍（①）→ 得到的帮助（②）→ 生活的变化（③）→ 想说的话（④）连成一篇文章。①一句，②两句，③④各一句，正好200字左右。④用双引号直接引述，结尾会更自然，并保持敬语体（-습니다）。"",""model"":""한국에서 제게 가장 큰 도움을 주신 분은 같은 동네에 사시는 이웃 어른입니다. 제가 병원 예약과 아이 학교 서류 때문에 힘들어할 때 함께 가서 하나하나 알려 주셨습니다. 어려운 말은 쉬운 말로 바꾸어 설명해 주셨습니다. 덕분에 지금은 혼자서도 관공서 일을 처리할 수 있습니다. 그분께 “늘 건강하세요. 정말 고맙습니다”라고 말씀드리고 싶습니다."",""model_zh"":""在韩国给我最大帮助的，是住在同一个小区的一位长辈邻居。当我为医院预约和孩子的学校材料发愁时，她陪我一起去，一件件地教我。难懂的话，她还会换成简单的说法讲给我听。多亏了她，如今我一个人也能办好政府机关的事。我想对她说：“愿您一直健康，真的非常感谢您。”"",""q_vi"":""Hãy viết một đoạn văn không quá 200 chữ về chủ đề sau: Người đáng quý đã giúp đỡ tôi ở Hàn Quốc<br>① Người đó là ai và có quan hệ thế nào với bạn<br>② Bạn đã nhận được sự giúp đỡ cụ thể như thế nào<br>③ Nhờ sự giúp đỡ đó, cuộc sống của bạn đã thay đổi ra sao<br>④ Bạn muốn nói điều gì với người ấy"",""guide_vi"":""Hãy nối giới thiệu (①) → sự giúp đỡ nhận được (②) → thay đổi trong cuộc sống (③) → lời muốn nói (④) thành một bài văn. Một câu cho ①, hai câu cho ②, mỗi ý ③ và ④ một câu là vừa 200 chữ. Ý ④ nếu trích dẫn trực tiếp trong ngoặc kép thì phần kết sẽ tự nhiên hơn, và giữ văn phong '-습니다'."",""model_vi"":""Người giúp đỡ tôi nhiều nhất ở Hàn Quốc là một bác hàng xóm sống cùng khu phố. Khi tôi chật vật với việc đặt lịch khám bệnh và giấy tờ nhập học của con, bác đã đi cùng và chỉ cho tôi từng việc một. Những từ khó bác còn đổi sang lời dễ hiểu để giải thích. Nhờ vậy, giờ đây một mình tôi cũng có thể xử lý việc ở cơ quan hành chính. Tôi muốn nói với bác rằng: “Chúc bác luôn mạnh khỏe. Cháu thật sự biết ơn bác.”"",""q_th"":""จงเขียนเรียงความตามหัวข้อต่อไปนี้ภายใน 200 ตัวอักษร: บุคคลที่น่าขอบคุณซึ่งช่วยเหลือฉันในเกาหลี<br>① คนคนนั้นเป็นใครและมีความสัมพันธ์อย่างไรกับคุณ<br>② คุณได้รับความช่วยเหลืออะไรบ้างอย่างเป็นรูปธรรม<br>③ ด้วยความช่วยเหลือนั้น ชีวิตของคุณเปลี่ยนไปอย่างไร<br>④ คุณอยากบอกอะไรกับคนคนนั้น"",""guide_th"":""เชื่อม การแนะนำ (①) → ความช่วยเหลือที่ได้รับ (②) → ชีวิตที่เปลี่ยนไป (③) → คำที่อยากบอก (④) เป็นเรียงความชิ้นเดียว ① หนึ่งประโยค ② สองประโยค ③ และ ④ อย่างละหนึ่งประโยค จะพอดี 200 ตัวอักษร ข้อ ④ หากยกคำพูดตรงในเครื่องหมายคำพูดจะปิดท้ายได้อย่างเป็นธรรมชาติ และรักษาสำนวน '-습니다'"",""model_th"":""คนที่ช่วยเหลือฉันมากที่สุดในเกาหลีคือผู้ใหญ่ที่เป็นเพื่อนบ้านในละแวกเดียวกัน ตอนที่ฉันลำบากใจเรื่องการนัดหมายโรงพยาบาลและเอกสารเข้าโรงเรียนของลูก ท่านไปเป็นเพื่อนและสอนให้ทีละอย่าง คำที่ยากท่านก็เปลี่ยนเป็นคำง่าย ๆ อธิบายให้ฟัง ด้วยเหตุนี้ตอนนี้ฉันจึงจัดการเรื่องที่หน่วยงานราชการได้ด้วยตัวเอง ฉันอยากบอกท่านว่า “ขอให้สุขภาพแข็งแรงเสมอนะคะ ขอบคุณจริง ๆ ค่ะ”"",""parts"":[{""label"":""고마운 사람과의 관계"",""anyOf"":[""이웃"",""같은 동네"",""동네에 사"",""선생님"",""사장님"",""친구"",""동료"",""언니"",""아주머니"",""아저씨"",""시어머니"",""남편"",""어른"",""같은 회사"",""분은"",""분입니다""]},{""label"":""받은 도움의 내용"",""anyOf"":[""알려 주"",""가르쳐"",""통역해 주"",""서류"",""병원"",""설명해"",""함께 가"",""챙겨 주"",""소개해"",""빌려"",""일자리"",""데려다"",""돌봐"",""도와주셨습니다"",""해결해 주"",""대신 써 주""]},{""label"":""달라진 내 생활"",""anyOf"":[""덕분에"",""지금은"",""달라졌"",""혼자서도"",""혼자서 할 수 있"",""이제는"",""편해졌"",""자신감"",""할 수 있게 되"",""적응할 수 있"",""좋아졌"",""안심"",""수월"",""두렵지 않"",""익숙해졌"",""잘 지내게""]},{""label"":""전하고 싶은 말"",""anyOf"":[""고맙"",""감사"",""건강하세요"",""전하고 싶"",""말씀드리"",""말하고 싶"",""보답"",""은혜"",""잊지 않"",""행복하세요"",""오래오래"",""갚고 싶"",""존경"",""인사를 드리고"",""고마운 마음을 전"",""복 많이 받으세요""]}]}"
"pa-wri001","작문","writing","pre","393","{""id"":""pa-wri001"",""exam"":""pre"",""category"":""작문"",""type"":""writing"",""q"":""다음 빈칸에 알맞은 말을 한 문장으로 쓰세요. (이유를 나타내는 표현)<br>어제 비가 많이 (    ) 길이 막혔어요."",""q_zh"":""请用恰当的话填入下面的空格，写成一句话。（表示原因的语法）<br>昨天雨下得很大，（    ）路上堵车了。"",""guide"":""원인·이유를 나타내는 '-아서/-어서'를 쓰면 됩니다. 동사 '오다'에 붙여 '와서' 형태로 만드세요. '-니까'도 가능하지만 과거의 자연스러운 원인에는 '-아서/-어서'가 더 잘 어울립니다."",""guide_zh"":""用表示原因的'-아서/-어서'即可。把它接在动词'오다'上，写成'와서'。也可以用'-니까'，但表示过去自然发生的原因时'-아서/-어서'更自然。"",""model"":""어제 비가 많이 와서 길이 막혔어요."",""model_zh"":""昨天雨下得很大，所以路上堵车了。"",""q_vi"":""Hãy viết từ thích hợp vào chỗ trống thành một câu hoàn chỉnh. (Cấu trúc chỉ lý do)<br>Hôm qua trời mưa nhiều ( ) nên đường tắc."",""guide_vi"":""Bạn dùng '-아서/-어서' để chỉ nguyên nhân, lý do là được. Gắn vào động từ 'oda' (đến/mưa rơi) để tạo thành dạng 'waseo'. '-니까' cũng có thể dùng được, nhưng với nguyên nhân tự nhiên trong quá khứ thì '-아서/-어서' phù hợp hơn."",""model_vi"":""Hôm qua trời mưa nhiều nên đường bị tắc."",""q_th"":""จงเขียนคำที่เหมาะสมเติมลงในช่องว่างต่อไปนี้เป็นหนึ่งประโยค (สำนวนที่แสดงเหตุผล)<br>เมื่อวานฝนตก (    ) มากจึงทำให้รถติด"",""guide_th"":""ใช้สำนวน '-아서/-어서' ที่แสดงสาเหตุหรือเหตุผล โดยนำมาผันกับกริยา '오다' (โอดา/ฝนตก, มา) ให้เป็นรูป '와서' (วาซอ) แม้ '-니까' ก็ใช้ได้ แต่สำหรับสาเหตุในอดีตที่เป็นธรรมชาติ การใช้ '-아서/-어서' จะเหมาะสมกว่า"",""model_th"":""เมื่อวานฝนตกหนักเลยรถติด"",""accept"":[""와서"",""왔기 때문에"",""오는 바람에"",""와 가지고"",""오니까"",""왔으니까"",""내려서"",""내리어서"",""내렸기 때문에"",""내리는 바람에"",""내리니까""],""nearMiss"":[""오아서"",""왔어서"",""오어서"",""내리아서""],""hint"":""빈칸은 길이 막힌 '이유'예요. 동사 '오다'에 원인·이유를 나타내는 연결어미를 붙여 보세요.""}"
"pa-wri002","작문","writing","pre","394","{""id"":""pa-wri002"",""exam"":""pre"",""category"":""작문"",""type"":""writing"",""q"":""다음 빈칸에 알맞은 말을 한 문장으로 쓰세요. (양보를 나타내는 표현)<br>아무리 (    ) 약속은 꼭 지키세요."",""q_zh"":""请用恰当的话填入下面的空格，写成一句话。（表示让步的语法）<br>无论（    ），约定一定要遵守。"",""guide"":""'아무리'와 어울리는 양보 표현 '-아도/-어도' 또는 '-더라도'를 쓰세요. 형용사 '바쁘다'를 활용해 '바빠도', '바쁘더라도'처럼 만들면 됩니다."",""guide_zh"":""用与'아무리'搭配的让步语法'-아도/-어도'或'-더라도'。可用形容词'바쁘다'，写成'바빠도'或'바쁘더라도'。"",""model"":""아무리 바빠도 약속은 꼭 지키세요."",""model_zh"":""无论多忙，约定也一定要遵守。"",""q_vi"":""Hãy viết từ thích hợp vào chỗ trống thành một câu hoàn chỉnh. (Cấu trúc chỉ sự nhượng bộ)<br>Dù có ( ) đến đâu thì cũng phải giữ đúng lời hứa."",""guide_vi"":""Hãy dùng cấu trúc nhượng bộ '-아도/-어도' hoặc '-더라도' đi cùng với 'amuri' (dù... đến đâu). Chia tính từ 'bappeuda' (bận) để tạo thành 'bappado', 'bappeudeorado' là được."",""model_vi"":""Dù bận đến đâu thì cũng phải giữ đúng lời hứa."",""q_th"":""จงเขียนคำที่เหมาะสมเติมลงในช่องว่างต่อไปนี้เป็นหนึ่งประโยค (สำนวนที่แสดงการยอมตาม/แม้ว่า)<br>ไม่ว่าจะ (    ) เพียงใด ก็ขอให้รักษาสัญญาให้ได้"",""guide_th"":""ใช้สำนวนแสดงการยอมตาม '-아도/-어도' หรือ '-더라도' ที่เข้ากันกับ '아무리' (อามูรี/ไม่ว่า...เพียงใด) โดยนำคำคุณศัพท์ '바쁘다' (พัพปือดา/ยุ่ง) มาผันให้เป็น '바빠도' (พัพปาโด) หรือ '바쁘더라도' (พัพปือดอราโด)"",""model_th"":""ต่อให้ยุ่งแค่ไหน ก็ต้องรักษาสัญญา"",""accept"":[""바빠도"",""바쁘더라도"",""바쁘다고 해도"",""바쁘다 해도"",""바쁠지라도"",""바쁘시더라도"",""바쁘셔도"",""힘들어도"",""힘들더라도"",""피곤해도"",""피곤하더라도""],""nearMiss"":[""바쁘도"",""바쁘어도"",""바쁘아도"",""바쁘아도요"",""힘들도""],""hint"":""'아무리'와 짝이 되는 양보 표현이 필요해요. 형용사 '바쁘다'는 'ㅡ'가 탈락하는 활용에 주의하세요.""}"
"pa-wri003","작문","writing","pre","395","{""id"":""pa-wri003"",""exam"":""pre"",""category"":""작문"",""type"":""writing"",""q"":""다음 빈칸에 알맞은 말을 한 문장으로 쓰세요. (추측을 나타내는 표현)<br>하늘을 보니 곧 비가 (    )."",""q_zh"":""请用恰当的话填入下面的空格，写成一句话。（表示推测的语法）<br>看天空的样子，马上要（    ）。"",""guide"":""눈으로 보고 짐작하는 추측이므로 '-ㄹ 것 같다' 또는 '-겠-'을 쓰세요. 동사 '오다'를 활용해 '올 것 같아요', '오겠어요'처럼 만들면 됩니다."",""guide_zh"":""因为是看到后做的推测，用'-ㄹ 것 같다'或'-겠-'。用动词'오다'，写成'올 것 같아요'或'오겠어요'即可。"",""model"":""하늘을 보니 곧 비가 올 것 같아요."",""model_zh"":""看天空的样子，马上要下雨了。"",""q_vi"":""Hãy viết từ thích hợp vào chỗ trống thành một câu hoàn chỉnh. (Cấu trúc chỉ sự suy đoán)<br>Nhìn lên trời thì có vẻ sắp ( ) mưa."",""guide_vi"":""Vì đây là suy đoán dựa trên những gì nhìn thấy bằng mắt nên hãy dùng '-ㄹ 것 같다' hoặc '-겠-'. Chia động từ 'oda' (đến/mưa rơi) để tạo thành 'ol geot gatayo', 'ogesseoyo' là được."",""model_vi"":""Nhìn lên trời thì có vẻ trời sắp mưa."",""q_th"":""จงเขียนคำที่เหมาะสมเติมลงในช่องว่างต่อไปนี้เป็นหนึ่งประโยค (สำนวนที่แสดงการคาดคะเน)<br>มองดูท้องฟ้าแล้ว อีกไม่นานฝนคง (    )"",""guide_th"":""เนื่องจากเป็นการคาดคะเนจากสิ่งที่เห็นด้วยตา จึงใช้ '-ㄹ 것 같다' หรือ '-겠-' โดยนำกริยา '오다' (โอดา/ฝนตก, มา) มาผันให้เป็น '올 것 같아요' (โอลกอตกาตาโย) หรือ '오겠어요' (โอเกตซอโย)"",""model_th"":""มองท้องฟ้าแล้ว ดูเหมือนฝนกำลังจะตก"",""accept"":[""올 것 같아"",""올 것 같습니다"",""올 것 같다"",""올 것 같네요"",""올 거 같아"",""오겠어"",""오겠습니다"",""오겠다"",""오겠네요"",""올 모양이에요"",""올 모양입니다"",""올 듯해요"",""내릴 것 같아"",""내릴 것 같습니다"",""내리겠어""],""nearMiss"":[""왔을 것 같아요"",""오는 것 같아요"",""오는 것 같습니다"",""오는 것 같네요""],""hint"":""하늘을 보고 짐작하는 상황이에요. 추측을 나타내는 표현으로 문장을 끝맺으세요.""}"
"pa-wri004","작문","writing","pre","396","{""id"":""pa-wri004"",""exam"":""pre"",""category"":""작문"",""type"":""writing"",""q"":""다음 빈칸에 알맞은 말을 한 문장으로 쓰세요. (목적·의도를 나타내는 표현)<br>한국어를 (    ) 학원에 다녀요."",""q_zh"":""请用恰当的话填入下面的空格，写成一句话。（表示目的、意图的语法）<br>为了（    ）韩语，我在补习班上课。"",""guide"":""어떤 목적을 가지고 행동하는 의도 표현 '-(으)려고'를 쓰세요. 동사 '배우다'를 활용해 '배우려고'처럼 만들면 됩니다."",""guide_zh"":""用表示带着某种目的去做某事的意图语法'-(으)려고'。用动词'배우다'，写成'배우려고'即可。"",""model"":""한국어를 배우려고 학원에 다녀요."",""model_zh"":""为了学韩语，我在补习班上课。"",""q_vi"":""Hãy viết một câu hoàn chỉnh điền vào chỗ trống dưới đây. (Cách diễn đạt thể hiện mục đích, ý định)<br>Tôi đi học ở trung tâm (    ) tiếng Hàn."",""guide_vi"":""Hãy dùng cấu trúc thể hiện ý định làm việc gì đó với một mục đích nhất định '-(으)려고'. Chia động từ '배우다' (học) thành '배우려고' (để học)."",""model_vi"":""Tôi đi học ở trung tâm để học tiếng Hàn."",""q_th"":""เขียนคำที่เหมาะสมลงในช่องว่างต่อไปนี้ให้เป็นประโยคเดียว (สำนวนที่แสดงจุดประสงค์หรือความตั้งใจ)<br>เรียนพิเศษ (    ) ภาษาเกาหลี"",""guide_th"":""ให้ใช้สำนวน '-(으)려고' ซึ่งแสดงความตั้งใจที่จะทำสิ่งใดโดยมีจุดประสงค์ ใช้คำกริยา '배우다 (เรียน)' ผันเป็น '배우려고 (เพื่อจะเรียน)' ได้"",""model_th"":""เรียนพิเศษเพื่อจะเรียนภาษาเกาหลี"",""accept"":[""배우려고"",""공부하려고"",""배우기 위해"",""공부하기 위해"",""배우러"",""공부하러""],""nearMiss"":[""배울려고"",""배울려구"",""배우려구"",""공부할려고""],""hint"":""학원에 다니는 '목적'을 나타내는 연결어미를 동사 '배우다'에 붙이세요.""}"
"pa-wri005","작문","writing","pre","397","{""id"":""pa-wri005"",""exam"":""pre"",""category"":""작문"",""type"":""writing"",""q"":""다음 빈칸에 알맞은 말을 한 문장으로 쓰세요. (가정·조건을 나타내는 표현)<br>주말에 날씨가 (    ) 같이 등산을 갑시다."",""q_zh"":""请用恰当的话填入下面的空格，写成一句话。（表示假设、条件的语法）<br>周末天气（    ）的话，我们一起去爬山吧。"",""guide"":""가정이나 조건을 나타내는 '-(으)면'을 쓰세요. 형용사 '좋다'를 활용해 '좋으면'처럼 만들면 됩니다."",""guide_zh"":""用表示假设或条件的'-(으)면'。用形容词'좋다'，写成'좋으면'即可。"",""model"":""주말에 날씨가 좋으면 같이 등산을 갑시다."",""model_zh"":""周末天气好的话，我们一起去爬山吧。"",""q_vi"":""Hãy viết một câu hoàn chỉnh điền vào chỗ trống dưới đây. (Cách diễn đạt thể hiện giả định, điều kiện)<br>Cuối tuần nếu thời tiết (    ) thì chúng ta cùng đi leo núi nhé."",""guide_vi"":""Hãy dùng cấu trúc thể hiện giả định hoặc điều kiện '-(으)면'. Chia tính từ '좋다' (tốt, đẹp) thành '좋으면' (nếu tốt, nếu đẹp)."",""model_vi"":""Cuối tuần nếu thời tiết đẹp thì chúng ta cùng đi leo núi nhé."",""q_th"":""เขียนคำที่เหมาะสมลงในช่องว่างต่อไปนี้ให้เป็นประโยคเดียว (สำนวนที่แสดงการสมมติหรือเงื่อนไข)<br>ถ้าอากาศในวันหยุดสุดสัปดาห์ (    ) ไปปีนเขาด้วยกันเถอะ"",""guide_th"":""ให้ใช้สำนวน '-(으)면' ซึ่งแสดงการสมมติหรือเงื่อนไข ใช้คำคุณศัพท์ '좋다 (ดี)' ผันเป็น '좋으면 (ถ้าดี)' ได้"",""model_th"":""ถ้าอากาศในวันหยุดสุดสัปดาห์ดี ไปปีนเขาด้วยกันเถอะ"",""accept"":[""좋으면"",""좋다면"",""괜찮으면"",""괜찮다면"",""맑으면"",""맑다면"",""따뜻하면"",""따뜻하다면"",""좋아지면""],""nearMiss"":[""좋면"",""좋아면"",""좋을면"",""맑면"",""좋으니까""],""hint"":""아직 정해지지 않은 '조건'을 말하는 자리예요. 받침 있는 형용사 뒤에 붙는 조건 어미 형태에 주의하세요.""}"
"pa-wri006","작문","writing","pre","398","{""id"":""pa-wri006"",""exam"":""pre"",""category"":""작문"",""type"":""writing"",""q"":""다음 빈칸에 알맞은 말을 한 문장으로 쓰세요. (경험을 나타내는 표현)<br>저는 제주도에 한 번 (    ) 있어요."",""q_zh"":""请用恰当的话填入下面的空格，写成一句话。（表示经历的语法）<br>我（    ）一次济州岛。"",""guide"":""과거의 경험을 나타내는 '-아/어 본 적이 있다'를 쓰세요. 동사 '가다'를 활용해 '가 본 적이'처럼 만들면 됩니다."",""guide_zh"":""用表示过去经历的'-아/어 본 적이 있다'。用动词'가다'，写成'가 본 적이'即可。"",""model"":""저는 제주도에 한 번 가 본 적이 있어요."",""model_zh"":""我去过一次济州岛。"",""q_vi"":""Hãy viết một câu hoàn chỉnh điền vào chỗ trống dưới đây. (Cách diễn đạt thể hiện kinh nghiệm)<br>Tôi đã từng (    ) đảo Jeju (Jeju-do) một lần."",""guide_vi"":""Hãy dùng cấu trúc thể hiện kinh nghiệm trong quá khứ '-아/어 본 적이 있다'. Chia động từ '가다' (đi) thành '가 본 적이' (đã từng đi)."",""model_vi"":""Tôi đã từng đến đảo Jeju một lần."",""q_th"":""เขียนคำที่เหมาะสมลงในช่องว่างต่อไปนี้ให้เป็นประโยคเดียว (สำนวนที่แสดงประสบการณ์)<br>ฉันเคย (    ) เกาะเชจู (Jeju) มาแล้วหนึ่งครั้ง"",""guide_th"":""ให้ใช้สำนวน '-아/어 본 적이 있다' ซึ่งแสดงประสบการณ์ในอดีต ใช้คำกริยา '가다 (ไป)' ผันเป็น '가 본 적이 (เคยไป)' ได้"",""model_th"":""ฉันเคยไปเกาะเชจูมาแล้วหนึ่งครั้ง"",""accept"":[""가 본 적"",""가본 적"",""간 적"",""갔던 적"",""가 봤던 적"",""다녀온 적"",""가 본 일""],""nearMiss"":[""가는 적이"",""갈 적이"",""가 봤 적이"",""가았던 적이""],""hint"":""과거에 한 번 해 봤다는 '경험'을 나타내는 표현이에요. 뒤의 '있어요'와 자연스럽게 이어지도록 동사 '가다'를 활용하세요.""}"
"pa-wri007","작문","writing","pre","399","{""id"":""pa-wri007"",""exam"":""pre"",""category"":""작문"",""type"":""writing"",""q"":""다음 빈칸에 알맞은 말을 한 문장으로 쓰세요. (의무를 나타내는 표현)<br>도서관에서는 조용히 (    )."",""q_zh"":""请用恰当的话填入下面的空格，写成一句话。（表示义务的语法）<br>在图书馆里必须（    ）。"",""guide"":""꼭 해야 하는 의무를 나타내는 '-아야/어야 하다(되다)'를 쓰세요. 동사 '하다'를 활용해 '해야 해요' 또는 '해야 돼요'처럼 만들면 됩니다."",""guide_zh"":""用表示必须要做的义务语法'-아야/어야 하다(되다)'。用动词'하다'，写成'해야 해요'或'해야 돼요'即可。"",""model"":""도서관에서는 조용히 해야 해요."",""model_zh"":""在图书馆里必须安静。"",""q_vi"":""Hãy viết một câu hoàn chỉnh điền vào chỗ trống dưới đây. (Cách diễn đạt thể hiện nghĩa vụ)<br>Ở thư viện thì phải (    ) yên lặng."",""guide_vi"":""Hãy dùng cấu trúc thể hiện nghĩa vụ phải làm điều gì đó '-아야/어야 하다(되다)'. Chia động từ '하다' (làm) thành '해야 해요' hoặc '해야 돼요' (phải làm)."",""model_vi"":""Ở thư viện thì phải giữ yên lặng."",""q_th"":""เขียนคำที่เหมาะสมลงในช่องว่างต่อไปนี้ให้เป็นประโยคเดียว (สำนวนที่แสดงหน้าที่ที่ต้องทำ)<br>ในห้องสมุดต้อง (    ) อย่างเงียบ ๆ"",""guide_th"":""ให้ใช้สำนวน '-아야/어야 하다(되다)' ซึ่งแสดงหน้าที่ที่ต้องทำให้ได้ ใช้คำกริยา '하다 (ทำ)' ผันเป็น '해야 해요' หรือ '해야 돼요 (ต้องทำ)' ได้"",""model_th"":""ในห้องสมุดต้องเงียบ ๆ"",""accept"":[""해야 해"",""해야 돼"",""해야 합니다"",""해야 됩니다"",""해야 한다"",""해야 된다"",""해야만 해"",""해야만 합니다"",""있어야 해"",""있어야 돼"",""있어야 합니다"",""있어야 됩니다"",""있어야 한다"",""있어야 된다""],""nearMiss"":[""해야 되요"",""하야 해요"",""해야 하요"",""하세요""],""hint"":""규칙이라서 반드시 그렇게 할 수밖에 없다는 '의무'를 나타내는 표현으로 문장을 끝맺으세요.""}"
"pa-wri008","작문","writing","pre","400","{""id"":""pa-wri008"",""exam"":""pre"",""category"":""작문"",""type"":""writing"",""q"":""다음 빈칸에 알맞은 말을 한 문장으로 쓰세요. (계획·의지를 나타내는 표현)<br>내년에는 고향에 (    )."",""q_zh"":""请用恰当的话填入下面的空格，写成一句话。（表示计划、意志的语法）<br>明年我打算（    ）一趟故乡。"",""guide"":""앞으로의 계획이나 의지를 나타내는 '-(으)ㄹ 거예요' 또는 '-(으)려고 하다'를 쓰세요. 동사 '가다'를 활용해 '갈 거예요' 또는 '가려고 해요'처럼 만들면 됩니다."",""guide_zh"":""用表示将来计划或意志的'-(으)ㄹ 거예요'或'-(으)려고 하다'。用动词'가다'，写成'갈 거예요'或'가려고 해요'即可。"",""model"":""내년에는 고향에 갈 거예요."",""model_zh"":""明年我打算回一趟故乡。"",""q_vi"":""Hãy viết một câu hoàn chỉnh điền vào chỗ trống dưới đây. (Cách diễn đạt thể hiện kế hoạch, ý chí)<br>Năm sau tôi sẽ (    ) quê hương."",""guide_vi"":""Hãy dùng cấu trúc thể hiện kế hoạch hoặc ý chí trong tương lai '-(으)ㄹ 거예요' hoặc '-(으)려고 하다'. Chia động từ '가다' (đi) thành '갈 거예요' (sẽ đi) hoặc '가려고 해요' (định đi)."",""model_vi"":""Năm sau tôi sẽ về quê hương."",""q_th"":""เขียนคำที่เหมาะสมลงในช่องว่างต่อไปนี้ให้เป็นประโยคเดียว (สำนวนที่แสดงแผนการหรือความตั้งใจ)<br>ปีหน้าฉันจะ (    ) บ้านเกิด"",""guide_th"":""ให้ใช้สำนวน '-(으)ㄹ 거예요' หรือ '-(으)려고 하다' ซึ่งแสดงแผนการหรือความตั้งใจในอนาคต ใช้คำกริยา '가다 (ไป)' ผันเป็น '갈 거예요' หรือ '가려고 해요 (จะไป)' ได้"",""model_th"":""ปีหน้าฉันจะกลับบ้านเกิด"",""accept"":[""갈 거예요"",""갈 겁니다"",""갈 것입니다"",""갈 거야"",""갈 것이다"",""가려고 해요"",""가려고 합니다"",""가려고 한다"",""가겠어요"",""가겠습니다"",""갈 예정이에요"",""갈 예정입니다"",""갈 계획이에요"",""갈 계획입니다""],""nearMiss"":[""갈 거에요"",""갈 꺼예요"",""갈려고 해요"",""가려구요"",""갈려구요"",""가려고요"",""가요""],""hint"":""내년에 하려는 '계획·의지'를 나타내는 미래 표현으로 문장을 끝맺으세요.""}"
"pa-wri009","작문","writing","pre","401","{""id"":""pa-wri009"",""exam"":""pre"",""category"":""작문"",""type"":""writing"",""q"":""다음 빈칸에 알맞은 말을 한 문장으로 쓰세요. (순서·시간을 나타내는 표현)<br>손을 깨끗이 (    ) 밥을 먹어요."",""q_zh"":""请用恰当的话填入下面的空格，写成一句话。（表示先后顺序的语法）<br>（    ）手以后再吃饭。"",""guide"":""앞 동작이 끝난 뒤 다음 동작을 한다는 순서 표현 '-고 나서' 또는 '-(으)ㄴ 후에'를 쓰세요. 동사 '씻다'를 활용해 '씻고 나서' 또는 '씻은 후에'처럼 만들면 됩니다."",""guide_zh"":""用表示前一动作结束后再做下一动作的语法'-고 나서'或'-(으)ㄴ 후에'。用动词'씻다'，写成'씻고 나서'或'씻은 후에'即可。"",""model"":""손을 깨끗이 씻고 나서 밥을 먹어요."",""model_zh"":""把手洗干净以后再吃饭。"",""q_vi"":""Hãy viết một câu hoàn chỉnh điền vào chỗ trống dưới đây. (Cách diễn đạt thể hiện trình tự, thời gian)<br>(    ) tay thật sạch rồi mới ăn cơm."",""guide_vi"":""Hãy dùng cấu trúc thể hiện trình tự, làm xong hành động trước rồi mới làm hành động tiếp theo '-고 나서' hoặc '-(으)ㄴ 후에'. Chia động từ '씻다' (rửa) thành '씻고 나서' hoặc '씻은 후에' (sau khi rửa)."",""model_vi"":""Rửa tay thật sạch rồi mới ăn cơm."",""q_th"":""เขียนคำที่เหมาะสมลงในช่องว่างต่อไปนี้ให้เป็นประโยคเดียว (สำนวนที่แสดงลำดับหรือเวลา)<br>(    ) มือให้สะอาดแล้วจึงกินข้าว"",""guide_th"":""ให้ใช้สำนวน '-고 나서' หรือ '-(으)ㄴ 후에' ซึ่งแสดงลำดับว่าทำสิ่งหนึ่งเสร็จแล้วจึงทำสิ่งต่อไป ใช้คำกริยา '씻다 (ล้าง)' ผันเป็น '씻고 나서' หรือ '씻은 후에 (หลังจากล้างแล้ว)' ได้"",""model_th"":""ล้างมือให้สะอาดแล้วจึงกินข้าว"",""accept"":[""씻고 나서"",""씻고서"",""씻은 후"",""씻은 다음"",""씻은 뒤"",""씻고 난 후"",""씻고 난 다음"",""씻고 난 뒤""],""nearMiss"":[""씻고"",""씻는 후에"",""씻을 후에"",""씻은 나서"",""씻는 다음에""],""hint"":""앞 동작이 다 끝난 뒤에 다음 동작을 한다는 '순서'를 나타내는 표현을 동사 '씻다'에 붙이세요.""}"
"pa-wri010","작문","writing","pre","402","{""id"":""pa-wri010"",""exam"":""pre"",""category"":""작문"",""type"":""writing"",""q"":""다음 빈칸에 알맞은 말을 한 문장으로 쓰세요. (능력·가능을 나타내는 표현)<br>제 친구는 한국 음식을 잘 (    )."",""q_zh"":""请用恰当的话填入下面的空格，写成一句话。（表示能力、可能的语法）<br>我朋友很会（    ）韩国菜。"",""guide"":""할 수 있음을 나타내는 능력 표현 '-(으)ㄹ 수 있다'를 쓰세요. 동사 '만들다'를 활용해 '만들 수 있어요'처럼 만들면 됩니다. '만들다'는 받침 ㄹ로 끝나므로 '만들 수'가 됩니다."",""guide_zh"":""用表示能够做到的能力语法'-(으)ㄹ 수 있다'。用动词'만들다'，写成'만들 수 있어요'。'만들다'以ㄹ收音结尾，所以是'만들 수'。"",""model"":""제 친구는 한국 음식을 잘 만들 수 있어요."",""model_zh"":""我朋友很会做韩国菜。"",""q_vi"":""Hãy viết một câu hoàn chỉnh điền vào chỗ trống dưới đây. (Cách diễn đạt thể hiện năng lực, khả năng)<br>Bạn tôi rất giỏi (    ) món ăn Hàn Quốc."",""guide_vi"":""Hãy dùng cấu trúc thể hiện năng lực, khả năng làm được điều gì đó '-(으)ㄹ 수 있다'. Chia động từ '만들다' (làm, nấu) thành '만들 수 있어요' (có thể làm). Vì '만들다' kết thúc bằng phụ âm cuối (batchim) ㄹ nên thành '만들 수'."",""model_vi"":""Bạn tôi nấu món ăn Hàn Quốc rất giỏi."",""q_th"":""เขียนคำที่เหมาะสมลงในช่องว่างต่อไปนี้ให้เป็นประโยคเดียว (สำนวนที่แสดงความสามารถหรือความเป็นไปได้)<br>เพื่อนของฉัน (    ) อาหารเกาหลีได้เก่ง"",""guide_th"":""ให้ใช้สำนวน '-(으)ㄹ 수 있다' ซึ่งแสดงความสามารถว่าทำได้ ใช้คำกริยา '만들다 (ทำ/ปรุง)' ผันเป็น '만들 수 있어요 (ทำได้)' ได้ เนื่องจาก '만들다' ลงท้ายด้วยตัวสะกด ㄹ จึงกลายเป็น '만들 수'"",""model_th"":""เพื่อนของฉันทำอาหารเกาหลีได้เก่ง"",""accept"":[""만들 수 있어"",""만들 수 있습니다"",""만들 수 있다"",""만들 수가 있어"",""만들 수 있네요"",""요리할 수 있어"",""요리할 수 있습니다"",""만들 줄 알아"",""만들 줄 압니다"",""만들 줄 안다"",""요리할 줄 알아""],""nearMiss"":[""만들을 수 있어요"",""만드는 수 있어요"",""만들을 수 있습니다"",""만들어요""],""hint"":""'능력·가능'을 나타내는 표현으로 문장을 끝맺으세요. 동사 '만들다'는 ㄹ 받침이라 관형형 활용에 주의해야 해요.""}"
"pa-wri011","작문","writing","pre","797","{""id"":""pa-wri011"",""exam"":""pre"",""category"":""작문"",""type"":""writing"",""q"":""다음 대화를 읽고 ( )에 알맞은 말을 쓰세요.<br>가: 지영 씨, 오늘 야근하느라 많이 피곤하죠? 그래도 운동은 꾸준히 하는 게 좋아요.<br>나: 맞아요.<br>가: 아무리 ( ) 하루에 30분은 걸으세요. 건강이 제일 중요하잖아요."",""q_zh"":""请阅读下面的对话，在（ ）里填上合适的话。<br>甲：智英，今天加班很累吧？不过坚持运动还是好的。<br>乙：是啊。<br>甲：再怎么（ ）每天也走30分钟吧。健康最重要嘛。"",""guide"":""양보를 나타내는 '아무리 -아도/-어도' 또는 '-더라도'를 사용하세요. 앞 문장의 '피곤하다'를 받아 '아무리 피곤해도/피곤하더라도'처럼 한 어절로 채우면 됩니다."",""guide_zh"":""使用表示让步的 '아무리 -아도/-어도' 或 '-더라도'。承接前文的 '피곤하다（累）'，填入 '아무리 피곤해도/피곤하더라도' 这样一个词节即可。"",""model"":""피곤해도 (또는 피곤하더라도)"",""model_zh"":""피곤해도（或 피곤하더라도）／意为“再怎么累也”"",""q_vi"":""Hãy đọc đoạn hội thoại sau và viết từ thích hợp vào chỗ ( ).<br>A: Chị Ji-young ơi, hôm nay làm thêm giờ nên chị mệt lắm phải không? Dù vậy thì việc tập thể dục đều đặn vẫn tốt cho sức khỏe đấy.<br>B: Đúng vậy.<br>A: Dù ( ) đến đâu thì mỗi ngày chị cũng hãy đi bộ 30 phút nhé. Sức khỏe là quan trọng nhất mà."",""guide_vi"":""Hãy dùng cấu trúc nhượng bộ '아무리 -아도/-어도' (dù... đến đâu) hoặc '-더라도'. Tiếp nối từ '피곤하다' (mệt) ở câu trước, bạn chỉ cần điền một từ như '피곤해도/피곤하더라도' (dù có mệt)."",""model_vi"":""피곤해도 (hoặc 피곤하더라도) — dù có mệt"",""q_th"":""อ่านบทสนทนาต่อไปนี้แล้วเติมคำที่เหมาะสมลงใน ( )<br>ก: คุณจียอง วันนี้ทำงานล่วงเวลาจนเหนื่อยมากเลยใช่ไหมคะ แต่ถึงอย่างนั้นก็ควรออกกำลังกายอย่างสม่ำเสมอนะคะ<br>ข: ใช่ค่ะ<br>ก: ไม่ว่าจะ ( ) แค่ไหน ก็ขอให้เดินวันละ 30 นาทีนะคะ เพราะสุขภาพสำคัญที่สุดเลย"",""guide_th"":""ให้ใช้รูปแสดงการยอมรับ/แม้ว่า '아무리 -아도/-어도' หรือ '-더라도' โดยรับคำว่า '피곤하다' (เหนื่อย) จากประโยคก่อนหน้า แล้วเติมเป็นคำเดียวอย่าง '아무리 피곤해도/피곤하더라도'"",""model_th"":""피곤해도 (หรือ 피곤하더라도)"",""accept"":[""피곤해도"",""피곤하더라도"",""피곤하셔도"",""피곤하시더라도"",""피곤하다고 해도"",""피곤하여도"",""피곤할지라도"",""힘들어도"",""힘들더라도""],""nearMiss"":[""피곤하도"",""피곤해서도"",""피곤해도요""],""hint"":""'아무리'와 짝을 이루는 양보 표현 '-아도/-어도' 또는 '-더라도' 형태로 한 어절만 쓰세요.""}"
"pa-wri012","작문","writing","pre","798","{""id"":""pa-wri012"",""exam"":""pre"",""category"":""작문"",""type"":""writing"",""q"":""다음 대화를 읽고 ( )에 알맞은 말을 쓰세요.<br>가: 창밖 좀 보세요. 눈이 정말 많이 내려요.<br>나: 그러게요. 어젯밤 일기예보에서는 맑다고 했는데요.<br>가: 네, 저도 이렇게 눈이 많이 ( ). 길이 미끄러우니까 조심하세요."",""q_zh"":""请阅读下面的对话，在（ ）里填上合适的话。<br>甲：看看窗外，雪下得真大。<br>乙：是啊，昨晚天气预报说是晴天呢。<br>甲：是啊，我也没想到雪会下得这么大（ ）。路滑，请小心。"",""guide"":""예상하지 못한 일에 대한 감탄·추측 표현을 쓰세요. '-ㄹ 줄 몰랐어요' 또는 '-네요'가 자연스럽습니다. '내리다'를 활용해 '내릴 줄 몰랐어요' 또는 '내리네요'로 채웁니다."",""guide_zh"":""请使用对没料到的事表示感叹·推测的表达。'-ㄹ 줄 몰랐어요'（没想到会…）或 '-네요' 都自然。用 '내리다（下）' 填成 '내릴 줄 몰랐어요' 或 '내리네요'。"",""model"":""내릴 줄 몰랐어요 (또는 내리네요)"",""model_zh"":""내릴 줄 몰랐어요（或 내리네요）／意为“没想到会下（这么大）”"",""q_vi"":""Hãy đọc đoạn hội thoại sau và viết từ thích hợp vào chỗ ( ).<br>A: Hãy nhìn ra ngoài cửa sổ kìa. Tuyết rơi nhiều thật đấy.<br>B: Đúng thế. Vậy mà bản tin thời tiết tối qua bảo là trời nắng cơ.<br>A: Vâng, tôi cũng không ngờ tuyết lại rơi nhiều thế này ( ). Đường trơn nên hãy cẩn thận nhé."",""guide_vi"":""Hãy dùng cách diễn đạt cảm thán hoặc phỏng đoán về việc không lường trước. '-ㄹ 줄 몰랐어요' (không ngờ rằng) hoặc '-네요' (nhỉ) đều tự nhiên. Chia động từ '내리다' (rơi) thành '내릴 줄 몰랐어요' (không ngờ tuyết lại rơi) hoặc '내리네요' (tuyết rơi nhỉ)."",""model_vi"":""내릴 줄 몰랐어요 (hoặc 내리네요) — không ngờ tuyết lại rơi (rơi nhỉ)"",""q_th"":""อ่านบทสนทนาต่อไปนี้แล้วเติมคำที่เหมาะสมลงใน ( )<br>ก: ลองมองออกไปนอกหน้าต่างสิคะ หิมะตกหนักมากเลย<br>ข: นั่นสิคะ เมื่อคืนพยากรณ์อากาศบอกว่าจะอากาศแจ่มใสแท้ ๆ<br>ก: ค่ะ ฉันเองก็ไม่คิดว่าหิมะจะตกหนัก ( ) ขนาดนี้ ถนนลื่นนะคะ ระวังด้วย"",""guide_th"":""ให้ใช้รูปแสดงความประหลาดใจหรือคาดเดาต่อเรื่องที่ไม่ได้คาดคิด โดย '-ㄹ 줄 몰랐어요' หรือ '-네요' จะฟังดูเป็นธรรมชาติ ผันคำว่า '내리다' (ตก) เป็น '내릴 줄 몰랐어요' หรือ '내리네요'"",""model_th"":""내릴 줄 몰랐어요 (หรือ 내리네요)"",""accept"":[""내릴 줄 몰랐어요"",""내릴 줄 몰랐습니다"",""내릴 줄은 몰랐어요"",""내릴 줄 몰랐네요"",""올 줄 몰랐어요"",""올 줄 몰랐습니다"",""올 줄은 몰랐어요"",""올 줄 몰랐네요"",""내리는 줄 몰랐어요"",""내리는 줄은 몰랐어요"",""오는 줄 몰랐어요""],""nearMiss"":[""내리네요"",""오네요"",""내리는군요"",""내릴 줄 몰라요"",""올 줄 몰라요"",""내렸을 줄 몰랐어요""],""hint"":""빈칸 앞의 '저도'와 호응하도록, 예상하지 못한 일에 쓰는 '-(으)ㄹ 줄 몰랐어요' 형태로 쓰세요.""}"
"pa-wri013","작문","writing","pre","799","{""id"":""pa-wri013"",""exam"":""pre"",""category"":""작문"",""type"":""writing"",""q"":""다음 대화를 읽고 ( )에 알맞은 말을 쓰세요.<br>가: 수진 씨, 왜 이렇게 일찍 약속 장소에 나왔어요?<br>나: 길이 ( ) 30분이나 일찍 도착했어요. 차가 한 대도 없더라고요."",""q_zh"":""请阅读下面的对话，在（ ）里填上合适的话。<br>甲：秀珍，怎么这么早就到约定地点了？<br>乙：因为路上（ ），所以早到了30分钟。一辆车都没有呢。"",""guide"":""이유를 나타내는 '-아서/-어서' 또는 '-니까'를 쓰세요. 차가 없어서 막히지 않았다는 뜻이므로 '막히지 않아서' 또는 '한산해서'처럼 이유로 연결합니다."",""guide_zh"":""请使用表示原因的 '-아서/-어서' 或 '-니까'。意思是没车所以不堵，可连成 '막히지 않아서（没堵车所以）' 或 '한산해서（很畅通所以）'。"",""model"":""막히지 않아서 (또는 한산해서)"",""model_zh"":""막히지 않아서（或 한산해서）／意为“因为路不堵／很畅通”"",""q_vi"":""Hãy đọc đoạn hội thoại sau và viết từ thích hợp vào chỗ ( ).<br>A: Chị Su-jin ơi, sao chị ra điểm hẹn sớm thế?<br>B: Vì đường ( ) nên tôi đến sớm tận 30 phút. Không có một chiếc xe nào trên đường cả."",""guide_vi"":""Hãy dùng '-아서/-어서' hoặc '-니까' để chỉ lý do. Vì không có xe nên đường không tắc, do đó hãy nối bằng lý do như '막히지 않아서' (vì không tắc) hoặc '한산해서' (vì vắng vẻ)."",""model_vi"":""막히지 않아서 (hoặc 한산해서) — vì không tắc đường (vì đường vắng)"",""q_th"":""อ่านบทสนทนาต่อไปนี้แล้วเติมคำที่เหมาะสมลงใน ( )<br>ก: คุณซูจิน ทำไมมาถึงจุดนัดพบเร็วขนาดนี้ล่ะคะ<br>ข: เพราะถนน ( ) เลยมาถึงเร็วตั้ง 30 นาที ไม่มีรถสักคันเลยค่ะ"",""guide_th"":""ให้ใช้รูปแสดงเหตุผล '-아서/-어서' หรือ '-니까' เนื่องจากหมายความว่าไม่มีรถจึงไม่ติด จึงเชื่อมด้วยเหตุผลอย่าง '막히지 않아서' (ไม่ติด) หรือ '한산해서' (โล่ง)"",""model_th"":""막히지 않아서 (หรือ 한산해서)"",""accept"":[""막히지 않아서"",""막히지 않으니까"",""막히지 않았기 때문에"",""안 막혀서"",""안 막히니까"",""안 막혔기 때문에"",""안 밀려서"",""밀리지 않아서"",""복잡하지 않아서"",""한산해서"",""한산하니까"",""한산했기 때문에""],""nearMiss"":[""막히지 않어서"",""안 막히어서"",""막히지 않아서요"",""한산해가지고"",""차가 없어서""],""hint"":""이유를 나타내는 '-아서/-어서'나 '-(으)니까'로, 차가 없어 잘 갔다는 뜻이 되게 연결하세요.""}"
"pa-wri014","작문","writing","pre","800","{""id"":""pa-wri014"",""exam"":""pre"",""category"":""작문"",""type"":""writing"",""q"":""다음 대화를 읽고 ( )에 알맞은 말을 쓰세요.<br>가: 이번 한국어 말하기 대회에서 1등을 했다면서요? 축하해요!<br>나: 감사합니다. 사실 저도 제가 ( ). 연습을 정말 열심히 한 보람이 있네요."",""q_zh"":""请阅读下面的对话，在（ ）里填上合适的话。<br>甲：听说你在这次韩语演讲比赛得了第一名？恭喜你！<br>乙：谢谢。其实我自己也（ ）。努力练习真的很值得。"",""guide"":""기대하지 못한 결과에 대한 놀람을 '-ㄹ 줄 몰랐어요'로 표현하세요. '1등을 하다'를 받아 '1등을 할 줄 몰랐어요' 또는 '이길 줄 몰랐어요'로 채웁니다."",""guide_zh"":""用 '-ㄹ 줄 몰랐어요' 表达对未预料结果的惊讶。承接 '1등을 하다（得第一）'，填成 '1등을 할 줄 몰랐어요' 或 '이길 줄 몰랐어요'。"",""model"":""1등을 할 줄 몰랐어요"",""model_zh"":""意为“没想到自己会得第一名”"",""q_vi"":""Hãy đọc đoạn hội thoại sau và viết từ thích hợp vào chỗ ( ).<br>A: Nghe nói chị đạt giải nhất trong cuộc thi nói tiếng Hàn lần này phải không? Chúc mừng chị!<br>B: Cảm ơn anh. Thật ra chính tôi cũng ( ). Thật bõ công luyện tập chăm chỉ."",""guide_vi"":""Hãy diễn đạt sự ngạc nhiên về kết quả không lường trước bằng '-ㄹ 줄 몰랐어요' (không ngờ rằng). Tiếp nối '1등을 하다' (đạt giải nhất), điền thành '1등을 할 줄 몰랐어요' (không ngờ mình lại đạt giải nhất) hoặc '이길 줄 몰랐어요' (không ngờ mình thắng)."",""model_vi"":""không ngờ mình lại đạt giải nhất"",""q_th"":""อ่านบทสนทนาต่อไปนี้แล้วเติมคำที่เหมาะสมลงใน ( )<br>ก: ได้ยินว่าได้ที่ 1 ในการแข่งขันพูดภาษาเกาหลีครั้งนี้ใช่ไหมคะ ยินดีด้วยนะคะ!<br>ข: ขอบคุณค่ะ ที่จริงฉันเองก็ ( ) ฝึกซ้อมมาอย่างหนักจริง ๆ ก็คุ้มค่าเลยค่ะ"",""guide_th"":""ให้แสดงความประหลาดใจต่อผลลัพธ์ที่ไม่ได้คาดหวังด้วย '-ㄹ 줄 몰랐어요' โดยรับคำว่า '1등을 하다' (ได้ที่ 1) แล้วเติมเป็น '1등을 할 줄 몰랐어요' หรือ '이길 줄 몰랐어요'"",""model_th"":""ไม่คิดว่าตัวเองจะได้ที่หนึ่ง"",""accept"":[""1등을 할 줄 몰랐어요"",""1등을 할 줄 몰랐습니다"",""1등을 할 줄은 몰랐어요"",""1등을 할 줄은 몰랐습니다"",""1등을 할 줄 몰랐네요"",""1등 할 줄 몰랐어요"",""1등할 줄 몰랐어요"",""1등할 줄 몰랐습니다"",""일등을 할 줄 몰랐어요"",""일등 할 줄 몰랐어요"",""일등할 줄 몰랐어요"",""이길 줄 몰랐어요"",""이길 줄 몰랐습니다"",""상을 받을 줄 몰랐어요"",""1등을 하게 될 줄 몰랐어요""],""nearMiss"":[""1등을 하는 줄 몰랐어요"",""1등을 할 줄 몰라요"",""1등을 했을 줄 몰랐어요"",""1등을 한 줄 몰랐어요""],""hint"":""기대하지 못한 결과에 대한 놀람은 '-(으)ㄹ 줄 몰랐어요'로 표현하세요.""}"
"pa-wri015","작문","writing","pre","801","{""id"":""pa-wri015"",""exam"":""pre"",""category"":""작문"",""type"":""writing"",""q"":""다음 대화를 읽고 ( )에 알맞은 말을 쓰세요.<br>가: 주말에 다 같이 등산 가기로 한 거 알죠?<br>나: 그런데 일요일에 비가 온대요.<br>가: 아무리 ( ) 우리는 갈 거예요. 우비랑 등산화만 잘 챙기면 괜찮아요."",""q_zh"":""请阅读下面的对话，在（ ）里填上合适的话。<br>甲：知道周末大家一起去爬山的事吧？<br>乙：可是听说周日会下雨。<br>甲：再怎么（ ）我们也要去。只要带好雨衣和登山鞋就没问题。"",""guide"":""양보 '아무리 -아도/-더라도'를 쓰세요. 앞에서 '비가 오다'가 나왔으므로 '아무리 비가 와도' 또는 '비가 오더라도'로 한 어절~구로 채웁니다."",""guide_zh"":""使用让步 '아무리 -아도/-더라도'。前面出现 '비가 오다（下雨）'，填成 '아무리 비가 와도' 或 '비가 오더라도'。"",""model"":""비가 와도 (또는 비가 오더라도)"",""model_zh"":""비가 와도（或 비가 오더라도）／意为“再怎么下雨也”"",""q_vi"":""Hãy đọc đoạn hội thoại sau và viết từ thích hợp vào chỗ ( ).<br>A: Cuối tuần mình hẹn nhau cùng đi leo núi, chị nhớ chứ?<br>B: Nhưng nghe nói Chủ nhật trời sẽ mưa.<br>A: Dù ( ) đến đâu thì chúng ta vẫn cứ đi. Chỉ cần chuẩn bị kỹ áo mưa và giày leo núi là ổn thôi."",""guide_vi"":""Hãy dùng cấu trúc nhượng bộ '아무리 -아도/-더라도' (dù... đến đâu). Vì phía trước đã xuất hiện '비가 오다' (trời mưa), nên điền một từ hoặc cụm như '아무리 비가 와도' (dù trời có mưa) hoặc '비가 오더라도'."",""model_vi"":""비가 와도 (hoặc 비가 오더라도) — dù trời có mưa"",""q_th"":""อ่านบทสนทนาต่อไปนี้แล้วเติมคำที่เหมาะสมลงใน ( )<br>ก: รู้ใช่ไหมว่าสุดสัปดาห์นี้เราจะไปปีนเขากันใช่ไหมคะ<br>ข: แต่ว่าวันอาทิตย์เขาบอกว่าฝนจะตกนะคะ<br>ก: ไม่ว่าจะ ( ) แค่ไหน เราก็จะไปค่ะ แค่เตรียมเสื้อกันฝนกับรองเท้าปีนเขาให้พร้อมก็ไม่เป็นไร"",""guide_th"":""ให้ใช้รูปแสดงการยอมรับ/แม้ว่า '아무리 -아도/-더라도' เนื่องจากก่อนหน้านี้มีคำว่า '비가 오다' (ฝนตก) จึงเติมเป็นคำเดียวหรือวลีอย่าง '아무리 비가 와도' หรือ '비가 오더라도'"",""model_th"":""비가 와도 (หรือ 비가 오더라도)"",""accept"":[""비가 와도"",""비가 오더라도"",""비가 온다고 해도"",""비가 온다 해도"",""비가 많이 와도"",""비가 많이 오더라도"",""비가 내려도"",""비가 내리더라도"",""날씨가 나빠도"",""비가 올지라도""],""nearMiss"":[""비가 오아도"",""비가 오도"",""비가 왔어도"",""비가 오여도""],""hint"":""'아무리'와 짝을 이루는 양보 표현 '-아도/-어도' 또는 '-더라도'를 쓰세요.""}"
"pa-wri016","작문","writing","pre","802","{""id"":""pa-wri016"",""exam"":""pre"",""category"":""작문"",""type"":""writing"",""q"":""다음 대화를 읽고 ( )에 알맞은 말을 쓰세요.<br>가: 오랜만에 시장에 왔는데 사람이 정말 많네요.<br>나: 그러게요. 평일인데 이렇게 사람이 ( ). 명절이 가까워서 그런가 봐요."",""q_zh"":""请阅读下面的对话，在（ ）里填上合适的话。<br>甲：好久没来市场了，人真多啊。<br>乙：是啊。明明是工作日，人竟然这么（ ）。大概是因为快到节日了吧。"",""guide"":""예상 밖의 상황에 대한 감탄 '-네요' 또는 놀람 '-ㄹ 줄 몰랐어요'를 쓰세요. '많다'를 활용해 '많네요' 또는 '많을 줄 몰랐어요'로 채웁니다."",""guide_zh"":""对意外情形使用感叹 '-네요' 或惊讶 '-ㄹ 줄 몰랐어요'。用 '많다（多）' 填成 '많네요' 或 '많을 줄 몰랐어요'。"",""model"":""많네요 (또는 많을 줄 몰랐어요)"",""model_zh"":""많네요（或 많을 줄 몰랐어요）／意为“人这么多啊／没想到人这么多”"",""q_vi"":""Hãy đọc đoạn hội thoại sau và viết từ thích hợp vào chỗ ( ).<br>A: Lâu rồi mới ra chợ mà người đông thật đấy.<br>B: Đúng vậy. Ngày thường mà người lại ( ). Chắc là vì sắp đến dịp lễ Tết."",""guide_vi"":""Hãy dùng cảm thán '-네요' (nhỉ) về tình huống bất ngờ, hoặc sự ngạc nhiên '-ㄹ 줄 몰랐어요' (không ngờ). Chia tính từ '많다' (đông/nhiều) thành '많네요' (đông nhỉ) hoặc '많을 줄 몰랐어요' (không ngờ lại đông)."",""model_vi"":""많네요 (hoặc 많을 줄 몰랐어요) — đông nhỉ (không ngờ lại đông thế)"",""q_th"":""อ่านบทสนทนาต่อไปนี้แล้วเติมคำที่เหมาะสมลงใน ( )<br>ก: ไม่ได้มาตลาดนานเลย คนเยอะจริง ๆ นะคะ<br>ข: นั่นสิคะ ทั้งที่เป็นวันธรรมดาแท้ ๆ คนกลับ ( ) ขนาดนี้ คงเป็นเพราะใกล้เทศกาลแล้วมั้งคะ"",""guide_th"":""ให้ใช้รูปแสดงความรู้สึกอุทานต่อสถานการณ์ที่ไม่ได้คาดคิด '-네요' หรือความประหลาดใจ '-ㄹ 줄 몰랐어요' ผันคำว่า '많다' (เยอะ) เป็น '많네요' หรือ '많을 줄 몰랐어요'"",""model_th"":""많네요 (หรือ 많을 줄 몰랐어요)"",""accept"":[""많네요"",""많군요"",""많을 줄 몰랐어요"",""많을 줄 몰랐습니다"",""많을 줄은 몰랐어요"",""많을 줄 몰랐네요"",""많은 줄 몰랐어요"",""많이 있을 줄 몰랐어요""],""nearMiss"":[""많을 줄 몰라요"",""많아네요"",""많으네요"",""많았을 줄 몰랐어요"",""많아요"",""많습니다""],""hint"":""예상 밖의 상황에는 감탄의 '-네요'나 놀람의 '-(으)ㄹ 줄 몰랐어요'를 쓰세요.""}"
"pa-wri017","작문","writing","pre","803","{""id"":""pa-wri017"",""exam"":""pre"",""category"":""작문"",""type"":""writing"",""q"":""다음 대화를 읽고 ( )에 알맞은 말을 쓰세요.<br>가: 어제 보내 주신 서류 잘 받았어요. 정말 빨리 보내 주셨네요.<br>나: 마감이 ( ) 어젯밤에 바로 전송했어요. 늦으면 안 되니까요."",""q_zh"":""请阅读下面的对话，在（ ）里填上合适的话。<br>甲：昨天您发来的文件我收到了，发得真快呢。<br>乙：因为截止日期（ ），所以昨晚就立刻发送了。不能迟交嘛。"",""guide"":""이유 '-아서/-어서' 또는 '-니까'를 쓰세요. '마감이 가깝다/임박하다'를 받아 '가까워서' 또는 '얼마 안 남아서'처럼 이유로 채웁니다."",""guide_zh"":""使用原因 '-아서/-어서' 或 '-니까'。承接 '마감이 가깝다/임박하다（截止临近）'，填成 '가까워서' 或 '얼마 안 남아서（剩没几天所以）'。"",""model"":""가까워서 (또는 얼마 안 남아서)"",""model_zh"":""가까워서（或 얼마 안 남아서）／意为“因为截止临近”"",""q_vi"":""Hãy đọc đoạn hội thoại sau và viết từ thích hợp vào chỗ ( ).<br>A: Hồ sơ anh gửi hôm qua tôi đã nhận được rồi. Anh gửi nhanh thật đấy.<br>B: Vì sắp ( ) hạn nộp nên ngay tối qua tôi đã gửi luôn. Vì không được phép trễ mà."",""guide_vi"":""Hãy dùng '-아서/-어서' hoặc '-니까' để chỉ lý do. Tiếp nối '마감이 가깝다/임박하다' (hạn chót đến gần/cận kề), điền lý do như '가까워서' (vì đã gần) hoặc '얼마 안 남아서' (vì chẳng còn bao nhiêu)."",""model_vi"":""가까워서 (hoặc 얼마 안 남아서) — vì hạn nộp đã gần (vì chẳng còn mấy nữa)"",""q_th"":""อ่านบทสนทนาต่อไปนี้แล้วเติมคำที่เหมาะสมลงใน ( )<br>ก: เอกสารที่ส่งมาให้เมื่อวานได้รับเรียบร้อยแล้วค่ะ ส่งมาให้เร็วมากเลยนะคะ<br>ข: เพราะกำหนดส่ง ( ) เลยส่งให้ทันทีเมื่อคืนเลยค่ะ จะช้าไม่ได้ค่ะ"",""guide_th"":""ให้ใช้รูปแสดงเหตุผล '-아서/-어서' หรือ '-니까' โดยรับคำว่า '마감이 가깝다/임박하다' (กำหนดส่งใกล้/จวนจะถึง) แล้วเติมเป็นเหตุผลอย่าง '가까워서' หรือ '얼마 안 남아서'"",""model_th"":""가까워서 (หรือ 얼마 안 남아서)"",""accept"":[""가까워서"",""가까우니까"",""가까웠기 때문에"",""가깝기 때문에"",""다가와서"",""다가오니까"",""임박해서"",""임박하니까"",""임박했기 때문에"",""얼마 안 남아서"",""얼마 안 남았으니까"",""얼마 안 남았기 때문에"",""얼마 남지 않아서"",""얼마 남지 않았으니까"",""코앞이라서""],""nearMiss"":[""가깝아서"",""가깝어서"",""가깝으니까"",""가까와서""],""hint"":""이유를 나타내는 '-아서/-어서' 또는 '-(으)니까'를 쓰고, ㅂ 불규칙 활용에 주의하세요.""}"
"pa-wri018","작문","writing","pre","804","{""id"":""pa-wri018"",""exam"":""pre"",""category"":""작문"",""type"":""writing"",""q"":""다음 대화를 읽고 ( )에 알맞은 말을 쓰세요.<br>가: 이 식당은 양이 정말 많은 것 같아요.<br>나: 네, 아무리 ( ) 이건 다 못 먹을 것 같아요. 남으면 포장해 가요."",""q_zh"":""请阅读下面的对话，在（ ）里填上合适的话。<br>甲：这家餐厅的分量好像真的很大。<br>乙：是啊，再怎么（ ）这些好像也吃不完。剩下的就打包带走吧。"",""guide"":""양보 '아무리 -아도/-더라도'를 쓰세요. '배가 고프다'를 받아 '아무리 배가 고파도' 또는 '배가 고프더라도'로 채웁니다. 뒤에 '못 먹을 것 같다'(추측)와 자연스럽게 이어집니다."",""guide_zh"":""使用让步 '아무리 -아도/-더라도'。承接 '배가 고프다（饿）'，填成 '아무리 배가 고파도' 或 '배가 고프더라도'，与后面 '吃不完的样子'（推测）自然衔接。"",""model"":""배가 고파도 (또는 배가 고프더라도)"",""model_zh"":""배가 고파도（或 배가 고프더라도）／意为“再怎么饿也”"",""q_vi"":""Hãy đọc đoạn hội thoại sau và viết từ thích hợp vào chỗ ( ).<br>A: Quán ăn này phần ăn có vẻ nhiều thật đấy.<br>B: Vâng, dù ( ) đến đâu thì chắc cũng không ăn hết được chỗ này. Nếu còn dư thì mình gói mang về nhé."",""guide_vi"":""Hãy dùng cấu trúc nhượng bộ '아무리 -아도/-더라도' (dù... đến đâu). Tiếp nối '배가 고프다' (đói bụng), điền thành '아무리 배가 고파도' (dù có đói đến đâu) hoặc '배가 고프더라도'. Câu này nối tự nhiên với '못 먹을 것 같다' (chắc không ăn hết được, sự phỏng đoán) ở phía sau."",""model_vi"":""배가 고파도 (hoặc 배가 고프더라도) — dù có đói đến đâu"",""q_th"":""อ่านบทสนทนาต่อไปนี้แล้วเติมคำที่เหมาะสมลงใน ( )<br>ก: ร้านนี้ดูเหมือนปริมาณอาหารเยอะมากเลยนะคะ<br>ข: ค่ะ ไม่ว่าจะ ( ) แค่ไหน ก็คงกินหมดไม่ได้แน่ ๆ ถ้าเหลือก็ห่อกลับบ้านกันเถอะค่ะ"",""guide_th"":""ให้ใช้รูปแสดงการยอมรับ/แม้ว่า '아무리 -아도/-더라도' โดยรับคำว่า '배가 고프다' (หิว) แล้วเติมเป็น '아무리 배가 고파도' หรือ '배가 고프더라도' ซึ่งจะเชื่อมต่อกับ '못 먹을 것 같다' (คงกินไม่หมด ซึ่งเป็นการคาดเดา) ได้อย่างเป็นธรรมชาติ"",""model_th"":""배가 고파도 (หรือ 배가 고프더라도)"",""accept"":[""배가 고파도"",""배가 고프더라도"",""배고파도"",""배고프더라도"",""배가 많이 고파도"",""배가 많이 고프더라도"",""배가 고프다고 해도""],""nearMiss"":[""배가 고프아도"",""배가 고프어도"",""배가 고프도"",""배가 고팠어도""],""hint"":""'아무리'와 어울리는 양보 표현 '-아도/-어도' 또는 '-더라도'를 쓰고, 'ㅡ' 탈락 활용에 주의하세요.""}"
"pa-wri019","작문","writing","pre","805","{""id"":""pa-wri019"",""exam"":""pre"",""category"":""작문"",""type"":""writing"",""q"":""다음 대화를 읽고 ( )에 알맞은 말을 쓰세요.<br>가: 하늘이 점점 어두워지고 바람도 강해지네요.<br>나: 곧 비가 ( ). 빨래를 얼른 걷어 와야겠어요."",""q_zh"":""请阅读下面的对话，在（ ）里填上合适的话。<br>甲：天渐渐暗下来，风也变强了呢。<br>乙：好像马上就要（ ）。得赶紧把晾的衣服收回来。"",""guide"":""근거를 바탕으로 한 추측 '-ㄹ 것 같다'를 쓰세요. '비가 오다/내리다'를 받아 '올 것 같아요' 또는 '내릴 것 같아요'로 채웁니다."",""guide_zh"":""使用基于迹象的推测 '-ㄹ 것 같다'。承接 '비가 오다/내리다（下雨）'，填成 '올 것 같아요' 或 '내릴 것 같아요'。"",""model"":""올 것 같아요 (또는 내릴 것 같아요)"",""model_zh"":""올 것 같아요（或 내릴 것 같아요）／意为“好像快要下（雨）了”"",""q_vi"":""Hãy đọc đoạn hội thoại sau và viết từ thích hợp vào chỗ ( ).<br>A: Trời mỗi lúc một tối và gió cũng mạnh dần lên nhỉ.<br>B: Chắc sắp ( ) mưa rồi. Mình phải mau ra thu quần áo đang phơi vào thôi."",""guide_vi"":""Hãy dùng cách phỏng đoán dựa trên căn cứ '-ㄹ 것 같다' (có vẻ/chắc là). Tiếp nối '비가 오다/내리다' (trời mưa), điền thành '올 것 같아요' (chắc sắp mưa) hoặc '내릴 것 같아요'."",""model_vi"":""올 것 같아요 (hoặc 내릴 것 같아요) — chắc sắp mưa rồi"",""q_th"":""อ่านบทสนทนาต่อไปนี้แล้วเติมคำที่เหมาะสมลงใน ( )<br>ก: ท้องฟ้าค่อย ๆ มืดลงและลมก็แรงขึ้นด้วยนะคะ<br>ข: อีกไม่นานฝนคง ( ) รีบไปเก็บผ้าที่ตากไว้ดีกว่าค่ะ"",""guide_th"":""ให้ใช้รูปแสดงการคาดเดาจากหลักฐาน '-ㄹ 것 같다' โดยรับคำว่า '비가 오다/내리다' (ฝนตก) แล้วเติมเป็น '올 것 같아요' หรือ '내릴 것 같아요'"",""model_th"":""올 것 같아요 (หรือ 내릴 것 같아요)"",""accept"":[""올 것 같아요"",""올 것 같습니다"",""올 것 같네요"",""올 거 같아요"",""내릴 것 같아요"",""내릴 것 같습니다"",""내릴 것 같네요"",""내릴 거 같아요"",""쏟아질 것 같아요""],""nearMiss"":[""오는 것 같아요"",""내리는 것 같아요"",""올 것 같았어요"",""왔을 것 같아요"",""올 것 같다"",""올 거예요"",""내릴 거예요"",""올 겁니다"",""오겠어요"",""내리겠어요"",""오겠네요"",""쏟아지겠어요"",""와요""],""hint"":""눈에 보이는 근거로 추측할 때는 '-(으)ㄹ 것 같아요'를 쓰세요.""}"
"pa-wri020","작문","writing","pre","806","{""id"":""pa-wri020"",""exam"":""pre"",""category"":""작문"",""type"":""writing"",""q"":""다음 대화를 읽고 ( )에 알맞은 말을 쓰세요.<br>가: 어제 처음 간 동네인데 길을 안 잃어버렸어요?<br>나: 길이 ( ) 한참 헤맸어요. 그래도 지도를 보고 겨우 찾아갔어요."",""q_zh"":""请阅读下面的对话，在（ ）里填上合适的话。<br>甲：昨天是第一次去那个街区，没迷路吗？<br>乙：因为路很（ ），所以转了好一会儿。不过看着地图总算找到了。"",""guide"":""이유 '-아서/-어서' 또는 '-니까'를 쓰세요. '낯설다'를 받아 '낯설어서' 또는 '복잡해서'처럼 이유로 채웁니다."",""guide_zh"":""使用原因 '-아서/-어서' 或 '-니까'。承接 '낯설다（陌生）'，填成 '낯설어서' 或 '복잡해서（复杂所以）'。"",""model"":""낯설어서 (또는 복잡해서)"",""model_zh"":""낯설어서（或 복잡해서）／意为“因为路很陌生／很复杂”"",""q_vi"":""Hãy đọc đoạn hội thoại sau và viết từ thích hợp vào chỗ ( ).<br>A: Hôm qua là lần đầu chị đến khu đó mà không bị lạc đường à?<br>B: Vì đường ( ) nên tôi loanh quanh mãi mới ra. Nhưng cũng nhờ xem bản đồ mà cuối cùng cũng tìm đến được."",""guide_vi"":""Hãy dùng '-아서/-어서' hoặc '-니까' để chỉ lý do. Tiếp nối '낯설다' (lạ lẫm), điền lý do như '낯설어서' (vì lạ lẫm) hoặc '복잡해서' (vì phức tạp)."",""model_vi"":""낯설어서 (hoặc 복잡해서) — vì đường lạ lẫm (vì đường phức tạp)"",""q_th"":""อ่านบทสนทนาต่อไปนี้แล้วเติมคำที่เหมาะสมลงใน ( )<br>ก: เป็นย่านที่เพิ่งไปครั้งแรกเมื่อวาน ไม่หลงทางเหรอคะ<br>ข: เพราะถนน ( ) เลยหลงทางอยู่นานเลยค่ะ แต่ก็ดูแผนที่จนหาเจอจนได้ค่ะ"",""guide_th"":""ให้ใช้รูปแสดงเหตุผล '-아서/-어서' หรือ '-니까' โดยรับคำว่า '낯설다' (ไม่คุ้นเคย) แล้วเติมเป็นเหตุผลอย่าง '낯설어서' หรือ '복잡해서' (ซับซ้อน)"",""model_th"":""낯설어서 (หรือ 복잡해서)"",""accept"":[""낯설어서"",""낯서니까"",""낯설기 때문에"",""낯설었기 때문에"",""복잡해서"",""복잡하니까"",""복잡하기 때문에"",""복잡했기 때문에"",""익숙하지 않아서"",""익숙하지 않으니까"",""익숙하지 않았기 때문에"",""처음이라서"",""처음이어서""],""nearMiss"":[""낯설으니까"",""낯설아서"",""낯설니까"",""낯설어서요"",""낯설어 가지고""],""hint"":""이유를 나타내는 '-아서/-어서' 또는 '-(으)니까'를 쓰고, 'ㄹ' 탈락 활용에 주의하세요.""}"
"pa-wri021","작문","writing","pre","807","{""id"":""pa-wri021"",""exam"":""pre"",""category"":""작문"",""type"":""writing"",""q"":""괄호 안의 말을 알맞은 형태로 바꿔 빈칸을 채우세요. (목적 -(으)려고)<br>\""한국어 실력을 ___(늘리다) 매일 일기를 씁니다.\"""",""q_zh"":""请把括号里的词变成正确的形态填入空格。（目的 -(으)려고）<br>“为了提高韩语水平，我每天写日记。（한국어 실력을 ___(늘리다) 매일 일기를 씁니다.）”"",""guide"":""목적을 나타내는 '-(으)려고'를 씁니다. 동사 어간에 받침이 있으면 '-으려고', 받침이 없으면 '-려고'를 붙입니다. '늘리다'는 받침이 없으므로 '늘리려고'가 됩니다. 정답: 늘리려고."",""guide_zh"":""用表示目的的“-(으)려고”。动词词干有收音时用“-으려고”，无收音时用“-려고”。“늘리다”无收音，所以是“늘리려고”。答案：늘리려고。"",""model"":""늘리려고"",""model_zh"":""为了提高"",""q_vi"":""Hãy chia từ trong ngoặc sang dạng thích hợp để điền vào chỗ trống. (mục đích -(으)려고)<br>\""Để ___(늘리다 - nâng cao) trình độ tiếng Hàn, tôi viết nhật ký mỗi ngày.\"""",""guide_vi"":""Dùng '-(으)려고' để chỉ mục đích. Nếu gốc động từ có patchim (phụ âm cuối) thì gắn '-으려고', nếu không có patchim thì gắn '-려고'. '늘리다' không có patchim nên thành '늘리려고'. Đáp án: 늘리려고."",""model_vi"":""để nâng cao"",""q_th"":""เปลี่ยนคำในวงเล็บให้เป็นรูปที่เหมาะสมแล้วเติมลงในช่องว่าง (จุดประสงค์ -(으)려고)<br>\""เพื่อ___(เพิ่มพูน) ความสามารถภาษาเกาหลี ฉันจึงเขียนไดอารีทุกวัน\"""",""guide_th"":""ใช้รูป '-(으)려고' ที่แสดงจุดประสงค์ หากรากคำกริยามีตัวสะกด (받침) ให้เติม '-으려고' หากไม่มีตัวสะกดให้เติม '-려고' คำว่า '늘리다' ไม่มีตัวสะกดจึงเป็น '늘리려고' คำตอบ: 늘리려고"",""model_th"":""เพื่อจะเพิ่ม (ให้มากขึ้น)"",""accept"":[""늘리려고""],""nearMiss"":[""늘리으려고"",""늘려고"",""늘리려구"",""늘리기 위해"",""늘리기 위해서""],""hint"":""목적을 나타내는 연결어미 '-(으)려고'를 쓰세요. 동사 어간에 받침이 없으면 '-려고'가 붙습니다.""}"
"pa-wri022","작문","writing","pre","808","{""id"":""pa-wri022"",""exam"":""pre"",""category"":""작문"",""type"":""writing"",""q"":""괄호 안의 말을 알맞은 형태로 바꿔 빈칸을 채우세요. (가정 -(으)면)<br>\""내일 날씨가 ___(좋다) 한강에서 자전거를 탈 거예요.\"""",""q_zh"":""请把括号里的词变成正确的形态填入空格。（假设 -(으)면）<br>“明天天气好的话，我打算在汉江骑自行车。（내일 날씨가 ___(좋다) 한강에서 자전거를 탈 거예요.）”"",""guide"":""조건·가정을 나타내는 '-(으)면'을 씁니다. 형용사 '좋다'는 받침이 있으므로 '-으면'을 붙여 '좋으면'이 됩니다. 정답: 좋으면."",""guide_zh"":""用表示条件·假设的“-(으)면”。形容词“좋다”有收音，加“-으면”变为“좋으면”。答案：좋으면。"",""model"":""좋으면"",""model_zh"":""好的话"",""q_vi"":""Hãy chia từ trong ngoặc sang dạng thích hợp để điền vào chỗ trống. (giả định -(으)면)<br>\""Nếu ngày mai thời tiết ___(좋다 - đẹp) thì tôi sẽ đi đạp xe ở sông Hàn (Hangang).\"""",""guide_vi"":""Dùng '-(으)면' để chỉ điều kiện, giả định. Tính từ '좋다' có patchim nên gắn '-으면' thành '좋으면'. Đáp án: 좋으면."",""model_vi"":""nếu (thời tiết) đẹp"",""q_th"":""เปลี่ยนคำในวงเล็บให้เป็นรูปที่เหมาะสมแล้วเติมลงในช่องว่าง (สมมติ -(으)면)<br>\""ถ้าพรุ่งนี้อากาศ___(ดี) ฉันจะไปปั่นจักรยานที่แม่น้ำฮัน (Hangang)\"""",""guide_th"":""ใช้รูป '-(으)면' ที่แสดงเงื่อนไขหรือการสมมติ คำคุณศัพท์ '좋다' มีตัวสะกด (받침) จึงเติม '-으면' กลายเป็น '좋으면' คำตอบ: 좋으면"",""model_th"":""ถ้า (อากาศ) ดี"",""accept"":[""좋으면""],""nearMiss"":[""좋면"",""좋다면"",""좋으시면""],""hint"":""가정·조건을 나타내는 '-(으)면'을 쓰세요. 어간에 받침이 있을 때의 형태를 생각해 보세요.""}"
"pa-wri023","작문","writing","pre","809","{""id"":""pa-wri023"",""exam"":""pre"",""category"":""작문"",""type"":""writing"",""q"":""괄호 안의 말을 '-고' 형태로 바꾸어 빈칸을 채우세요.<br>(나열 -고)<br>'저는 아침에 ___(일어나다) 세수를 한 후에 아침을 먹어요.'"",""q_zh"":""请把括号里的词变成「-고」形式填入空格。<br>(并列 -고)<br>「저는 아침에 ___(일어나다) 세수를 한 후에 아침을 먹어요.」"",""guide"":""두 동작을 순서대로 이어 말할 때 '-고'를 씁니다. '일어나다'에 '-고'를 붙이면 '일어나고'가 됩니다. 정답: 일어나고."",""guide_zh"":""按顺序连接两个动作时用“-고”。“일어나다”加“-고”变为“일어나고”。答案：일어나고。"",""model"":""일어나고"",""model_zh"":""起床，然后"",""q_vi"":""Hãy đổi từ trong ngoặc sang dạng '-고' và điền vào chỗ trống.<br>(liệt kê -고)<br>'저는 아침에 ___(일어나다) 세수를 한 후에 아침을 먹어요.'"",""guide_vi"":""Khi nối hai động tác theo thứ tự, ta dùng '-고'. Gắn '-고' vào '일어나다' thành '일어나고'. Đáp án: 일어나고."",""model_vi"":""thức dậy rồi"",""q_th"":""จงเปลี่ยนคำในวงเล็บเป็นรูป '-고' แล้วเติมลงในช่องว่าง<br>(การเรียงลำดับ -고)<br>'저는 아침에 ___(일어나다) 세수를 한 후에 아침을 먹어요.'"",""guide_th"":""ใช้ '-고' เมื่อกล่าวเชื่อมสองการกระทำตามลำดับ เมื่อเติม '-고' เข้ากับ '일어나다' จะกลายเป็น '일어나고' คำตอบ: 일어나고"",""model_th"":""ตื่นนอนแล้ว"",""accept"":[""일어나고""],""nearMiss"":[""일어나고서"",""일어났고""],""hint"":""두 동작을 나란히 이어 줄 때 쓰는 연결어미 '-고'를 쓰세요.""}"
"pa-wri024","작문","writing","pre","810","{""id"":""pa-wri024"",""exam"":""pre"",""category"":""작문"",""type"":""writing"",""q"":""괄호 안의 말을 알맞은 형태로 바꿔 빈칸을 채우세요. (대조 -지만)<br>\""이 식당은 음식은 ___(맛있다) 자리가 좀 좁아요.\"""",""q_zh"":""请把括号里的词变成正确的形态填入空格。（对比 -지만）<br>“这家餐厅菜好吃，但座位有点窄。（이 식당은 음식은 ___(맛있다) 자리가 좀 좁아요.）”"",""guide"":""앞뒤 내용이 서로 반대되거나 대조될 때 '-지만'을 씁니다. '맛있다'에 '-지만'을 붙여 '맛있지만'이 됩니다. 정답: 맛있지만."",""guide_zh"":""前后内容相反或对比时用“-지만”。“맛있다”加“-지만”变为“맛있지만”。答案：맛있지만。"",""model"":""맛있지만"",""model_zh"":""好吃，但是"",""q_vi"":""Hãy chia từ trong ngoặc sang dạng thích hợp để điền vào chỗ trống. (đối lập -지만)<br>\""Quán ăn này đồ ăn thì ___(맛있다 - ngon) nhưng chỗ ngồi hơi chật.\"""",""guide_vi"":""Khi nội dung trước và sau trái ngược hoặc đối lập nhau, ta dùng '-지만'. Gắn '-지만' vào '맛있다' thành '맛있지만'. Đáp án: 맛있지만."",""model_vi"":""tuy ngon nhưng"",""q_th"":""เปลี่ยนคำในวงเล็บให้เป็นรูปที่เหมาะสมแล้วเติมลงในช่องว่าง (การขัดแย้ง -지만)<br>\""ร้านนี้อาหาร___(อร่อย) แต่ที่นั่งค่อนข้างแคบ\"""",""guide_th"":""ใช้ '-지만' เมื่อเนื้อความก่อนและหลังตรงข้ามหรือขัดแย้งกัน เมื่อเติม '-지만' เข้ากับ '맛있다' จะกลายเป็น '맛있지만' คำตอบ: 맛있지만"",""model_th"":""อร่อยก็จริง แต่"",""accept"":[""맛있지만""],""nearMiss"":[""맛있는데"",""맛있습니다만"",""맛있지마는"",""맛있었지만""],""hint"":""앞뒤 내용이 서로 반대될 때 쓰는 대조의 연결어미 '-지만'을 쓰세요.""}"
"pa-wri025","작문","writing","pre","811","{""id"":""pa-wri025"",""exam"":""pre"",""category"":""작문"",""type"":""writing"",""q"":""괄호 안의 말을 써서 '경험'을 나타내는 문장을 완성하세요. (-(으)ㄴ 적이 있다)<br>\""저는 명절에 한복을 ___(입다) 적이 있어요.\"""",""q_zh"":""请用括号里的词完成表示“经验”的句子。（-(으)ㄴ 적이 있다）<br>“我在节日时穿过韩服。（저는 명절에 한복을 ___(입다) 적이 있어요.）”"",""guide"":""과거 경험을 말할 때 '동사 + -(으)ㄴ 적이 있다'를 씁니다. 받침이 있는 '입다'는 '-은'을 붙여 '입은'이 됩니다. (받침이 없는 동사는 '-ㄴ') 정답: 입은(입은 적이 있어요)."",""guide_zh"":""讲过去经验时用“动词 + -(으)ㄴ 적이 있다”。有收音的“입다”加“-은”，变为“입은”。（无收音的动词加“-ㄴ”）答案：입은（입은 적이 있어요）。"",""model"":""입은 (입은 적이 있어요)"",""model_zh"":""입은（입은 적이 있어요，穿过）"",""q_vi"":""Hãy dùng từ trong ngoặc để hoàn thành câu diễn đạt 'kinh nghiệm'. (-(으)ㄴ 적이 있다)<br>\""Tôi đã từng ___(입다 - mặc) hanbok vào dịp lễ tết.\"""",""guide_vi"":""Khi nói về kinh nghiệm trong quá khứ, ta dùng 'động từ + -(으)ㄴ 적이 있다'. '입다' có patchim nên gắn '-은' thành '입은'. (Động từ không có patchim thì dùng '-ㄴ') Đáp án: 입은 (입은 적이 있어요)."",""model_vi"":""đã từng mặc"",""q_th"":""ใช้คำในวงเล็บแต่งประโยคที่แสดง 'ประสบการณ์' (-(으)ㄴ 적이 있다)<br>\""ฉันเคย___(สวมใส่) ฮันบกในวันเทศกาล\"""",""guide_th"":""เมื่อกล่าวถึงประสบการณ์ในอดีต ใช้ 'คำกริยา + -(으)ㄴ 적이 있다' คำว่า '입다' มีตัวสะกด (받침) จึงเติม '-은' กลายเป็น '입은' (คำกริยาที่ไม่มีตัวสะกดใช้ '-ㄴ') คำตอบ: 입은 (입은 적이 있어요)"",""model_th"":""ที่เคยใส่ (เคยใส่มาแล้ว)"",""accept"":[""입은"",""입어 본""],""nearMiss"":[""입는"",""입을"",""입던"",""입었은"",""입어본 적이 있어요""],""hint"":""과거 경험은 '동사 + -(으)ㄴ 적이 있다'로 씁니다. 받침이 있는 어간에 붙는 관형형을 생각해 보세요.""}"
"pa-wri026","작문","writing","pre","812","{""id"":""pa-wri026"",""exam"":""pre"",""category"":""작문"",""type"":""writing"",""q"":""괄호 안의 말을 미래 '계획'을 나타내는 형태로 바꿔 빈칸을 채우세요. (-(으)ㄹ 것이다)<br>\""방학이 되면 저는 고향에 ___(돌아가다).\"""",""q_zh"":""请把括号里的词变成表示未来“计划”的形态填入空格。（-(으)ㄹ 것이다）<br>“放假的话，我打算回家乡。（방학이 되면 저는 고향에 ___(돌아가다).）”"",""guide"":""계획이나 의지를 나타낼 때 '-(으)ㄹ 것이다(거예요)'를 씁니다. 받침이 없는 '돌아가다'는 '-ㄹ 거예요'를 붙여 '돌아갈 거예요'가 됩니다. 정답: 돌아갈 거예요."",""guide_zh"":""表示计划或意志时用“-(으)ㄹ 것이다(거예요)”。无收音的“돌아가다”加“-ㄹ 거예요”变为“돌아갈 거예요”。答案：돌아갈 거예요。"",""model"":""돌아갈 거예요"",""model_zh"":""打算回去"",""q_vi"":""Hãy chia từ trong ngoặc sang dạng diễn đạt 'kế hoạch' tương lai để điền vào chỗ trống. (-(으)ㄹ 것이다)<br>\""Khi nghỉ lễ, tôi sẽ ___(돌아가다 - trở về) quê.\"""",""guide_vi"":""Khi diễn đạt kế hoạch hoặc ý định, ta dùng '-(으)ㄹ 것이다 (거예요)'. '돌아가다' không có patchim nên gắn '-ㄹ 거예요' thành '돌아갈 거예요'. Đáp án: 돌아갈 거예요."",""model_vi"":""tôi sẽ trở về"",""q_th"":""เปลี่ยนคำในวงเล็บให้เป็นรูปที่แสดง 'แผนการ' ในอนาคตแล้วเติมลงในช่องว่าง (-(으)ㄹ 것이다)<br>\""พอถึงปิดเทอม ฉันจะ___(กลับ) บ้านเกิด\"""",""guide_th"":""เมื่อแสดงแผนการหรือความตั้งใจ ใช้ '-(으)ㄹ 것이다(거예요)' คำว่า '돌아가다' ไม่มีตัวสะกด (받침) จึงเติม '-ㄹ 거예요' กลายเป็น '돌아갈 거예요' คำตอบ: 돌아갈 거예요"",""model_th"":""ฉันจะกลับไป"",""accept"":[""돌아갈 거예요"",""돌아갈 겁니다"",""돌아갈 것입니다"",""돌아갈 것이에요""],""nearMiss"":[""돌아갈 거에요"",""돌아가을 거예요"",""돌아가겠어요"",""돌아가겠습니다"",""돌아갈래요"",""돌아갈 거야"",""돌아갈 것이다"",""돌아갈거에요""],""hint"":""미래의 계획·의지는 '-(으)ㄹ 것이다(거예요)'로 씁니다. 받침이 없는 어간에 붙는 형태를 생각해 보세요.""}"
"pa-wri027","작문","writing","pre","813","{""id"":""pa-wri027"",""exam"":""pre"",""category"":""작문"",""type"":""writing"",""q"":""괄호 안의 말을 양보를 나타내는 형태로 바꿔 빈칸을 채우세요. ('아무리 ~아/어도')<br>\""아무리 길이 ___(멀다) 저는 매일 걸어서 회사에 갑니다.\"""",""q_zh"":""请把括号里的词变成表示让步的形态填入空格。（“아무리 ~아/어도”）<br>“无论路多远，我每天都走路去公司。（아무리 길이 ___(멀다) 저는 매일 걸어서 회사에 갑니다.）”"",""guide"":""'아무리'와 함께 양보를 나타낼 때 '-아/어도'를 씁니다. '멀다'는 어간 '멀-'의 모음이 'ㅓ'이므로 '-어도'가 붙어 '멀어도'가 됩니다. 정답: 멀어도."",""guide_zh"":""与“아무리”搭配表示让步时用“-아/어도”。“멀다”词干“멀-”的元音是“ㅓ”，因此加“-어도”，变为“멀어도”。答案：멀어도。"",""model"":""멀어도"",""model_zh"":""再远也"",""q_vi"":""Hãy chia từ trong ngoặc sang dạng diễn đạt sự nhượng bộ để điền vào chỗ trống. ('아무리 ~아/어도')<br>\""Dù đường có ___(멀다 - xa) đến đâu, ngày nào tôi cũng đi bộ đến công ty.\"""",""guide_vi"":""Khi diễn đạt sự nhượng bộ cùng với '아무리', ta dùng '-아/어도'. '멀다' có nguyên âm ở gốc '멀-' là 'ㅓ' nên gắn '-어도' thành '멀어도'. Đáp án: 멀어도."",""model_vi"":""dù có xa đến đâu"",""q_th"":""เปลี่ยนคำในวงเล็บให้เป็นรูปที่แสดงการยอมรับ/แม้ว่าแล้วเติมลงในช่องว่าง ('아무리 ~아/어도')<br>\""ไม่ว่าทาง___(ไกล) แค่ไหน ฉันก็เดินไปบริษัททุกวัน\"""",""guide_th"":""เมื่อแสดงการยอมรับ/แม้ว่าร่วมกับ '아무리' ใช้ '-아/어도' คำว่า '멀다' มีสระที่รากคำ '멀-' เป็น 'ㅓ' จึงเติม '-어도' กลายเป็น '멀어도' คำตอบ: 멀어도"",""model_th"":""ถึงจะไกลก็ตาม"",""accept"":[""멀어도""],""nearMiss"":[""멀아도"",""머어도"",""머러도"",""멀더라도"",""멀지라도""],""hint"":""'아무리'와 함께 쓰는 양보 표현 '-아/어도'를 쓰세요. 어간의 모음에 맞는 '-아도/-어도'를 고르세요.""}"
"pa-wri028","작문","writing","pre","814","{""id"":""pa-wri028"",""exam"":""pre"",""category"":""작문"",""type"":""writing"",""q"":""괄호 안의 말을 '변화'를 나타내는 형태로 바꿔 빈칸을 채우세요. (-게 되다)<br>\""처음에는 매운 음식을 못 먹었는데 이제는 잘 ___(먹다).\"""",""q_zh"":""请把括号里的词变成表示“变化”的形态填入空格。（-게 되다）<br>“一开始我不能吃辣，现在变得很能吃了。（처음에는 매운 음식을 못 먹었는데 이제는 잘 ___(먹다).）”"",""guide"":""상황의 변화나 결과를 나타낼 때 '동사 + -게 되다'를 씁니다. '먹다'에 붙이면 '먹게 되었어요(먹게 됐어요)'가 됩니다. 정답: 먹게 됐어요."",""guide_zh"":""表示情况变化或结果时用“动词 + -게 되다”。“먹다”变为“먹게 되었어요(먹게 됐어요)”。答案：먹게 됐어요。"",""model"":""먹게 됐어요 (먹게 되었어요)"",""model_zh"":""먹게 됐어요（变得能吃了）"",""q_vi"":""Hãy chia từ trong ngoặc sang dạng diễn đạt 'sự thay đổi' để điền vào chỗ trống. (-게 되다)<br>\""Lúc đầu tôi không ăn được đồ cay, nhưng bây giờ thì đã ___(먹다 - ăn) được rồi.\"""",""guide_vi"":""Khi diễn đạt sự thay đổi hoặc kết quả của tình huống, ta dùng 'động từ + -게 되다'. Gắn vào '먹다' thành '먹게 되었어요 (먹게 됐어요)'. Đáp án: 먹게 됐어요."",""model_vi"":""đã (trở nên) ăn được"",""q_th"":""เปลี่ยนคำในวงเล็บให้เป็นรูปที่แสดง 'การเปลี่ยนแปลง' แล้วเติมลงในช่องว่าง (-게 되다)<br>\""ตอนแรกกินอาหารเผ็ดไม่ได้ แต่ตอนนี้กลับ___(กิน) ได้เก่งแล้ว\"""",""guide_th"":""เมื่อแสดงการเปลี่ยนแปลงของสถานการณ์หรือผลลัพธ์ ใช้ 'คำกริยา + -게 되다' เมื่อเติมเข้ากับ '먹다' จะกลายเป็น '먹게 되었어요 (먹게 됐어요)' คำตอบ: 먹게 됐어요"",""model_th"":""กลายเป็นกินได้แล้ว"",""accept"":[""먹게 됐어요"",""먹게 되었어요"",""먹게 됐습니다"",""먹게 되었습니다"",""먹게 됐다"",""먹게 되었다""],""nearMiss"":[""먹게 됬어요"",""먹게 되요"",""먹게 돼요"",""먹게 되어요"",""먹게 돼서""],""hint"":""상황의 변화·결과는 '동사 + -게 되다'로 씁니다. 이미 변한 일이니 과거형으로 끝내세요.""}"
"pa-wri029","작문","writing","pre","815","{""id"":""pa-wri029"",""exam"":""pre"",""category"":""작문"",""type"":""writing"",""q"":""괄호 안의 말을 써서 '시간의 경과'를 나타내는 문장을 완성하세요. (-(으)ㄴ 지 …되다)<br>\""제가 한국에 ___(오다) 지 벌써 삼 년이 됐어요.\"""",""q_zh"":""请用括号里的词完成表示“时间经过”的句子。（-(으)ㄴ 지 …되다）<br>“我来韩国已经三年了。（제가 한국에 ___(오다) 지 벌써 삼 년이 됐어요.）”"",""guide"":""어떤 일을 한 뒤 시간이 얼마나 지났는지 말할 때 '-(으)ㄴ 지'를 씁니다. 받침이 없는 '오다'는 '-ㄴ'을 붙여 '온'이 됩니다. 정답: 온(온 지)."",""guide_zh"":""说做某事后过了多久时用“-(으)ㄴ 지”。无收音的“오다”加“-ㄴ”变为“온”。答案：온（온 지）。"",""model"":""온 (온 지)"",""model_zh"":""온（온 지，来了…之后）"",""q_vi"":""Hãy dùng từ trong ngoặc để hoàn thành câu diễn đạt 'sự trôi qua của thời gian'. (-(으)ㄴ 지 …되다)<br>\""Tôi ___(오다 - đến) Hàn Quốc đã được ba năm rồi.\"""",""guide_vi"":""Khi nói đã trôi qua bao lâu kể từ khi làm một việc gì đó, ta dùng '-(으)ㄴ 지'. '오다' không có patchim nên gắn '-ㄴ' thành '온'. Đáp án: 온 (온 지)."",""model_vi"":""kể từ khi đến"",""q_th"":""ใช้คำในวงเล็บแต่งประโยคที่แสดง 'ระยะเวลาที่ผ่านไป' (-(으)ㄴ 지 …되다)<br>\""นับตั้งแต่ฉัน___(มา) เกาหลี ก็ผ่านไปถึงสามปีแล้ว\"""",""guide_th"":""เมื่อกล่าวว่าหลังจากทำสิ่งใดสิ่งหนึ่งแล้วผ่านไปนานเท่าไร ใช้ '-(으)ㄴ 지' คำว่า '오다' ไม่มีตัวสะกด (받침) จึงเติม '-ㄴ' กลายเป็น '온' คำตอบ: 온 (온 지)"",""model_th"":""ตั้งแต่ที่มา"",""accept"":[""온""],""nearMiss"":[""오는"",""올"",""왔은"",""와 있은""],""hint"":""시간의 경과는 '동사 + -(으)ㄴ 지 …되다'로 씁니다. 받침이 없는 어간에 붙는 관형형을 생각해 보세요.""}"
"pa-wri030","작문","writing","pre","816","{""id"":""pa-wri030"",""exam"":""pre"",""category"":""작문"",""type"":""writing"",""q"":""괄호 안의 말을 이유를 나타내는 형태로 바꿔 빈칸을 채우세요. (-느라고)<br>\""어제는 시험공부를 ___(하다) 한숨도 못 잤어요.\"""",""q_zh"":""请把括号里的词变成表示原因的形态填入空格。（-느라고）<br>“昨天为了备考，我一点儿都没睡。（어제는 시험공부를 ___(하다) 한숨도 못 잤어요.）”"",""guide"":""어떤 일을 하느라 다른 일을 못 했다고 할 때 '동사 + -느라고'를 씁니다. '하다'에 붙이면 '하느라고'가 됩니다. 정답: 하느라고."",""guide_zh"":""说因为做某事而没能做别的事时用“动词 + -느라고”。“하다”变为“하느라고”。答案：하느라고。"",""model"":""하느라고"",""model_zh"":""因为做…而"",""q_vi"":""Hãy chia từ trong ngoặc sang dạng diễn đạt lý do để điền vào chỗ trống. (-느라고)<br>\""Hôm qua vì ___(하다 - làm) bài ôn thi nên tôi không chợp mắt được chút nào.\"""",""guide_vi"":""Khi nói vì bận làm một việc mà không làm được việc khác, ta dùng 'động từ + -느라고'. Gắn vào '하다' thành '하느라고'. Đáp án: 하느라고."",""model_vi"":""vì mải làm"",""q_th"":""เปลี่ยนคำในวงเล็บให้เป็นรูปที่แสดงเหตุผลแล้วเติมลงในช่องว่าง (-느라고)<br>\""เมื่อวาน___(อ่านหนังสือ) สอบ เลยไม่ได้นอนเลยสักนิด\"""",""guide_th"":""เมื่อกล่าวว่ามัวแต่ทำสิ่งหนึ่งจนไม่ได้ทำอีกสิ่งหนึ่ง ใช้ 'คำกริยา + -느라고' เมื่อเติมเข้ากับ '하다' จะกลายเป็น '하느라고' คำตอบ: 하느라고"",""model_th"":""เพราะมัวแต่ทำ"",""accept"":[""하느라""],""nearMiss"":[""했느라고"",""하느라구"",""하였느라고"",""하는 바람에""],""hint"":""'그 일을 하는 데 매달려서 다른 일을 못 했다'는 뜻입니다. 동사 어간에 '-느라고'를 그대로 붙이세요. 과거 '-았/었-'은 붙일 수 없습니다.""}"
"g726","작문","writing","nat","1518","{""id"":""g726"",""category"":""작문"",""type"":""writing"",""q"":""다음 주제로 200자 이내로 글을 쓰세요: 에너지 절약의 필요성과 실천 방법<br>① 에너지 절약이 왜 필요한지<br>② 우리 주변에서 에너지가 낭비되는 모습은 어떤 것이 있는지<br>③ 일상생활에서 실천할 수 있는 방법을 두 가지 이상<br>④ 앞으로 어떻게 실천해 나갈 것인지"",""q_zh"":""请就以下主题写一篇200字以内的短文：节约能源的必要性与实践方法<br>① 为什么需要节约能源<br>② 我们身边有哪些浪费能源的现象<br>③ 在日常生活中可以实践的方法（两种以上）<br>④ 今后你打算如何坚持实践"",""guide"":""필요성(①) → 낭비 사례(②) → 실천 방법 두 가지 이상(③) → 다짐(④) 순으로 한 편의 글로 이어 쓰세요. ①②에 각각 한 문장, ③에 두 문장, ④에 한 문장이면 200자에 맞습니다. ①은 자원·환경·요금 가운데 하나를 근거로 들고, '-습니다' 체로 씁니다."",""guide_zh"":""按 必要性（①）→ 浪费现象（②）→ 两种以上实践方法（③）→ 决心（④）的顺序连成一篇文章。①②各一句，③两句，④一句，正好200字左右。①要从资源、环境、费用中举出一个理由，并使用敬语体（-습니다）。"",""model"":""우리나라는 에너지의 대부분을 수입하고, 쓰는 만큼 온실가스가 나오기 때문에 절약이 꼭 필요합니다. 주변을 보면 빈방에 켜 둔 전등이나 밤새 꽂아 둔 충전기처럼 낭비되는 경우가 많습니다. 저는 방을 나갈 때 불을 끄고 쓰지 않는 플러그를 뽑습니다. 여름에는 냉방 온도를 너무 낮추지 않습니다. 이런 실천을 가족과 함께 꾸준히 이어 가겠습니다."",""model_zh"":""我国的能源大部分依赖进口，而且用多少就排放多少温室气体，因此节约十分必要。看看身边，空房间里亮着的灯、整夜插着的充电器等浪费现象很多。我出房间时会关灯，拔掉不用的插头，夏天也不把空调温度调得太低。今后我要和家人一起坚持这些做法。"",""q_vi"":""Hãy viết một đoạn văn không quá 200 chữ về chủ đề sau: Sự cần thiết của việc tiết kiệm năng lượng và cách thực hiện<br>① Vì sao cần tiết kiệm năng lượng<br>② Xung quanh chúng ta có những biểu hiện lãng phí năng lượng nào<br>③ Từ hai cách trở lên có thể thực hiện trong cuộc sống hằng ngày<br>④ Sắp tới bạn sẽ thực hiện như thế nào"",""guide_vi"":""Hãy nối theo thứ tự: sự cần thiết (①) → biểu hiện lãng phí (②) → từ hai cách thực hiện trở lên (③) → quyết tâm (④) thành một bài văn. Mỗi ý ① và ② một câu, ③ hai câu, ④ một câu là vừa 200 chữ. Ý ① nên nêu một căn cứ trong số tài nguyên, môi trường, chi phí, và viết bằng văn phong '-습니다'."",""model_vi"":""Nước ta nhập khẩu phần lớn năng lượng, và dùng bao nhiêu thì thải ra bấy nhiêu khí nhà kính, nên việc tiết kiệm là hết sức cần thiết. Nhìn quanh ta có nhiều trường hợp lãng phí như đèn bật trong phòng trống hay bộ sạc cắm suốt đêm. Khi ra khỏi phòng, tôi tắt đèn và rút phích cắm không dùng đến. Mùa hè tôi không để nhiệt độ điều hòa quá thấp. Tôi sẽ cùng gia đình duy trì đều đặn những việc làm này."",""q_th"":""จงเขียนเรียงความตามหัวข้อต่อไปนี้ภายใน 200 ตัวอักษร: ความจำเป็นของการประหยัดพลังงานและวิธีปฏิบัติ<br>① เหตุใดจึงต้องประหยัดพลังงาน<br>② รอบตัวเรามีการสิ้นเปลืองพลังงานในลักษณะใดบ้าง<br>③ วิธีที่ปฏิบัติได้ในชีวิตประจำวันตั้งแต่สองวิธีขึ้นไป<br>④ ต่อไปคุณจะปฏิบัติอย่างไร"",""guide_th"":""เขียนต่อเนื่องเป็นเรียงความชิ้นเดียวตามลำดับ ความจำเป็น (①) → ตัวอย่างการสิ้นเปลือง (②) → วิธีปฏิบัติตั้งแต่สองวิธี (③) → ความมุ่งมั่น (④) ① และ ② อย่างละหนึ่งประโยค ③ สองประโยค ④ หนึ่งประโยค จะพอดี 200 ตัวอักษร ข้อ ① ให้ยกเหตุผลจากทรัพยากร สิ่งแวดล้อม หรือค่าใช้จ่าย อย่างใดอย่างหนึ่ง และใช้สำนวน '-습니다'"",""model_th"":""ประเทศของเรานำเข้าพลังงานเป็นส่วนใหญ่ และใช้มากเท่าใดก็ปล่อยก๊าซเรือนกระจกมากเท่านั้น การประหยัดจึงจำเป็นอย่างยิ่ง มองไปรอบตัวก็เห็นการสิ้นเปลืองอยู่มาก เช่น ไฟที่เปิดทิ้งไว้ในห้องว่างหรือที่ชาร์จที่เสียบทิ้งไว้ทั้งคืน เวลาออกจากห้องฉันจะปิดไฟและถอดปลั๊กที่ไม่ได้ใช้ ฤดูร้อนฉันก็ไม่ปรับอุณหภูมิเครื่องปรับอากาศให้ต่ำเกินไป ฉันจะทำสิ่งเหล่านี้ร่วมกับครอบครัวอย่างต่อเนื่องต่อไป"",""parts"":[{""label"":""에너지 절약의 필요성"",""anyOf"":[""절약이 필요"",""꼭 필요"",""필요합니다"",""필요성"",""수입"",""한정된 자원"",""자원이 부족"",""고갈"",""온실가스"",""기후"",""지구"",""환경을 지"",""요금이"",""전기료가"",""부담"",""부족하기 때문""]},{""label"":""에너지가 낭비되는 모습"",""anyOf"":[""낭비"",""빈방"",""켜 둔"",""켜 놓"",""틀어 놓"",""밤새"",""충전기"",""대기전력"",""꽂아 둔"",""물을 틀어"",""방치"",""불필요하게"",""새어 나가"",""헛되이"",""아무도 없는데"",""그대로 두""]},{""label"":""일상 속 실천 방법"",""anyOf"":[""불을 끄"",""전등을 끄"",""플러그를 뽑"",""콘센트"",""에어컨"",""선풍기"",""계단"",""대중교통"",""자전거"",""냉방 온도"",""난방 온도"",""전기를 아껴"",""물을 아껴"",""장바구니"",""텀블러"",""사용하지 않는""]},{""label"":""앞으로의 실천 다짐"",""anyOf"":[""앞으로"",""실천하겠"",""실천해 나가"",""이어 가겠"",""꾸준히 이어"",""꾸준히 실천"",""지키겠"",""노력하겠"",""습관으로"",""가족과 함께"",""아이에게"",""알리고 싶"",""솔선"",""다짐"",""계속해서"",""이어 가려고""]}]}"
"g727","작문","writing","nat","1519","{""id"":""g727"",""category"":""작문"",""type"":""writing"",""q"":""다음 주제로 200자 이내로 글을 쓰세요: 자신이 자주 하는 운동<br>① 자주 하는 운동은 무엇이고 언제부터 해 왔는지<br>② 언제 어디서 어떤 방법으로 하는지<br>③ 그 운동이 몸과 마음에 어떤 도움이 되는지<br>④ 다른 사람에게 권하고 싶은 까닭은 무엇인지"",""q_zh"":""请就以下主题写一篇200字以内的短文：自己经常做的运动<br>① 你经常做的是什么运动，从什么时候开始做的<br>② 你在什么时候、什么地方、用什么方法做<br>③ 这项运动对身心有哪些好处<br>④ 你想推荐给别人的理由是什么"",""guide"":""운동 소개(①) → 하는 방법(②) → 몸과 마음에 좋은 점(③) → 권하는 까닭(④) 순으로 한 편의 글로 이어 쓰세요. ①②에 각각 한 문장, ③에 두 문장, ④에 한 문장이면 200자에 맞습니다. ③은 몸에 좋은 점과 마음에 좋은 점을 함께 들고, '-습니다' 체로 씁니다."",""guide_zh"":""按 介绍运动（①）→ 具体做法（②）→ 对身心的好处（③）→ 推荐理由（④）的顺序连成一篇文章。①②各一句，③两句，④一句，正好200字左右。③要同时写出对身体和对心情的好处，并使用敬语体（-습니다）。"",""model"":""저는 삼 년 전부터 걷기 운동을 꾸준히 하고 있습니다. 저녁을 먹은 뒤 집 근처 공원을 삼십 분 정도 빠른 걸음으로 걷습니다. 꾸준히 걸으니 다리에 힘이 생기고 잠도 잘 옵니다. 걷는 동안 생각이 정리되어 스트레스도 풀립니다. 걷기는 특별한 장비나 돈이 들지 않고 누구나 오늘부터 시작할 수 있어 이웃에게도 꼭 권하고 싶습니다."",""model_zh"":""我从三年前开始坚持走路锻炼。晚饭后我会在家附近的公园快走三十分钟左右。坚持走路后，腿变得有力气，睡眠也变好了。走的时候思绪也理顺了，压力随之缓解。走路不需要特别的器材和费用，谁都能从今天开始，所以我很想推荐给邻居。"",""q_vi"":""Hãy viết một đoạn văn không quá 200 chữ về chủ đề sau: Môn vận động mà bản thân thường tập<br>① Môn bạn thường tập là gì và bạn đã tập từ khi nào<br>② Bạn tập khi nào, ở đâu và bằng cách nào<br>③ Môn đó có lợi ích gì cho cơ thể và tinh thần<br>④ Lý do bạn muốn giới thiệu cho người khác là gì"",""guide_vi"":""Hãy nối theo thứ tự: giới thiệu môn vận động (①) → cách tập (②) → lợi ích cho cơ thể và tinh thần (③) → lý do giới thiệu (④) thành một bài văn. Mỗi ý ① và ② một câu, ③ hai câu, ④ một câu là vừa 200 chữ. Ý ③ nên nêu cả lợi ích về thể chất lẫn tinh thần, và viết bằng văn phong '-습니다'."",""model_vi"":""Từ ba năm trước tôi đã đều đặn đi bộ tập thể dục. Sau bữa tối, tôi đi bộ nhanh khoảng ba mươi phút ở công viên gần nhà. Nhờ đi bộ đều đặn, chân có sức hơn và tôi cũng ngủ ngon hơn. Trong lúc đi bộ, suy nghĩ được sắp xếp lại nên căng thẳng cũng tan biến. Đi bộ không tốn dụng cụ đặc biệt hay tiền bạc và ai cũng có thể bắt đầu ngay hôm nay, nên tôi rất muốn giới thiệu cho hàng xóm."",""q_th"":""จงเขียนเรียงความตามหัวข้อต่อไปนี้ภายใน 200 ตัวอักษร: การออกกำลังกายที่ตนเองทำเป็นประจำ<br>① การออกกำลังกายที่ทำเป็นประจำคืออะไร และทำมาตั้งแต่เมื่อใด<br>② ทำเมื่อใด ที่ไหน และด้วยวิธีใด<br>③ การออกกำลังกายนั้นมีประโยชน์ต่อร่างกายและจิตใจอย่างไร<br>④ เหตุผลที่อยากแนะนำให้ผู้อื่นคืออะไร"",""guide_th"":""เขียนต่อเนื่องเป็นเรียงความชิ้นเดียวตามลำดับ แนะนำการออกกำลังกาย (①) → วิธีทำ (②) → ประโยชน์ต่อร่างกายและจิตใจ (③) → เหตุผลที่แนะนำ (④) ① และ ② อย่างละหนึ่งประโยค ③ สองประโยค ④ หนึ่งประโยค จะพอดี 200 ตัวอักษร ข้อ ③ ให้ยกทั้งประโยชน์ต่อร่างกายและต่อจิตใจ และใช้สำนวน '-습니다'"",""model_th"":""ฉันเดินออกกำลังกายอย่างสม่ำเสมอมาตั้งแต่สามปีก่อน หลังอาหารเย็นฉันจะเดินเร็วราวสามสิบนาทีที่สวนสาธารณะใกล้บ้าน พอเดินอย่างสม่ำเสมอ ขาก็มีแรงขึ้นและนอนหลับได้ดี ระหว่างเดินความคิดก็ได้รับการจัดระเบียบ ความเครียดจึงคลายลง การเดินไม่ต้องใช้อุปกรณ์พิเศษหรือเงินทอง และใครก็เริ่มได้ตั้งแต่วันนี้ ฉันจึงอยากแนะนำให้เพื่อนบ้านด้วย"",""parts"":[{""label"":""하는 운동과 시작 시기"",""anyOf"":[""걷기"",""산책"",""등산"",""달리기"",""조깅"",""수영"",""자전거"",""요가"",""헬스"",""배드민턴"",""축구"",""줄넘기"",""전부터"",""년째"",""시작했"",""해 왔""]},{""label"":""운동하는 때·장소·방법"",""anyOf"":[""저녁"",""아침"",""주말"",""공원"",""집 근처"",""운동장"",""체육관"",""집에서"",""분 정도"",""시간 정도"",""일주일에"",""빠른 걸음"",""천천히"",""회씩"",""매일"",""끝난 뒤""]},{""label"":""몸과 마음에 주는 도움"",""anyOf"":[""건강해졌"",""건강이 좋아"",""건강에 도움"",""체력"",""다리에 힘"",""근육"",""살이 빠"",""잠이 잘"",""잠도 잘"",""숙면"",""소화"",""혈압"",""스트레스"",""기분이 좋아"",""생각이 정리"",""활력""]},{""label"":""남에게 권하는 까닭"",""anyOf"":[""권하"",""추천"",""누구나"",""쉽게 시작"",""시작할 수 있"",""돈이 들지"",""비용"",""장비"",""부담 없"",""나이에 상관"",""같이 하"",""해 보시"",""해 보라"",""해 보면 좋겠"",""어렵지 않"",""좋은 운동이라고""]}]}"
"g729","작문","writing","nat","1520","{""id"":""g729"",""category"":""작문"",""type"":""writing"",""q"":""다음 주제로 200자 이내로 글을 쓰세요: 내가 해 본 한국의 전통놀이<br>① 어떤 전통놀이를 언제 누구와 해 보았는지<br>② 그 놀이에 필요한 준비물과 노는 방법은 무엇인지<br>③ 고향의 비슷한 놀이와 다른 점은 무엇인지<br>④ 전통놀이를 해 보고 무엇을 느꼈는지"",""q_zh"":""请就以下主题写一篇200字以内的短文：我玩过的韩国传统游戏<br>① 你在什么时候、和谁一起玩过哪种传统游戏<br>② 这个游戏需要什么道具，怎么玩<br>③ 与家乡类似的游戏有什么不同<br>④ 玩过传统游戏后你有什么感受"",""guide"":""경험(①) → 준비물과 방법(②) → 고향 놀이와 다른 점(③) → 느낀 점(④) 순으로 한 편의 글로 이어 쓰세요. ①에 한 문장, ②에 두 문장, ③④에 각각 한 문장이면 200자에 맞습니다. ②는 준비물과 이기는 방법까지 밝혀야 설명이 완성되며, '-습니다' 체로 씁니다."",""guide_zh"":""按 经历（①）→ 道具与玩法（②）→ 与家乡游戏的不同（③）→ 感受（④）的顺序连成一篇文章。①一句，②两句，③④各一句，正好200字左右。②要把道具和取胜方式都写清楚，说明才算完整，并使用敬语体（-습니다）。"",""model"":""저는 지난 설날에 시댁 식구들과 함께 윷놀이를 해 보았습니다. 윷놀이는 윷 네 개와 윷판, 말만 있으면 됩니다. 윷을 던져 나온 결과대로 말을 옮기고, 말이 먼저 다 돌아오는 편이 이깁니다. 제 고향에도 주사위로 하는 놀이가 있지만, 편을 나누어 함께 응원하는 점이 달랐습니다. 전통놀이에는 온 가족을 하나로 모으는 힘이 있다고 느꼈습니다."",""model_zh"":""去年春节，我和婆家人一起玩了尤茨游戏。玩尤茨只需要四根尤茨木条、游戏盘和棋子。按掷出的结果移动棋子，先让所有棋子回到终点的一方获胜。我的家乡也有用骰子玩的游戏，但分成两队互相加油这一点不同。我感到，传统游戏有把全家人凝聚在一起的力量。"",""q_vi"":""Hãy viết một đoạn văn không quá 200 chữ về chủ đề sau: Trò chơi dân gian Hàn Quốc mà tôi từng chơi<br>① Bạn đã chơi trò dân gian nào, vào lúc nào và cùng với ai<br>② Trò đó cần những dụng cụ gì và cách chơi ra sao<br>③ Điểm khác với trò chơi tương tự ở quê hương bạn là gì<br>④ Sau khi chơi trò dân gian đó, bạn cảm nhận điều gì"",""guide_vi"":""Hãy nối theo thứ tự: trải nghiệm (①) → dụng cụ và cách chơi (②) → điểm khác với trò chơi quê hương (③) → cảm nghĩ (④) thành một bài văn. Một câu cho ①, hai câu cho ②, mỗi ý ③ và ④ một câu là vừa 200 chữ. Ý ② phải nêu cả dụng cụ lẫn cách thắng thì phần giải thích mới trọn vẹn, và viết bằng văn phong '-습니다'."",""model_vi"":""Dịp Tết Nguyên đán vừa rồi, tôi đã chơi trò yut cùng gia đình bên chồng. Chơi yut chỉ cần bốn thanh yut, bàn cờ và quân cờ. Tung yut ra kết quả thế nào thì di chuyển quân theo đó, bên nào đưa hết quân về đích trước thì thắng. Ở quê tôi cũng có trò chơi dùng xúc xắc, nhưng khác ở chỗ chia phe và cùng nhau cổ vũ. Tôi cảm nhận rằng trò chơi dân gian có sức mạnh gắn kết cả gia đình thành một khối."",""q_th"":""จงเขียนเรียงความตามหัวข้อต่อไปนี้ภายใน 200 ตัวอักษร: การละเล่นพื้นบ้านเกาหลีที่ฉันเคยเล่น<br>① คุณเคยเล่นการละเล่นพื้นบ้านใด เมื่อใด และกับใคร<br>② การละเล่นนั้นต้องใช้อุปกรณ์อะไรและเล่นอย่างไร<br>③ จุดที่ต่างจากการละเล่นคล้ายกันของบ้านเกิดคืออะไร<br>④ หลังจากได้เล่นการละเล่นพื้นบ้านแล้วคุณรู้สึกอย่างไร"",""guide_th"":""เขียนต่อเนื่องเป็นเรียงความชิ้นเดียวตามลำดับ ประสบการณ์ (①) → อุปกรณ์และวิธีเล่น (②) → จุดที่ต่างจากการละเล่นบ้านเกิด (③) → ความรู้สึก (④) ① หนึ่งประโยค ② สองประโยค ③ และ ④ อย่างละหนึ่งประโยค จะพอดี 200 ตัวอักษร ข้อ ② ต้องระบุทั้งอุปกรณ์และวิธีเอาชนะ คำอธิบายจึงจะสมบูรณ์ และใช้สำนวน '-습니다'"",""model_th"":""วันปีใหม่เกาหลีที่ผ่านมา ฉันได้เล่นยุทนอลีกับครอบครัวของสามี การเล่นยุทใช้เพียงไม้ยุทสี่อัน กระดานเล่น และตัวเดิน โยนไม้ยุทออกมาผลอย่างไรก็เดินตัวตามนั้น ฝ่ายที่พาตัวเดินกลับถึงเส้นชัยครบก่อนเป็นฝ่ายชนะ ที่บ้านเกิดของฉันก็มีการละเล่นที่ใช้ลูกเต๋า แต่ต่างกันตรงที่มีการแบ่งฝ่ายและเชียร์ไปด้วยกัน ฉันรู้สึกว่าการละเล่นพื้นบ้านมีพลังที่รวมทั้งครอบครัวให้เป็นหนึ่งเดียว"",""parts"":[{""label"":""놀이·시기·함께한 사람"",""anyOf"":[""해 보았"",""놀아 보았"",""해 봤"",""설날"",""추석"",""명절"",""작년"",""지난"",""처음 해 보"",""친구들과"",""가족과"",""아이들과"",""시댁"",""윷놀이"",""제기차기"",""연날리기""]},{""label"":""준비물과 노는 방법"",""anyOf"":[""준비물"",""준비하"",""준비해서"",""있으면 됩"",""필요합"",""필요한"",""노는 법"",""규칙"",""던져"",""던지"",""이깁"",""이기는"",""점수"",""차례"",""옮기"",""발로 차""]},{""label"":""고향 놀이와 다른 점"",""anyOf"":[""고향에서"",""고향에도"",""고향의 놀이"",""제 고향"",""점이 다"",""다른 점"",""달랐"",""달라서"",""점에서 다"",""다릅니"",""차이"",""비슷한 놀이"",""반면"",""제 나라"",""와 달리"",""과 달리""]},{""label"":""놀이를 해 본 소감"",""anyOf"":[""느꼈"",""느낀"",""깨달"",""배웠"",""알게 되었"",""생각하게 되"",""재미있었"",""즐거웠"",""뜻깊"",""소중"",""기억에 남"",""앞으로도"",""가까워졌"",""정이 들"",""마음이 따뜻"",""문화를 이해""]}]}"
"g730","작문","writing","nat","1521","{""id"":""g730"",""category"":""작문"",""type"":""writing"",""q"":""다음 주제로 200자 이내로 글을 쓰세요: 지금 살고 있는 지역 소개<br>① 지금 살고 있는 지역의 이름과 위치는 어디인지<br>② 그 지역에서 이름난 곳(명소)은 어디인지<br>③ 그 지역의 유명한 음식이나 특산물은 무엇인지<br>④ 그 지역에 살면서 좋은 점은 무엇이고 앞으로 바라는 점은 무엇인지"",""q_zh"":""请就以下主题写一篇200字以内的短文：介绍现在居住的地区<br>① 你现在居住的地区叫什么名字、位于何处<br>② 该地区的知名景点是哪里<br>③ 该地区有名的美食或特产是什么<br>④ 住在这个地区有什么好处，你今后有什么期望"",""guide"":""지역 이름과 위치(①) → 명소(②) → 음식이나 특산물(③) → 좋은 점과 바라는 점(④) 순으로 한 편의 글로 이어 쓰세요. ①에 한 문장, ②③에 각각 한두 문장, ④에 한 문장이면 200자에 맞습니다. 고향이 아니라 지금 사는 지역을 소개하고, '-습니다' 체로 씁니다."",""guide_zh"":""按 地区名称与位置（①）→ 知名景点（②）→ 美食或特产（③）→ 优点与期望（④）的顺序连成一篇文章。①一句，②③各一两句，④一句，正好200字左右。要介绍现在居住的地区而非家乡，并使用敬语体（-습니다）。"",""model"":""저는 지금 경기도의 한 도시에 살고 있습니다. 이곳에는 넓은 호수 공원이 있어 봄이면 벚꽃을 보러 오는 사람이 많습니다. 또 여러 나라 음식을 파는 다문화 거리도 유명합니다. 이 지역은 배와 포도가 잘 자라서 가을에는 직접 따는 체험도 할 수 있습니다. 교통이 편하고 외국인을 돕는 기관도 많아 앞으로도 이곳에서 오래 살고 싶습니다."",""model_zh"":""我现在住在京畿道的一座城市。这里有一座宽阔的湖水公园，一到春天，来赏樱花的人很多。此外，卖各国美食的多元文化街也很有名。这个地区盛产梨和葡萄，到了秋天还能亲手采摘体验。交通方便，帮助外国人的机构也多，今后我也想在这里长久地生活下去。"",""q_vi"":""Hãy viết một đoạn văn không quá 200 chữ về chủ đề sau: Giới thiệu khu vực đang sinh sống<br>① Khu vực bạn đang sống tên là gì và nằm ở đâu<br>② Địa danh nổi tiếng của khu vực đó là ở đâu<br>③ Món ăn hay đặc sản có tiếng của khu vực đó là gì<br>④ Sống ở khu vực đó có điểm gì tốt và bạn mong muốn điều gì trong tương lai"",""guide_vi"":""Hãy nối theo thứ tự: tên và vị trí khu vực (①) → thắng cảnh (②) → món ăn hoặc đặc sản (③) → điểm tốt và mong muốn (④) thành một bài văn. Một câu cho ①, một hai câu cho ② và ③, một câu cho ④ là vừa 200 chữ. Hãy giới thiệu khu vực đang sống chứ không phải quê hương, và viết bằng văn phong '-습니다'."",""model_vi"":""Hiện tôi đang sống ở một thành phố thuộc tỉnh Gyeonggi. Nơi đây có công viên hồ rộng lớn nên cứ đến mùa xuân là nhiều người tìm đến ngắm hoa anh đào. Ngoài ra, con phố đa văn hóa bán món ăn của nhiều nước cũng rất nổi tiếng. Khu vực này trồng lê và nho rất tốt, đến mùa thu còn có thể trải nghiệm tự tay hái. Giao thông thuận tiện và có nhiều cơ quan hỗ trợ người nước ngoài, nên tôi muốn sống lâu dài ở đây."",""q_th"":""จงเขียนเรียงความตามหัวข้อต่อไปนี้ภายใน 200 ตัวอักษร: แนะนำพื้นที่ที่อาศัยอยู่ในปัจจุบัน<br>① พื้นที่ที่คุณอาศัยอยู่ตอนนี้ชื่ออะไรและตั้งอยู่ที่ไหน<br>② สถานที่ขึ้นชื่อของพื้นที่นั้นอยู่ที่ใด<br>③ อาหารหรือของขึ้นชื่อประจำถิ่นของพื้นที่นั้นคืออะไร<br>④ การอาศัยอยู่ที่นั่นมีข้อดีอย่างไร และคุณคาดหวังสิ่งใดในอนาคต"",""guide_th"":""เขียนต่อเนื่องเป็นเรียงความชิ้นเดียวตามลำดับ ชื่อและที่ตั้งของพื้นที่ (①) → สถานที่ขึ้นชื่อ (②) → อาหารหรือของขึ้นชื่อ (③) → ข้อดีและสิ่งที่คาดหวัง (④) ① หนึ่งประโยค ② และ ③ อย่างละหนึ่งถึงสองประโยค ④ หนึ่งประโยค จะพอดี 200 ตัวอักษร ให้แนะนำพื้นที่ที่อาศัยอยู่ปัจจุบัน ไม่ใช่บ้านเกิด และใช้สำนวน '-습니다'"",""model_th"":""ตอนนี้ฉันอาศัยอยู่ในเมืองหนึ่งของจังหวัดคยองกี ที่นี่มีสวนสาธารณะริมทะเลสาบกว้างขวาง พอถึงฤดูใบไม้ผลิก็มีคนมาชมดอกซากุระมากมาย นอกจากนี้ถนนพหุวัฒนธรรมที่ขายอาหารหลากหลายประเทศก็มีชื่อเสียงเช่นกัน พื้นที่นี้ปลูกสาลี่และองุ่นได้ดี ในฤดูใบไม้ร่วงจึงได้ลองเก็บผลไม้ด้วยตนเอง การเดินทางสะดวกและมีหน่วยงานช่วยเหลือชาวต่างชาติจำนวนมาก ฉันจึงอยากอาศัยอยู่ที่นี่ไปอีกนาน"",""parts"":[{""label"":""사는 지역 이름과 위치"",""anyOf"":[""살고 있"",""삽니다"",""사는 곳"",""사는 지역"",""거주하"",""이사"",""도시에 살"",""에 있는 도시"",""광역시"",""특별시"",""서울"",""경기"",""인천"",""부산"",""울산"",""세종""]},{""label"":""지역의 명소"",""anyOf"":[""명소"",""유명한 곳"",""공원"",""호수"",""박물관"",""미술관"",""축제"",""관광"",""볼거리"",""구경"",""산책"",""벚꽃"",""유원지"",""전통 시장"",""보러 오는"",""많이 찾""]},{""label"":""유명 음식·특산물"",""anyOf"":[""특산"",""유명한 음식"",""대표 음식"",""음식이 유명"",""먹거리"",""맛집"",""음식이 맛있"",""잘 자라"",""재배"",""농사"",""과일"",""해산물"",""수산물"",""직접 따"",""생산"",""많이 나는""]},{""label"":""좋은 점과 바라는 점"",""anyOf"":[""좋은 점"",""살기 좋"",""편리"",""편하"",""깨끗"",""안전"",""조용"",""앞으로"",""바라는 점"",""바랍니다"",""좋겠"",""살고 싶"",""계속 살"",""만족"",""인심"",""이웃이 따뜻""]}]}"
"pa-wri031","작문","writing","pre","1522","{""id"":""pa-wri031"",""category"":""작문"",""type"":""writing"",""exam"":""pre"",""q"":""괄호 안의 말을 '-(으)ㄹ 정도로'를 사용한 표현으로 바꿔 문장을 완성하세요. (정도를 나타내는 표현)<br>\""이 떡볶이는 (눈물이 나다) 매웠어요.\"""",""q_zh"":""请把括号里的词改成使用 '-(으)ㄹ 정도로'（表示程度）的形式，完成句子。<br>\""이 떡볶이는 (눈물이 나다) 매웠어요.\""（这份炒年糕辣到让人流眼泪的程度。）"",""guide"":""어떤 상태가 '어느 만큼'인지 그 정도를 나타내는 연습입니다. 동사 '눈물이 나다'에 '-(으)ㄹ 정도로'를 붙여 '눈물이 날 정도로'로 바꾸면 됩니다."",""guide_zh"":""这是练习表达某种状态达到了'什么程度'。把动词 '눈물이 나다'（流眼泪）接上 '-(으)ㄹ 정도로'，变成 '눈물이 날 정도로' 即可。"",""model"":""이 떡볶이는 눈물이 날 정도로 매웠어요."",""model_zh"":""这份炒年糕辣到让人流眼泪的程度。"",""q_vi"":""Hãy đổi từ trong ngoặc sang dạng dùng '-(으)ㄹ 정도로' (diễn tả mức độ) để hoàn thành câu.<br>\""이 떡볶이는 (눈물이 나다) 매웠어요.\"" (Món tteokbokki này cay đến mức chảy cả nước mắt.)"",""guide_vi"":""Đây là bài luyện diễn tả một trạng thái đạt đến 'mức độ nào'. Gắn '-(으)ㄹ 정도로' vào động từ '눈물이 나다' (chảy nước mắt) để đổi thành '눈물이 날 정도로'."",""model_vi"":""Món tteokbokki này cay đến mức chảy cả nước mắt."",""q_th"":""จงเปลี่ยนคำในวงเล็บให้เป็นรูปที่ใช้ '-(으)ㄹ 정도로' (สำนวนบอกระดับ) เพื่อเติมประโยคให้สมบูรณ์<br>\""이 떡볶이는 (눈물이 나다) 매웠어요.\"" (ต็อกโบกีจานนี้เผ็ดจนน้ำตาไหล)"",""guide_th"":""นี่คือการฝึกบอกว่าสภาพอย่างหนึ่งอยู่ใน 'ระดับใด' นำคำกริยา '눈물이 나다' (น้ำตาไหล) มาเติม '-(으)ㄹ 정도로' ให้กลายเป็น '눈물이 날 정도로'"",""model_th"":""ต็อกโบกีจานนี้เผ็ดจนน้ำตาไหล"",""accept"":[""눈물이 날 정도로"",""눈물 날 정도로"",""눈물이 다 날 정도로""],""nearMiss"":[""눈물이 나는 정도로"",""눈물이 났을 정도로"",""눈물이 날 정도"",""눈물이 날 만큼"",""눈물이 나올 정도로"",""눈물 나올 정도로""],""hint"":""매운 '정도'를 나타내는 표현입니다. 동사 '나다'는 받침이 없으므로 어간에 '-ㄹ 정도로'를 붙이세요.""}"
"pa-wri032","작문","writing","pre","1523","{""id"":""pa-wri032"",""category"":""작문"",""type"":""writing"",""exam"":""pre"",""q"":""괄호 안의 말을 '-(으)ㄹ 만큼'을 사용한 표현으로 바꿔 문장을 완성하세요. (정도를 나타내는 표현)<br>\""축제 날 광장은 (발 디딜 틈이 없다) 사람이 많았어요.\"""",""q_zh"":""请把括号里的词改成使用 '-(으)ㄹ 만큼'（表示程度）的形式，完成句子。<br>\""축제 날 광장은 (발 디딜 틈이 없다) 사람이 많았어요.\""（庆典那天广场上人多到几乎无处落脚。）"",""guide"":""'-(으)ㄹ 만큼'은 뒤 내용의 정도가 앞의 상황과 비슷함을 나타냅니다. '발 디딜 틈이 없다'를 '발 디딜 틈이 없을 만큼'으로 바꿔 보세요."",""guide_zh"":""'-(으)ㄹ 만큼' 表示后面内容的程度与前面情况相当。把 '발 디딜 틈이 없다'（无处落脚）改成 '발 디딜 틈이 없을 만큼'。"",""model"":""축제 날 광장은 발 디딜 틈이 없을 만큼 사람이 많았어요."",""model_zh"":""庆典那天广场上人多到几乎无处落脚。"",""q_vi"":""Hãy đổi từ trong ngoặc sang dạng dùng '-(으)ㄹ 만큼' (diễn tả mức độ) để hoàn thành câu.<br>\""축제 날 광장은 (발 디딜 틈이 없다) 사람이 많았어요.\"" (Ngày lễ hội, quảng trường đông người đến mức không có chỗ đặt chân.)"",""guide_vi"":""'-(으)ㄹ 만큼' diễn tả mức độ của nội dung phía sau tương đương với tình huống phía trước. Hãy đổi '발 디딜 틈이 없다' (không có chỗ đặt chân) thành '발 디딜 틈이 없을 만큼'."",""model_vi"":""Ngày lễ hội, quảng trường đông người đến mức không có chỗ đặt chân."",""q_th"":""จงเปลี่ยนคำในวงเล็บให้เป็นรูปที่ใช้ '-(으)ㄹ 만큼' (สำนวนบอกระดับ) เพื่อเติมประโยคให้สมบูรณ์<br>\""축제 날 광장은 (발 디딜 틈이 없다) 사람이 많았어요.\"" (วันเทศกาล ลานกว้างมีคนเยอะจนแทบไม่มีที่จะเหยียบ)"",""guide_th"":""'-(으)ㄹ 만큼' ใช้บอกว่าระดับของเนื้อหาข้างหลังพอ ๆ กับสถานการณ์ข้างหน้า ลองเปลี่ยน '발 디딜 틈이 없다' (ไม่มีที่จะเหยียบ) เป็น '발 디딜 틈이 없을 만큼'"",""model_th"":""วันเทศกาล ลานกว้างมีคนเยอะจนแทบไม่มีที่จะเหยียบ"",""accept"":[""발 디딜 틈이 없을 만큼"",""발 디딜 틈도 없을 만큼"",""발 디딜 틈이 없을만큼""],""nearMiss"":[""발 디딜 틈이 없는 만큼"",""발 디딜 틈이 없었을 만큼"",""발 디딜 틈이 없을 만치"",""발 딛을 틈이 없을 만큼""],""hint"":""뒤 내용의 정도가 앞 상황과 비슷함을 나타내는 표현입니다. '없다'는 받침이 있으므로 '-을 만큼'을 붙이세요.""}"
"pa-wri033","작문","writing","pre","1524","{""id"":""pa-wri033"",""category"":""작문"",""type"":""writing"",""exam"":""pre"",""q"":""다음 상황을 '-(으)ㄹ 정도로' 또는 '-(으)ㄹ 만큼'을 사용하여 한 문장으로 쓰세요. (정도를 나타내는 표현)<br>상황: 어제 노래방에서 노래를 아주 많이 불러서 지금은 목소리가 잘 안 나온다."",""q_zh"":""请用 '-(으)ㄹ 정도로' 或 '-(으)ㄹ 만큼'（表示程度），把下面的情况写成一个句子。<br>情况：昨天在练歌房唱了很多歌，现在嗓子几乎发不出声音。"",""guide"":""결과(목소리가 안 나옴)를 정도 표현으로 만들어 앞에 놓고, 뒤에 행동(노래를 많이 불렀다)을 이어 보세요. 예: '목소리가 안 나올 정도로 …'. '정도로'와 '만큼' 모두 쓸 수 있습니다."",""guide_zh"":""把结果（嗓子发不出声音）做成程度表达放在前面，后面接上行为（唱了很多歌）。例：'목소리가 안 나올 정도로 …'。'정도로' 和 '만큼' 都可以用。"",""model"":""어제 목소리가 안 나올 정도로 노래를 많이 불렀어요."",""model_zh"":""昨天唱歌唱到嗓子都快发不出声音了。"",""q_vi"":""Hãy dùng '-(으)ㄹ 정도로' hoặc '-(으)ㄹ 만큼' (diễn tả mức độ) để viết tình huống sau thành một câu.<br>Tình huống: Hôm qua hát rất nhiều ở quán karaoke nên bây giờ gần như không nói ra tiếng."",""guide_vi"":""Hãy biến kết quả (không nói ra tiếng) thành cách nói mức độ đặt lên trước, rồi nối hành động (đã hát rất nhiều) ở sau. Ví dụ: '목소리가 안 나올 정도로 …'. Cả '정도로' và '만큼' đều dùng được."",""model_vi"":""Hôm qua tôi đã hát nhiều đến mức gần như không nói ra tiếng."",""q_th"":""จงใช้ '-(으)ㄹ 정도로' หรือ '-(으)ㄹ 만큼' (สำนวนบอกระดับ) เขียนสถานการณ์ต่อไปนี้ให้เป็นหนึ่งประโยค<br>สถานการณ์: เมื่อวานร้องเพลงที่ร้านคาราโอเกะเยอะมาก ตอนนี้เลยแทบไม่มีเสียง"",""guide_th"":""ทำผลลัพธ์ (เสียงแทบไม่ออก) ให้เป็นสำนวนบอกระดับวางไว้ข้างหน้า แล้วต่อด้วยการกระทำ (ร้องเพลงเยอะ) ข้างหลัง เช่น '목소리가 안 나올 정도로 …' ใช้ได้ทั้ง '정도로' และ '만큼'"",""model_th"":""เมื่อวานฉันร้องเพลงเยอะจนแทบไม่มีเสียง"",""accept"":[""안 나올 정도로 노래를 많이 불렀"",""안 나올 만큼 노래를 많이 불렀"",""안 날 정도로 노래를 많이 불렀"",""안 날 만큼 노래를 많이 불렀"",""목이 쉴 정도로 노래를 많이 불렀"",""목이 쉴 만큼 노래를 많이 불렀"",""안 나올 정도로 많이 불렀"",""안 나올 만큼 많이 불렀""],""nearMiss"":[""어제 목소리가 안 나오는 정도로 노래를 많이 불렀어요."",""어제 목소리가 안 나올 정도로 노래를 많이 부르었어요."",""어제 목소리가 안 나올 정도 노래를 많이 불렀어요.""],""hint"":""결과(목소리가 안 나옴)를 '-(으)ㄹ 정도로' 또는 '-(으)ㄹ 만큼' 형태로 만들어 앞에 놓고, 뒤에 '노래를 많이 불렀다'를 이으세요.""}"
"pa-wri034","작문","writing","pre","1525","{""id"":""pa-wri034"",""category"":""작문"",""type"":""writing"",""exam"":""pre"",""q"":""괄호 안의 말을 '-(으)ㄹ 정도로'를 사용한 표현으로 바꿔 문장을 완성하세요. (정도를 나타내는 표현)<br>\""동생은 한 달 만에 (믿을 수 없다) 한국어 실력이 늘었어요.\"""",""q_zh"":""请把括号里的词改成使用 '-(으)ㄹ 정도로'（表示程度）的形式，完成句子。<br>\""동생은 한 달 만에 (믿을 수 없다) 한국어 실력이 늘었어요.\""（弟弟/妹妹只用一个月，韩语水平就提高到令人难以置信的程度。）"",""guide"":""'믿을 수 없다'처럼 '-(으)ㄹ 수 없다' 형태에도 '정도로'를 붙일 수 있습니다. '믿을 수 없을 정도로'로 바꿔 보세요."",""guide_zh"":""像 '믿을 수 없다'（难以置信）这种 '-(으)ㄹ 수 없다' 的形式后面也可以接 '정도로'。改成 '믿을 수 없을 정도로'。"",""model"":""동생은 한 달 만에 믿을 수 없을 정도로 한국어 실력이 늘었어요."",""model_zh"":""弟弟/妹妹只用一个月，韩语水平就提高到令人难以置信的程度。"",""q_vi"":""Hãy đổi từ trong ngoặc sang dạng dùng '-(으)ㄹ 정도로' (diễn tả mức độ) để hoàn thành câu.<br>\""동생은 한 달 만에 (믿을 수 없다) 한국어 실력이 늘었어요.\"" (Chỉ trong một tháng, em tôi đã tiến bộ tiếng Hàn đến mức khó tin.)"",""guide_vi"":""Dạng '-(으)ㄹ 수 없다' như '믿을 수 없다' (không thể tin) cũng có thể gắn '정도로'. Hãy đổi thành '믿을 수 없을 정도로'."",""model_vi"":""Chỉ trong một tháng, em tôi đã tiến bộ tiếng Hàn đến mức khó tin."",""q_th"":""จงเปลี่ยนคำในวงเล็บให้เป็นรูปที่ใช้ '-(으)ㄹ 정도로' (สำนวนบอกระดับ) เพื่อเติมประโยคให้สมบูรณ์<br>\""동생은 한 달 만에 (믿을 수 없다) 한국어 실력이 늘었어요.\"" (แค่เดือนเดียว น้องก็เก่งภาษาเกาหลีขึ้นจนแทบไม่น่าเชื่อ)"",""guide_th"":""รูป '-(으)ㄹ 수 없다' อย่าง '믿을 수 없다' (ไม่น่าเชื่อ) ก็เติม '정도로' ได้ ลองเปลี่ยนเป็น '믿을 수 없을 정도로'"",""model_th"":""แค่เดือนเดียว น้องก็เก่งภาษาเกาหลีขึ้นจนแทบไม่น่าเชื่อ"",""accept"":[""믿을 수 없을 정도로"",""믿을 수가 없을 정도로""],""nearMiss"":[""믿을 수 없는 정도로"",""믿을 수 없었을 정도로"",""믿을 수 없을 정도"",""믿지 못할 정도로"",""믿기 힘들 정도로"",""믿을 수 없을 만큼"",""믿을 수 없게""],""hint"":""'-(으)ㄹ 수 없다'의 '없다'에 정도 표현을 붙이면 됩니다. 받침이 있으므로 '-을 정도로'입니다.""}"
"pa-wri035","작문","writing","pre","1526","{""id"":""pa-wri035"",""category"":""작문"",""type"":""writing"",""exam"":""pre"",""q"":""다음 대화의 ( )에 '-(으)ㄹ 정도로' 또는 '-(으)ㄹ 만큼'을 사용한 알맞은 말을 쓰세요. (정도를 나타내는 표현)<br>가: 오늘 저녁, 정말 맛있게 먹었어요.<br>나: 네, 저도 너무 맛있어서 ( ) 많이 먹었어요. 이제 걷기도 힘들어요."",""q_zh"":""请在下面对话的 ( ) 中，填入使用 '-(으)ㄹ 정도로' 或 '-(으)ㄹ 만큼'（表示程度）的合适说法。<br>가：今天晚饭真是吃得很香。<br>나：是啊，我也因为太好吃，（ ）吃了很多。现在连走路都费劲了。"",""guide"":""뒤 문장 '걷기도 힘들다'와 어울리게, 많이 먹은 '정도'를 표현하면 됩니다. 예: '배가 터지다/부르다'에 '-(으)ㄹ 정도로'를 붙여 보세요."",""guide_zh"":""要和后一句 '걷기도 힘들다'（连走路都费劲）相配，表达吃得'很多的程度'。例如给 '배가 터지다/부르다'（肚子要撑破/吃饱）接上 '-(으)ㄹ 정도로'。"",""model"":""네, 저도 너무 맛있어서 배가 터질 정도로 많이 먹었어요."",""model_zh"":""是啊，因为太好吃了，我吃到肚子都快撑破了。"",""q_vi"":""Hãy điền vào ( ) trong đoạn hội thoại sau một cách nói phù hợp dùng '-(으)ㄹ 정도로' hoặc '-(으)ㄹ 만큼' (diễn tả mức độ).<br>가: Bữa tối hôm nay ăn ngon thật.<br>나: Vâng, vì quá ngon nên tôi cũng đã ăn nhiều ( ). Giờ đến đi bộ cũng thấy nặng nề."",""guide_vi"":""Để hợp với câu sau '걷기도 힘들다' (đi bộ cũng thấy nặng nề), hãy diễn tả 'mức độ' của việc ăn nhiều. Ví dụ gắn '-(으)ㄹ 정도로' vào '배가 터지다/부르다' (no căng bụng/no)."",""model_vi"":""Vâng, vì quá ngon nên tôi đã ăn nhiều đến mức no căng cả bụng."",""q_th"":""จงเติมคำที่เหมาะสมโดยใช้ '-(으)ㄹ 정도로' หรือ '-(으)ㄹ 만큼' (สำนวนบอกระดับ) ลงใน ( ) ในบทสนทนาต่อไปนี้<br>가: มื้อเย็นวันนี้กินอร่อยจริง ๆ<br>나: ใช่ค่ะ เพราะอร่อยมากเลยกินไปเยอะ ( ) ตอนนี้ขนาดจะเดินยังลำบากเลย"",""guide_th"":""ให้เข้ากับประโยคหลัง '걷기도 힘들다' (จะเดินก็ยังลำบาก) โดยบอก 'ระดับ' ของการกินเยอะ เช่น เติม '-(으)ㄹ 정도로' เข้ากับ '배가 터지다/부르다' (ท้องจะแตก/อิ่ม)"",""model_th"":""ใช่ค่ะ เพราะอร่อยมากเลยกินจนท้องแทบจะแตก"",""accept"":[""배가 터질 정도로"",""배가 터질 만큼"",""배가 부를 정도로"",""배가 부를 만큼"",""배부를 정도로"",""배부를 만큼"",""배가 터질 것 같을 정도로"",""배가 아플 정도로""],""nearMiss"":[""배가 터지는 정도로"",""배가 터질 정도"",""배가 터졌을 정도로"",""배가 불를 정도로"",""배가 부른 만큼""],""hint"":""'걷기도 힘들다'와 어울리게 많이 먹은 '정도'를 나타내세요. 동사 어간에 '-(으)ㄹ 정도로' 또는 '-(으)ㄹ 만큼'을 붙입니다.""}"
"pa-wri036","작문","writing","pre","1527","{""id"":""pa-wri036"",""category"":""작문"",""type"":""writing"",""exam"":""pre"",""q"":""다음 설명이 가리키는 학교 서류의 이름을 한 단어로 쓰세요.<br>\""초·중·고등학교에서 학생의 출결 상황, 성적, 수상 경력, 봉사 활동 등을 학년마다 종합하여 기록하고 보관하는 공식 문서입니다.\"""",""q_zh"":""请用一个词写出下面说明所指的学校文件名称。<br>\""在中小学里，把学生的出勤情况、成绩、获奖经历、志愿服务等按每个年级综合起来记录并保管的正式文件。\"""",""guide"":""학생의 학교생활 전반을 여러 해 동안 누적해서 남기는 공식 기록을 가리키는 말입니다. 흔히 줄여서 '학생부'라고도 부릅니다."",""guide_zh"":""指的是把学生在校生活的方方面面、连续多年累积保存下来的正式记录。常简称为 '학생부'。"",""model"":""생활기록부 (또는 학교생활기록부)"",""model_zh"":""생활기록부（学生综合记录簿，也叫 학교생활기록부／学校生活记录簿）"",""q_vi"":""Hãy viết bằng một từ tên loại giấy tờ nhà trường mà phần mô tả sau đây nói đến.<br>\""Là văn bản chính thức ở trường tiểu học, trung học cơ sở, trung học phổ thông, ghi chép và lưu giữ tổng hợp theo từng khối lớp về tình hình chuyên cần, điểm số, thành tích khen thưởng, hoạt động tình nguyện... của học sinh.\"""",""guide_vi"":""Là loại hồ sơ chính thức lưu lại toàn bộ đời sống học đường của học sinh, tích lũy qua nhiều năm. Thường được gọi tắt là '학생부'."",""model_vi"":""생활기록부 (hồ sơ ghi chép quá trình học tập ở trường, còn gọi là 학교생활기록부)"",""q_th"":""จงเขียนชื่อเอกสารของโรงเรียนที่คำอธิบายต่อไปนี้กล่าวถึง เป็นคำเดียว<br>\""เป็นเอกสารทางการในโรงเรียนประถม มัธยมต้น และมัธยมปลาย ที่บันทึกและเก็บรวบรวมข้อมูลของนักเรียน เช่น การมาเรียน คะแนน ประวัติการได้รับรางวัล กิจกรรมจิตอาสา ฯลฯ โดยรวมในแต่ละชั้นปี\"""",""guide_th"":""หมายถึงบันทึกทางการที่เก็บสะสมเรื่องราวชีวิตในโรงเรียนของนักเรียนต่อเนื่องหลายปี มักเรียกย่อ ๆ ว่า '학생부'"",""model_th"":""생활기록부 (สมุดบันทึกประวัตินักเรียน หรือเรียกเต็มว่า 학교생활기록부)"",""accept"":[""생활기록부"",""학생부"",""생기부""],""nearMiss"":[""학생생활기록부"",""생활기록표"",""학교생활기록표"",""생활기록카드""],""hint"":""학생 한 사람의 학교생활 전반을 여러 해 동안 쌓아서 남기는 공식 '기록부'의 이름입니다.""}"
"pa-wri037","작문","writing","pre","1528","{""id"":""pa-wri037"",""category"":""작문"",""type"":""writing"",""exam"":""pre"",""q"":""다음 설명이 가리키는 학교 서류의 이름을 한 단어로 쓰세요.<br>\""학교에서 학사 일정, 준비물, 안내 사항 등을 학부모에게 알리기 위해 학생 편에 가정으로 보내는 문서입니다.\"""",""q_zh"":""请用一个词写出下面说明所指的学校文件名称。<br>\""学校为了把学期日程、需准备的物品、通知事项等告知家长，通过学生带回家里的文件。\"""",""guide"":""학교가 보호자에게 소식을 전할 때 가정으로 보내는 안내문을 가리킵니다. 요즘은 종이 대신 문자나 앱으로 받기도 합니다."",""guide_zh"":""指学校要向监护人传达消息时送到家里的通知文件。如今也常用短信或手机应用代替纸张来发送。"",""model"":""가정통신문"",""model_zh"":""家庭通知书／致家长通知"",""q_vi"":""Hãy viết bằng một từ tên loại giấy tờ nhà trường mà phần mô tả sau đây nói đến.<br>\""Là văn bản mà nhà trường gửi về gia đình qua học sinh, nhằm thông báo cho phụ huynh về lịch học, đồ dùng cần chuẩn bị, các nội dung cần lưu ý...\"""",""guide_vi"":""Là tờ thông báo nhà trường gửi về nhà khi cần truyền đạt thông tin cho người giám hộ. Ngày nay thường được gửi qua tin nhắn hoặc ứng dụng thay cho giấy."",""model_vi"":""thông báo nhà trường gửi về gia đình"",""q_th"":""จงเขียนชื่อเอกสารของโรงเรียนที่คำอธิบายต่อไปนี้กล่าวถึง เป็นคำเดียว<br>\""เป็นเอกสารที่โรงเรียนส่งกลับบ้านผ่านตัวนักเรียน เพื่อแจ้งผู้ปกครองเกี่ยวกับกำหนดการเรียน อุปกรณ์ที่ต้องเตรียม ข้อควรทราบต่าง ๆ\"""",""guide_th"":""หมายถึงหนังสือแจ้งที่โรงเรียนส่งไปที่บ้านเมื่อต้องการแจ้งข่าวแก่ผู้ปกครอง ปัจจุบันมักส่งผ่านข้อความหรือแอปแทนกระดาษ"",""model_th"":""หนังสือแจ้งจากโรงเรียนถึงผู้ปกครอง"",""accept"":[""가정통신문""],""nearMiss"":[""가정통신서"",""가정통신"",""통신문"",""가정안내문""],""hint"":""학교가 보호자에게 소식을 전하려고 '가정'으로 보내는 안내 문서의 이름을 다섯 글자로 쓰세요.""}"
"pa-wri038","작문","writing","pre","1529","{""id"":""pa-wri038"",""category"":""작문"",""type"":""writing"",""exam"":""pre"",""q"":""다음 설명이 가리키는 학교 장부의 이름을 한 단어로 쓰세요.<br>\""교사가 반 학생들이 수업에 나왔는지, 지각하거나 결석했는지를 날마다 확인하여 적는 장부입니다.\"""",""q_zh"":""请用一个词写出下面说明所指的学校簿册名称。<br>\""教师每天确认本班学生是否来上课、有没有迟到或缺席，并加以记录的簿册。\"""",""guide"":""학생들의 출결(출석·지각·결석)을 매일 표시해 두는 장부의 이름입니다. 회사에서 직원의 출근을 적는 것과 비슷한 역할을 학교에서 합니다."",""guide_zh"":""指每天标记学生出勤情况（出席·迟到·缺席）的簿册。作用类似公司里记录员工上班的考勤表，只是用在学校。"",""model"":""출석부"",""model_zh"":""点名簿／考勤簿"",""q_vi"":""Hãy viết bằng một từ tên loại sổ của nhà trường mà phần mô tả sau đây nói đến.<br>\""Là quyển sổ mà giáo viên hằng ngày kiểm tra và ghi lại việc học sinh trong lớp có đến học không, có đi trễ hay vắng mặt không.\"""",""guide_vi"":""Là tên quyển sổ dùng để ghi việc đi học hằng ngày của học sinh (có mặt · đi trễ · vắng). Vai trò của nó ở trường tương tự như bảng chấm công ghi việc đi làm của nhân viên ở công ty."",""model_vi"":""sổ điểm danh"",""q_th"":""จงเขียนชื่อสมุดบันทึกของโรงเรียนที่คำอธิบายต่อไปนี้กล่าวถึง เป็นคำเดียว<br>\""เป็นสมุดที่ครูใช้ตรวจสอบและจดทุกวันว่านักเรียนในห้องมาเรียนหรือไม่ มาสายหรือขาดเรียนหรือไม่\"""",""guide_th"":""คือชื่อสมุดที่ใช้บันทึกการมาเรียนของนักเรียนในแต่ละวัน (มาเรียน·มาสาย·ขาด) มีบทบาทคล้ายสมุดลงเวลาทำงานของพนักงานในบริษัท แต่ใช้ในโรงเรียน"",""model_th"":""สมุดเช็คชื่อ / สมุดบันทึกการเข้าเรียน"",""accept"":[""출석부""],""nearMiss"":[""출결부"",""출석표"",""출석대장"",""출결표"",""출석기록부""],""hint"":""학생들의 출석·지각·결석을 매일 표시해 두는 장부의 이름을 세 글자로 쓰세요.""}"
"wr05","작문","writing","nat","1602","{""id"":""wr05"",""category"":""작문"",""type"":""writing"",""q"":""다음 주제로 200자 이내로 글을 쓰세요: 대한민국 국민의 권리와 의무<br>① 대한민국 국민이 누리는 권리에는 무엇이 있는지<br>② 대한민국 국민이 지켜야 할 의무에는 무엇이 있는지<br>③ 그중 자신이 가장 중요하다고 생각하는 것과 그 이유는 무엇인지<br>④ 국민의 한 사람으로서 앞으로 어떻게 실천할 것인지"",""q_zh"":""请就以下主题写一篇200字以内的短文：大韩民国国民的权利与义务<br>① 大韩民国国民享有哪些权利<br>② 大韩民国国民应遵守哪些义务<br>③ 其中你认为最重要的是什么，理由是什么<br>④ 作为国民的一员，今后你打算如何践行"",""q_vi"":""Hãy viết một đoạn văn không quá 200 chữ về chủ đề sau: Quyền và nghĩa vụ của công dân Đại Hàn Dân Quốc<br>① Công dân Hàn Quốc được hưởng những quyền gì<br>② Công dân Hàn Quốc phải thực hiện những nghĩa vụ gì<br>③ Trong đó bạn cho điều nào là quan trọng nhất và vì sao<br>④ Là một công dân, sau này bạn sẽ thực hiện như thế nào"",""q_th"":""จงเขียนเรียงความตามหัวข้อต่อไปนี้ภายใน 200 ตัวอักษร: สิทธิและหน้าที่ของพลเมืองสาธารณรัฐเกาหลี<br>① พลเมืองเกาหลีมีสิทธิอะไรบ้าง<br>② พลเมืองเกาหลีต้องปฏิบัติตามหน้าที่ใดบ้าง<br>③ ในบรรดานั้นคุณคิดว่าสิ่งใดสำคัญที่สุดและเพราะเหตุใด<br>④ ในฐานะพลเมืองคนหนึ่ง ต่อไปคุณจะปฏิบัติอย่างไร"",""guide"":""네 갈래를 따로 떼지 말고 한 편의 글로 이어 쓰세요. ①에 권리를 두세 가지, ②에 의무를 두세 가지 들고, ③에서 하나를 골라 이유를 한 문장으로 밝힌 뒤 ④에서 다짐으로 마무리하면 200자에 맞습니다. '-습니다' 체로 씁니다."",""guide_zh"":""不要把四部分割开，要连成一篇完整短文。①举两三项权利，②举两三项义务，③选出其中一项并用一句话说明理由，④以决心作结，这样正好200字左右。使用敬语体（-습니다）。"",""guide_vi"":""Đừng tách rời bốn ý, hãy viết thành một bài liền mạch. ① nêu hai ba quyền, ② nêu hai ba nghĩa vụ, ③ chọn một điều và nêu lý do trong một câu, ④ kết lại bằng lời hứa thì vừa 200 chữ. Viết bằng văn phong '-습니다'."",""guide_th"":""อย่าแยกทั้งสี่ประเด็น ให้เขียนต่อเนื่องเป็นเรียงความชิ้นเดียว ① ยกสิทธิสองสามข้อ ② ยกหน้าที่สองสามข้อ ③ เลือกมาหนึ่งข้อพร้อมเหตุผลหนึ่งประโยค ④ ปิดท้ายด้วยความตั้งใจ จะพอดี 200 ตัวอักษร ใช้สำนวน '-습니다'"",""model"":""대한민국 국민은 자유롭게 생각을 말하고 직업을 고르며 선거에 참여할 권리를 누립니다. 또한 세금을 내고 자녀를 교육하며 나라를 지키고 성실히 일할 의무가 있습니다. 저는 그중에서 납세의 의무가 가장 중요하다고 생각합니다. 세금이 있어야 학교와 병원, 도로 같은 시설을 모두가 함께 쓸 수 있기 때문입니다. 앞으로 저는 세금을 제때 내고 선거에도 빠지지 않고 참여하겠습니다."",""model_zh"":""大韩民国国民享有自由表达想法、选择职业和参加选举的权利。同时也有纳税、让子女接受教育、保卫国家和勤勉工作的义务。我认为其中纳税义务最重要。因为有了税收，学校、医院、道路这些设施才能供大家共同使用。今后我会按时纳税，也绝不缺席选举。"",""model_vi"":""Công dân Hàn Quốc có quyền tự do bày tỏ suy nghĩ, chọn nghề nghiệp và tham gia bầu cử. Đồng thời có nghĩa vụ nộp thuế, cho con đi học, bảo vệ đất nước và lao động chăm chỉ. Tôi cho rằng nghĩa vụ nộp thuế là quan trọng nhất, vì có thuế thì trường học, bệnh viện, đường sá mới được mọi người cùng sử dụng. Sau này tôi sẽ nộp thuế đúng hạn và không vắng mặt trong các kỳ bầu cử."",""model_th"":""พลเมืองเกาหลีมีสิทธิแสดงความคิดอย่างเสรี เลือกอาชีพ และเข้าร่วมการเลือกตั้ง ขณะเดียวกันก็มีหน้าที่เสียภาษี ให้การศึกษาแก่บุตร ปกป้องประเทศ และทำงานอย่างขยันขันแข็ง ฉันคิดว่าหน้าที่เสียภาษีสำคัญที่สุด เพราะมีภาษีจึงจะมีโรงเรียน โรงพยาบาล และถนนให้ทุกคนใช้ร่วมกัน ต่อไปฉันจะเสียภาษีตรงเวลาและไปใช้สิทธิเลือกตั้งทุกครั้ง"",""parts"":[{""label"":""국민이 누리는 권리"",""anyOf"":[""권리를 누리"",""권리가 있"",""권리에는"",""할 권리"",""권리를 가지"",""자유롭게"",""평등"",""참정권"",""누립"",""누릴"",""표현의 자유"",""직업을 고르"",""직업 선택"",""교육받을 권리"",""인권"",""행복을 추구""]},{""label"":""국민이 지킬 의무"",""anyOf"":[""의무가 있"",""의무를 지키"",""의무에는"",""할 의무"",""의무입니다"",""의무를 다"",""세금을 내"",""납세"",""국방"",""병역"",""근로"",""환경 보전"",""자녀를 교육"",""나라를 지키"",""성실히 일"",""교육의 의무""]},{""label"":""가장 중요한 것과 이유"",""anyOf"":[""가장 중요"",""그중"",""무엇보다"",""중요하다고"",""까닭"",""이유는"",""중요성"",""중요하게"",""제일 중요"",""특히 중요"",""가장 필요"",""골랐"",""하나를 고른다면"",""왜냐하면"",""중요한 것은""]},{""label"":""앞으로의 실천 다짐"",""anyOf"":[""앞으로"",""실천"",""지키겠"",""내겠"",""참여하겠"",""하겠습니다"",""노력하겠"",""다짐"",""제때"",""빠지지 않"",""성실히 지키"",""지켜 나가"",""모범"",""앞장"",""좋은 국민이 되"",""나부터""]}]}"
"wr06","작문","writing","nat","1603","{""id"":""wr06"",""category"":""작문"",""type"":""writing"",""q"":""다음 주제로 200자 이내로 글을 쓰세요: 선거에 참여하는 것이 중요한 이유<br>① 선거란 무엇인지<br>② 한국에는 어떤 선거가 있는지<br>③ 선거에 참여하는 것이 왜 중요한지<br>④ 자신은 앞으로 어떻게 참여할 것인지"",""q_zh"":""请就以下主题写一篇200字以内的短文：参加选举为什么重要<br>① 什么是选举<br>② 韩国有哪些选举<br>③ 参加选举为什么重要<br>④ 今后你打算如何参与"",""q_vi"":""Hãy viết một đoạn văn không quá 200 chữ về chủ đề sau: Vì sao việc tham gia bầu cử lại quan trọng<br>① Bầu cử là gì<br>② Ở Hàn Quốc có những cuộc bầu cử nào<br>③ Vì sao tham gia bầu cử lại quan trọng<br>④ Sau này bạn sẽ tham gia như thế nào"",""q_th"":""จงเขียนเรียงความตามหัวข้อต่อไปนี้ภายใน 200 ตัวอักษร: เหตุใดการเข้าร่วมการเลือกตั้งจึงสำคัญ<br>① การเลือกตั้งคืออะไร<br>② ในเกาหลีมีการเลือกตั้งใดบ้าง<br>③ เหตุใดการเข้าร่วมการเลือกตั้งจึงสำคัญ<br>④ ต่อไปคุณจะเข้าร่วมอย่างไร"",""guide"":""①은 한 문장으로 정의를 쓰고, ②에서 선거 종류를 두세 가지 나열하세요. ③이 이 글의 중심이므로 두 문장 정도로 이유를 밝히고, ④는 자신의 다짐으로 짧게 맺습니다."",""guide_zh"":""①用一句话下定义，②列举两三种选举。③是全文重点，用两句左右说明理由，④用自己的决心简短收尾。"",""guide_vi"":""① viết định nghĩa trong một câu, ② liệt kê hai ba loại bầu cử. ③ là trọng tâm bài viết nên nêu lý do khoảng hai câu, ④ kết ngắn gọn bằng lời hứa của bản thân."",""guide_th"":""① เขียนนิยามหนึ่งประโยค ② ยกตัวอย่างการเลือกตั้งสองสามประเภท ③ เป็นใจความหลักจึงควรอธิบายเหตุผลราวสองประโยค ④ ปิดท้ายสั้น ๆ ด้วยความตั้งใจของตนเอง"",""model"":""선거는 국민이 자신을 대신해 일할 대표를 직접 뽑는 일입니다. 한국에는 대통령 선거와 국회의원 선거, 지방자치단체장과 지방의회 의원을 뽑는 선거가 있습니다. 선거가 중요한 까닭은 국민 한 사람 한 사람의 뜻이 모여 나라의 방향이 정해지기 때문입니다. 투표하지 않으면 내 생각은 정치에 전해지지 않습니다. 저는 후보자의 공약을 꼼꼼히 살펴보고 반드시 투표하겠습니다."",""model_zh"":""选举是国民直接选出代替自己行使职权的代表。韩国有总统选举、国会议员选举，以及选举地方自治团体首长和地方议会议员的选举。选举之所以重要，是因为每一位国民的意愿汇聚起来，决定了国家的方向。不投票，我的想法就无法传达到政治中去。我会仔细查看候选人的竞选承诺，一定去投票。"",""model_vi"":""Bầu cử là việc người dân trực tiếp chọn ra người đại diện làm việc thay mình. Ở Hàn Quốc có bầu cử Tổng thống, bầu cử Đại biểu Quốc hội, và bầu cử người đứng đầu chính quyền địa phương cùng đại biểu hội đồng địa phương. Bầu cử quan trọng vì ý nguyện của từng người dân góp lại sẽ quyết định hướng đi của đất nước. Không đi bỏ phiếu thì suy nghĩ của tôi không đến được với chính trị. Tôi sẽ xem kỹ cam kết của các ứng cử viên và nhất định đi bỏ phiếu."",""model_th"":""การเลือกตั้งคือการที่ประชาชนเลือกผู้แทนมาทำงานแทนตนเองโดยตรง ในเกาหลีมีการเลือกตั้งประธานาธิบดี การเลือกตั้งสมาชิกรัฐสภา และการเลือกตั้งผู้บริหารท้องถิ่นกับสมาชิกสภาท้องถิ่น การเลือกตั้งสำคัญเพราะเจตนารมณ์ของประชาชนแต่ละคนรวมกันเป็นทิศทางของประเทศ หากไม่ไปใช้สิทธิ ความคิดของฉันก็ไปไม่ถึงการเมือง ฉันจะพิจารณานโยบายของผู้สมัครอย่างละเอียดและไปใช้สิทธิเลือกตั้งอย่างแน่นอน"",""parts"":[{""label"":""선거의 뜻"",""anyOf"":[""선거란"",""대표를 뽑"",""대표자"",""뽑는 일"",""뽑는 것"",""뽑는 제도"",""선출하는"",""대신해"",""대신하여"",""뜻합니다"",""말합니다"",""국민이 뽑"",""직접 뽑"",""투표로 뽑"",""고르는 일"",""정하는 일""]},{""label"":""한국의 선거 종류"",""anyOf"":[""대통령"",""국회의원"",""지방선거"",""지방자치"",""단체장"",""도지사"",""시장을"",""교육감"",""시의원"",""구의원"",""군의원"",""총선"",""대선"",""보궐"",""지방의회"",""선거가 있""]},{""label"":""선거가 중요한 이유"",""anyOf"":[""중요한 까닭"",""중요한 이유"",""왜 중요"",""뜻이 모여"",""반영"",""민주주의"",""나라의 주인"",""목소리"",""정치에"",""나라의 방향"",""투표하지 않으면"",""뽑아야 하기"",""국민의 뜻"",""전해지지"",""참여해야""]},{""label"":""앞으로의 참여 다짐"",""anyOf"":[""앞으로"",""투표하겠"",""참여하겠"",""하겠습니다"",""공약"",""후보자"",""살펴보고"",""빠지지 않"",""기권하지"",""권리를 행사"",""꼼꼼히"",""챙겨"",""잊지 않"",""실천하겠"",""투표할 것"",""꼭 투표""]}]}"
"wr07","작문","writing","nat","1604","{""id"":""wr07"",""category"":""작문"",""type"":""writing"",""q"":""다음 주제로 200자 이내로 글을 쓰세요: 다문화 사회에서 함께 살아가는 방법<br>① 다문화 사회란 무엇인지<br>② 한국이 다문화 사회로 바뀌면서 달라진 점은 무엇인지<br>③ 서로 다른 문화가 어울려 살려면 무엇이 필요한지<br>④ 자신이 실천할 수 있는 일은 무엇인지"",""q_zh"":""请就以下主题写一篇200字以内的短文：在多元文化社会中共同生活的方法<br>① 什么是多元文化社会<br>② 韩国转向多元文化社会后有哪些变化<br>③ 不同文化要和谐共处需要什么<br>④ 你自己能做些什么"",""q_vi"":""Hãy viết một đoạn văn không quá 200 chữ về chủ đề sau: Cách chung sống trong xã hội đa văn hóa<br>① Xã hội đa văn hóa là gì<br>② Hàn Quốc đã thay đổi thế nào khi trở thành xã hội đa văn hóa<br>③ Cần điều gì để các nền văn hóa khác nhau chung sống hòa hợp<br>④ Bản thân bạn có thể làm gì"",""q_th"":""จงเขียนเรียงความตามหัวข้อต่อไปนี้ภายใน 200 ตัวอักษร: วิธีอยู่ร่วมกันในสังคมพหุวัฒนธรรม<br>① สังคมพหุวัฒนธรรมคืออะไร<br>② เกาหลีเปลี่ยนแปลงอย่างไรเมื่อกลายเป็นสังคมพหุวัฒนธรรม<br>③ ต้องมีสิ่งใดเพื่อให้วัฒนธรรมที่ต่างกันอยู่ร่วมกันได้<br>④ ตัวคุณเองทำอะไรได้บ้าง"",""guide"":""②에서는 자신이 직접 보고 겪은 변화를 쓰면 글이 살아납니다. ③에서 '존중'이라는 말만 되풀이하지 말고 어떻게 존중하는지를 구체적으로 쓰세요. ④는 자신이 실제로 할 수 있는 작은 일 하나로 맺습니다."",""guide_zh"":""②写你亲眼所见、亲身经历的变化，文章才有说服力。③不要只反复说\""尊重\""，要具体写怎么尊重。④以一件你实际做得到的小事收尾。"",""guide_vi"":""Ở ② nên viết những thay đổi bạn tận mắt thấy và trải qua thì bài văn mới sinh động. Ở ③ đừng chỉ lặp lại từ 'tôn trọng' mà hãy viết cụ thể tôn trọng bằng cách nào. ④ kết bằng một việc nhỏ mà bạn thực sự làm được."",""guide_th"":""ใน ② ควรเขียนความเปลี่ยนแปลงที่คุณเห็นและประสบด้วยตนเอง บทความจะมีชีวิตชีวา ใน ③ อย่าเพียงพูดคำว่า 'เคารพ' ซ้ำ ๆ แต่ให้เขียนให้ชัดว่าเคารพอย่างไร ④ ปิดท้ายด้วยเรื่องเล็ก ๆ ที่คุณทำได้จริง"",""model"":""다문화 사회는 여러 나라에서 온 사람들이 함께 어울려 사는 사회를 말합니다. 한국에도 외국인 주민이 늘어나면서 학교와 시장, 일터에서 다양한 언어와 음식을 접할 수 있게 되었습니다. 서로 다른 문화가 어울려 살려면 상대의 문화를 낮추어 보지 않고 먼저 물어보고 배우려는 태도가 필요합니다. 저는 이웃에게 먼저 인사하고 제 고향의 음식과 명절을 소개하며 서로를 알아 가는 자리를 만들겠습니다."",""model_zh"":""多元文化社会是指来自多个国家的人共同生活的社会。随着外国居民增多，在韩国的学校、市场和职场也能接触到各种语言和饮食。不同文化要和谐共处，需要的是不轻视对方的文化，先去询问、愿意学习的态度。我会主动向邻居打招呼，介绍家乡的饮食和节日，创造彼此了解的机会。"",""model_vi"":""Xã hội đa văn hóa là xã hội nơi những người đến từ nhiều quốc gia cùng chung sống. Khi cư dân nước ngoài tăng lên, ở trường học, chợ và nơi làm việc tại Hàn Quốc cũng có thể tiếp xúc với nhiều ngôn ngữ và món ăn khác nhau. Để các nền văn hóa khác nhau chung sống hòa hợp, cần thái độ không xem thường văn hóa của người khác mà chủ động hỏi và học hỏi. Tôi sẽ chào hỏi hàng xóm trước, giới thiệu món ăn và ngày lễ của quê mình để tạo cơ hội hiểu nhau."",""model_th"":""สังคมพหุวัฒนธรรมคือสังคมที่ผู้คนจากหลายประเทศอยู่ร่วมกัน เมื่อผู้อยู่อาศัยชาวต่างชาติเพิ่มขึ้น ในโรงเรียน ตลาด และที่ทำงานของเกาหลีก็ได้พบภาษาและอาหารที่หลากหลาย การจะอยู่ร่วมกันได้ต้องมีท่าทีที่ไม่ดูแคลนวัฒนธรรมของอีกฝ่าย แต่ถามและเรียนรู้ก่อน ฉันจะทักทายเพื่อนบ้านก่อน แนะนำอาหารและเทศกาลของบ้านเกิด เพื่อสร้างโอกาสให้เราได้รู้จักกัน"",""parts"":[{""label"":""다문화 사회의 뜻"",""anyOf"":[""다문화 사회란"",""사회를 말"",""사회를 뜻"",""말합니다"",""뜻합니다"",""여러 나라에서 온"",""함께 어울려 사는"",""어울려 사는 사회"",""국적"",""인종"",""이주민"",""피부색"",""섞여 사는"",""민족"",""출신이 다른"",""여러 나라 사람""]},{""label"":""한국에서 달라진 점"",""anyOf"":[""외국인 주민"",""결혼이민"",""늘어나면서"",""늘어났"",""늘어나고 있"",""늘었"",""많아졌"",""달라졌"",""달라진 점"",""변했"",""예전에는"",""전보다"",""쉽게 볼 수"",""흔히 볼 수"",""접할 수 있게"",""다문화 가정""]},{""label"":""함께 살기 위한 조건"",""anyOf"":[""존중"",""이해하려"",""태도가 필요"",""태도가 중요"",""배우려"",""편견"",""차별"",""인정하고"",""인정해야"",""물어보고"",""열린 마음"",""어울려 살려면"",""노력이 필요"",""낮추어 보지"",""받아들이"",""귀 기울""]},{""label"":""내가 실천할 일"",""anyOf"":[""하겠습니다"",""실천"",""인사하"",""소개하"",""만들겠"",""참여하겠"",""노력하겠"",""초대"",""나누겠"",""가르쳐"",""함께하겠"",""앞장"",""저부터"",""작은 일"",""먼저 다가"",""도와주겠""]}]}"
"wr08","작문","writing","nat","1605","{""id"":""wr08"",""category"":""작문"",""type"":""writing"",""q"":""다음 주제로 200자 이내로 글을 쓰세요: 저출산·고령화 사회의 문제와 해결 방법<br>① 저출산과 고령화가 무엇인지<br>② 그로 인해 어떤 문제가 생기는지<br>③ 사회가 어떤 노력을 해야 하는지<br>④ 이에 대한 자신의 생각은 무엇인지"",""q_zh"":""请就以下主题写一篇200字以内的短文：低生育率与老龄化社会的问题及解决方法<br>① 什么是低生育率和老龄化<br>② 由此会产生哪些问题<br>③ 社会应做出哪些努力<br>④ 你对此有何看法"",""q_vi"":""Hãy viết một đoạn văn không quá 200 chữ về chủ đề sau: Vấn đề của xã hội ít trẻ em, già hóa dân số và cách giải quyết<br>① Thế nào là tỷ lệ sinh thấp và già hóa dân số<br>② Điều đó gây ra những vấn đề gì<br>③ Xã hội cần nỗ lực như thế nào<br>④ Suy nghĩ của bạn về vấn đề này"",""q_th"":""จงเขียนเรียงความตามหัวข้อต่อไปนี้ภายใน 200 ตัวอักษร: ปัญหาสังคมเด็กเกิดน้อยและผู้สูงอายุมาก กับวิธีแก้ไข<br>① อัตราการเกิดต่ำและสังคมสูงวัยคืออะไร<br>② สิ่งนี้ก่อให้เกิดปัญหาใดบ้าง<br>③ สังคมควรพยายามอย่างไร<br>④ ความคิดเห็นของคุณต่อเรื่องนี้"",""guide"":""①은 두 낱말의 뜻을 한 문장으로 묶어 정의하면 깔끔합니다. ②는 '일할 사람이 줄어든다', '돌봄 부담이 커진다'처럼 결과를 구체적으로 쓰고, ③은 대책을 두 가지 정도 드세요."",""guide_zh"":""①把两个词的意思合在一句里下定义比较利落。②要具体写出结果，比如\""劳动人口减少\""\""照护负担加重\""，③举出两项左右的对策。"",""guide_vi"":""① nên gộp nghĩa của hai từ vào một câu định nghĩa cho gọn. ② hãy viết cụ thể hệ quả như 'người lao động giảm', 'gánh nặng chăm sóc tăng', ③ nêu khoảng hai biện pháp."",""guide_th"":""① ควรรวมความหมายของสองคำไว้ในประโยคนิยามเดียวจะกระชับ ② เขียนผลกระทบให้ชัด เช่น 'คนวัยทำงานลดลง' 'ภาระการดูแลเพิ่มขึ้น' ③ ยกมาตรการราวสองข้อ"",""model"":""저출산은 태어나는 아이가 줄어드는 것이고 고령화는 노인 인구가 늘어나는 것입니다. 이런 변화가 이어지면 일할 사람이 줄어들고 노인을 돌보는 사회의 부담이 커집니다. 그래서 아이를 키우는 가정에 지원을 늘리고, 일과 육아를 함께할 수 있도록 근무 시간을 유연하게 바꾸어야 합니다. 또 노인이 건강하게 일할 수 있는 일자리도 마련해야 합니다. 저는 아이와 노인 모두가 존중받는 사회가 되어야 한다고 생각합니다."",""model_zh"":""低生育率是指出生的孩子减少，老龄化是指老年人口增加。这种变化持续下去，劳动人口会减少，社会照护老人的负担会加重。因此要增加对育儿家庭的支持，并让工作时间更灵活，使人们能兼顾工作与育儿。还应为老年人提供能够健康工作的岗位。我认为，社会应当让孩子和老人都受到尊重。"",""model_vi"":""Tỷ lệ sinh thấp là số trẻ được sinh ra giảm đi, còn già hóa là dân số người cao tuổi tăng lên. Nếu tình trạng này tiếp diễn, số người lao động sẽ giảm và gánh nặng chăm sóc người già của xã hội sẽ tăng. Vì vậy cần tăng hỗ trợ cho các gia đình nuôi con và điều chỉnh giờ làm linh hoạt để vừa làm việc vừa chăm con. Cũng cần tạo việc làm để người cao tuổi có thể làm việc một cách khỏe mạnh. Tôi cho rằng xã hội phải là nơi cả trẻ em lẫn người già đều được tôn trọng."",""model_th"":""อัตราการเกิดต่ำคือจำนวนเด็กที่เกิดลดลง ส่วนสังคมสูงวัยคือประชากรผู้สูงอายุเพิ่มขึ้น หากเป็นเช่นนี้ต่อไป คนวัยทำงานจะลดลงและภาระการดูแลผู้สูงอายุของสังคมจะเพิ่มขึ้น จึงควรเพิ่มการสนับสนุนแก่ครอบครัวที่เลี้ยงลูก และปรับเวลาทำงานให้ยืดหยุ่นเพื่อให้ทำงานและเลี้ยงลูกไปพร้อมกันได้ อีกทั้งควรจัดหางานที่ผู้สูงอายุทำได้อย่างมีสุขภาพดี ฉันคิดว่าสังคมควรเป็นที่ซึ่งทั้งเด็กและผู้สูงอายุได้รับความเคารพ"",""parts"":[{""label"":""저출산·고령화의 뜻"",""anyOf"":[""저출산은"",""고령화는"",""저출산이란"",""고령화란"",""태어나는 아이"",""출생"",""출산율"",""아이가 줄어"",""노인 인구"",""인구가 늘어나는"",""65세"",""고령 인구"",""평균 수명"",""뜻합니다"",""늘어나는 현상"",""아이를 적게 낳""]},{""label"":""그로 인해 생기는 문제"",""anyOf"":[""문제가 생깁"",""여러 문제"",""문제점"",""부담이 커"",""부담이 늘"",""일할 사람"",""일손"",""노동력"",""줄어들고"",""커집니다"",""어려워집"",""연금"",""돌봄"",""돌보는 부담"",""심각"",""지역이 사라""]},{""label"":""사회가 할 노력"",""anyOf"":[""지원을 늘"",""지원이 필요"",""지원해야"",""정책"",""늘려야"",""마련해야"",""마련하고"",""바꾸어야"",""육아"",""보육"",""어린이집"",""일자리를 만들"",""근무 시간"",""제도가 필요"",""제도를 마련"",""대책""]},{""label"":""이에 대한 내 생각"",""anyOf"":[""생각입니다"",""제 생각"",""바랍니다"",""느낍니다"",""관심을 가지"",""함께 노력"",""존중받는"",""살기 좋은"",""희망"",""동참"",""노력하겠"",""바람직"",""마음입니다"",""아이와 노인 모두"",""우리 모두"",""되어야 한다고""]}]}"
"wr09","작문","writing","nat","1606","{""id"":""wr09"",""category"":""작문"",""type"":""writing"",""q"":""다음 주제로 200자 이내로 글을 쓰세요: 봉사활동의 의미와 나의 참여 계획<br>① 봉사활동이란 무엇인지<br>② 자신이 해 보았거나 하고 싶은 봉사활동은 무엇인지<br>③ 봉사활동이 사회에 주는 좋은 점은 무엇인지<br>④ 앞으로 어떻게 참여할 계획인지"",""q_zh"":""请就以下主题写一篇200字以内的短文：志愿服务的意义与我的参与计划<br>① 什么是志愿服务<br>② 你做过或想做的志愿服务是什么<br>③ 志愿服务给社会带来哪些好处<br>④ 今后你打算如何参与"",""q_vi"":""Hãy viết một đoạn văn không quá 200 chữ về chủ đề sau: Ý nghĩa của hoạt động tình nguyện và kế hoạch tham gia của tôi<br>① Hoạt động tình nguyện là gì<br>② Hoạt động tình nguyện bạn đã làm hoặc muốn làm là gì<br>③ Hoạt động tình nguyện mang lại lợi ích gì cho xã hội<br>④ Sau này bạn dự định tham gia thế nào"",""q_th"":""จงเขียนเรียงความตามหัวข้อต่อไปนี้ภายใน 200 ตัวอักษร: ความหมายของงานอาสาสมัครกับแผนการเข้าร่วมของฉัน<br>① งานอาสาสมัครคืออะไร<br>② งานอาสาสมัครที่คุณเคยทำหรืออยากทำคืออะไร<br>③ งานอาสาสมัครมีประโยชน์ต่อสังคมอย่างไร<br>④ ต่อไปคุณวางแผนจะเข้าร่วมอย่างไร"",""guide"":""②에서 봉사활동의 이름만 쓰지 말고 왜 그것을 골랐는지 한 문장을 덧붙이면 글이 깊어집니다. ④는 '한 달에 한 번'처럼 기간을 넣어 구체적으로 쓰세요."",""guide_zh"":""②不要只写志愿服务的名称，加一句为什么选它，文章会更有深度。④要写具体，比如\""每月一次\""这样带上频次。"",""guide_vi"":""Ở ② đừng chỉ ghi tên hoạt động, hãy thêm một câu vì sao bạn chọn nó thì bài viết sẽ sâu hơn. ④ nên viết cụ thể có kèm tần suất như 'mỗi tháng một lần'."",""guide_th"":""ใน ② อย่าเขียนเพียงชื่อกิจกรรม ให้เพิ่มอีกหนึ่งประโยคว่าทำไมจึงเลือกสิ่งนั้น บทความจะลึกขึ้น ④ ควรเขียนให้ชัดเจนพร้อมความถี่ เช่น 'เดือนละหนึ่งครั้ง'"",""model"":""봉사활동은 대가를 바라지 않고 다른 사람과 사회를 돕는 일입니다. 저는 주민센터에서 한국어가 서툰 이웃의 통역을 돕는 봉사를 하고 싶습니다. 저도 처음 한국에 왔을 때 말이 통하지 않아 힘들었기 때문입니다. 봉사하는 사람이 늘어나면 서로 돕는 분위기가 생기고 이웃 사이가 가까워집니다. 저는 한 달에 한 번이라도 꾸준히 봉사에 참여하려고 합니다."",""model_zh"":""志愿服务是不求回报地帮助他人和社会。我想在居民中心做翻译志愿者，帮助韩语不熟练的邻居。因为我刚来韩国时也曾因语言不通而吃过苦。做志愿服务的人多了，就会形成互帮互助的氛围，邻里之间也会更亲近。我打算哪怕每月一次，也要坚持参加志愿服务。"",""model_vi"":""Hoạt động tình nguyện là giúp đỡ người khác và xã hội mà không mong đền đáp. Tôi muốn làm tình nguyện phiên dịch tại trung tâm hành chính phường để giúp những người hàng xóm chưa thạo tiếng Hàn, vì khi mới sang Hàn Quốc tôi cũng từng vất vả do bất đồng ngôn ngữ. Khi có nhiều người tình nguyện, bầu không khí giúp đỡ lẫn nhau sẽ hình thành và tình làng nghĩa xóm trở nên gần gũi hơn. Tôi dự định tham gia đều đặn dù chỉ mỗi tháng một lần."",""model_th"":""งานอาสาสมัครคือการช่วยเหลือผู้อื่นและสังคมโดยไม่หวังผลตอบแทน ฉันอยากเป็นอาสาสมัครล่ามที่ศูนย์บริการประชาชนเพื่อช่วยเพื่อนบ้านที่ยังใช้ภาษาเกาหลีไม่คล่อง เพราะตอนมาเกาหลีใหม่ ๆ ฉันเองก็ลำบากเพราะสื่อสารไม่ได้ เมื่อมีอาสาสมัครมากขึ้น บรรยากาศการช่วยเหลือกันก็จะเกิดขึ้นและเพื่อนบ้านจะสนิทกันมากขึ้น ฉันตั้งใจจะเข้าร่วมอย่างสม่ำเสมอแม้เพียงเดือนละครั้ง"",""parts"":[{""label"":""봉사활동의 뜻"",""anyOf"":[""봉사란"",""봉사활동이란"",""대가를 바라지"",""대가 없이"",""돕는 일입니다"",""돕는 것입니다"",""돕는 일을 말"",""자발적"",""보수를 받지"",""나누는 일"",""뜻합니다"",""말합니다"",""조건 없이"",""남을 위해 하는"",""도움을 주는 일"",""베푸는 일""]},{""label"":""해 봤거나 하고 싶은 봉사"",""anyOf"":[""주민센터"",""복지관"",""요양원"",""보육원"",""환경 정화"",""청소 봉사"",""통역"",""헌혈"",""연탄"",""김장"",""봉사를 해 보"",""봉사에 참여한 적"",""봉사를 했"",""봉사를 하고 싶"",""활동을 해 보았"",""돌보는 일""]},{""label"":""봉사가 사회에 주는 좋은 점"",""anyOf"":[""분위기"",""가까워"",""따뜻"",""이웃 사이"",""서로 돕는"",""함께 사는"",""밝아"",""살기 좋"",""신뢰"",""늘어나면"",""좋은 점"",""보탬"",""도움을 받는 사람"",""외로운"",""이웃끼리"",""힘이 됩니다""]},{""label"":""앞으로의 참여 계획"",""anyOf"":[""앞으로"",""한 달에"",""일주일에"",""한 번이라도"",""한 번씩"",""꾸준히"",""계획"",""참여하려고"",""참여하겠"",""계속 참여"",""정기적"",""시간을 내어"",""실천하겠"",""빠지지 않"",""주말마다"",""하려고 합니다""]}]}"
"wr10","작문","writing","nat","1610","{""id"":""wr10"",""category"":""작문"",""type"":""writing"",""q"":""다음 주제로 200자 이내로 글을 쓰세요: 남북통일에 대한 나의 생각<br>① 남과 북이 나뉘게 된 배경은 무엇인지<br>② 분단 때문에 생기는 어려움은 무엇인지<br>③ 통일이 되면 어떤 점이 좋아질지<br>④ 통일을 위해 무엇이 필요하다고 생각하는지"",""q_zh"":""请就以下主题写一篇200字以内的短文：我对南北统一的看法<br>① 南北分裂的背景是什么<br>② 分裂造成了哪些困难<br>③ 统一后会有哪些好处<br>④ 你认为实现统一需要什么"",""q_vi"":""Hãy viết một đoạn văn không quá 200 chữ về chủ đề sau: Suy nghĩ của tôi về thống nhất hai miền Nam Bắc<br>① Bối cảnh dẫn đến việc hai miền Nam Bắc bị chia cắt<br>② Sự chia cắt gây ra những khó khăn gì<br>③ Nếu thống nhất thì điều gì sẽ tốt lên<br>④ Bạn cho rằng cần gì để đi tới thống nhất"",""q_th"":""จงเขียนเรียงความตามหัวข้อต่อไปนี้ภายใน 200 ตัวอักษร: ความคิดของฉันต่อการรวมชาติเกาหลีเหนือ-ใต้<br>① ภูมิหลังที่ทำให้เกาหลีเหนือกับใต้ถูกแบ่งแยก<br>② การแบ่งแยกก่อให้เกิดความยากลำบากใด<br>③ หากรวมชาติแล้วสิ่งใดจะดีขึ้น<br>④ คุณคิดว่าต้องมีสิ่งใดเพื่อไปสู่การรวมชาติ"",""guide"":""①은 배경이므로 길게 쓰지 말고 한 문장이면 충분합니다. ②와 ③이 이 글의 중심이니 각각 한두 문장씩 쓰고, ④는 '서두르지 말고 교류부터'처럼 자신의 태도를 밝히며 맺으세요. 정치적으로 한쪽을 비난하는 표현은 피합니다."",""guide_zh"":""①是背景，一句话就够，不要展开。②和③是全文重点，各写一两句；④以自己的态度收尾，比如\""不急于求成，先从交流做起\""。避免政治上指责某一方的表述。"",""guide_vi"":""① là bối cảnh nên một câu là đủ, đừng viết dài. ② và ③ là trọng tâm bài viết, mỗi ý một hai câu; ④ kết bằng thái độ của bản thân, chẳng hạn 'không vội vàng mà bắt đầu từ giao lưu'. Tránh cách diễn đạt chỉ trích một bên về mặt chính trị."",""guide_th"":""① เป็นภูมิหลังจึงเขียนเพียงหนึ่งประโยคก็พอ ② และ ③ เป็นใจความหลัก ให้เขียนอย่างละหนึ่งถึงสองประโยค ④ ปิดท้ายด้วยท่าทีของตนเอง เช่น 'ไม่รีบร้อนแต่เริ่มจากการแลกเปลี่ยน' หลีกเลี่ยงถ้อยคำที่ตำหนิฝ่ายใดฝ่ายหนึ่งในทางการเมือง"",""model"":""남과 북은 원래 한 나라였지만 전쟁을 겪은 뒤 지금까지 나뉘어 있습니다. 분단 때문에 이산가족은 서로 만나지 못하고 나라의 힘도 둘로 나뉘어 있습니다. 통일이 되면 흩어진 가족이 다시 만나고 남과 북이 서로의 자원과 기술을 함께 쓸 수 있습니다. 다만 오랫동안 다르게 살아왔기 때문에 서두르기보다 교류를 늘리며 천천히 준비해야 합니다. 저는 서로를 이해하려는 마음이 통일의 첫걸음이라고 생각합니다."",""model_zh"":""南北原本是一个国家，经历战争后分裂至今。因为分裂，离散家属无法相见，国家的力量也被分成两半。统一之后，离散的家人可以重逢，南北还能共享彼此的资源和技术。不过双方长期生活方式不同，与其操之过急，不如先增加交流、慢慢准备。我认为，愿意理解对方的心意就是统一的第一步。"",""model_vi"":""Nam và Bắc vốn là một nước, nhưng sau chiến tranh đã bị chia cắt cho đến nay. Vì chia cắt mà các gia đình ly tán không thể gặp nhau và sức mạnh đất nước cũng bị chia đôi. Nếu thống nhất, những gia đình ly tán sẽ được đoàn tụ và hai miền có thể cùng sử dụng tài nguyên, kỹ thuật của nhau. Tuy nhiên vì đã sống khác nhau quá lâu nên thay vì vội vàng, cần tăng giao lưu và chuẩn bị từ từ. Tôi cho rằng tấm lòng muốn hiểu nhau chính là bước đầu tiên của thống nhất."",""model_th"":""เกาหลีเหนือและใต้เดิมเป็นประเทศเดียวกัน แต่หลังผ่านสงครามก็ถูกแบ่งแยกมาจนถึงปัจจุบัน เพราะการแบ่งแยก ครอบครัวที่พลัดพรากจึงไม่ได้พบกันและกำลังของประเทศก็ถูกแบ่งเป็นสอง หากรวมชาติได้ ครอบครัวที่พลัดพรากจะได้พบกันอีกครั้ง และทั้งสองฝ่ายจะใช้ทรัพยากรกับเทคโนโลยีร่วมกันได้ แต่เพราะใช้ชีวิตต่างกันมานาน จึงควรเพิ่มการแลกเปลี่ยนและเตรียมตัวอย่างค่อยเป็นค่อยไปมากกว่าจะรีบร้อน ฉันคิดว่าใจที่อยากเข้าใจกันคือก้าวแรกของการรวมชาติ"",""parts"":[{""label"":""남북이 나뉜 배경"",""anyOf"":[""원래 한 나라"",""한 나라였"",""전쟁을 겪"",""전쟁이 난 뒤"",""전쟁 뒤"",""한국전쟁"",""광복"",""해방"",""6.25"",""육이오"",""나뉘게"",""갈라졌"",""분단되었"",""휴전선"",""삼팔선"",""38선""]},{""label"":""분단으로 생긴 어려움"",""anyOf"":[""분단 때문"",""이산가족"",""만나지 못"",""어려움을 겪"",""군사비"",""국방비"",""긴장"",""불안한 마음"",""왕래"",""오가지 못"",""둘로 나뉘"",""떨어져 지내"",""헤어진 가족"",""낭비"",""걱정이 큽"",""분단으로""]},{""label"":""통일되면 좋아질 점"",""anyOf"":[""통일이 되면"",""통일되면"",""통일이 된다면"",""다시 만나"",""자원과 기술"",""기술을 나누"",""경제가 발전"",""경제도 좋아"",""경제적으로"",""넓어지"",""기차를 타고"",""대륙"",""발전할"",""함께 쓸"",""줄일 수"",""좋아질""]},{""label"":""통일을 위해 필요한 것"",""anyOf"":[""교류를 늘"",""교류가 필요"",""천천히"",""서두르"",""준비해야"",""이해하려"",""첫걸음"",""대화"",""신뢰"",""노력이 필요"",""차근차근"",""단계적"",""관심을 가지"",""마음이 필요"",""양보"",""꾸준히""]}]}"
"wr11","작문","writing","nat","1611","{""id"":""wr11"",""category"":""작문"",""type"":""writing"",""q"":""다음 주제로 200자 이내로 글을 쓰세요: 대한민국의 국가 상징<br>① 대한민국의 국가 상징에는 무엇이 있는지<br>② 태극기에 담긴 뜻은 무엇인지<br>③ 애국가와 무궁화는 각각 무엇을 나타내는지<br>④ 국가 상징을 알게 되면서 든 생각은 무엇인지"",""q_zh"":""请就以下主题写一篇200字以内的短文：大韩民国的国家象征<br>① 大韩民国的国家象征有哪些<br>② 太极旗蕴含什么含义<br>③ 爱国歌和木槿花分别代表什么<br>④ 了解国家象征后你有什么感想"",""q_vi"":""Hãy viết một đoạn văn không quá 200 chữ về chủ đề sau: Các biểu tượng quốc gia của Đại Hàn Dân Quốc<br>① Hàn Quốc có những biểu tượng quốc gia nào<br>② Quốc kỳ Taegukgi mang ý nghĩa gì<br>③ Quốc ca Aegukga và hoa mugunghwa tượng trưng cho điều gì<br>④ Khi biết về các biểu tượng quốc gia, bạn nghĩ gì"",""q_th"":""จงเขียนเรียงความตามหัวข้อต่อไปนี้ภายใน 200 ตัวอักษร: สัญลักษณ์ประจำชาติของสาธารณรัฐเกาหลี<br>① สาธารณรัฐเกาหลีมีสัญลักษณ์ประจำชาติอะไรบ้าง<br>② ธงแทกึกกีมีความหมายอย่างไร<br>③ เพลงชาติแอกุกกาและดอกมูกุงฮวาสื่อถึงสิ่งใด<br>④ เมื่อได้รู้จักสัญลักษณ์ประจำชาติแล้วคุณคิดอย่างไร"",""guide"":""①에서 세 가지를 한 문장에 묶어 소개하고, ②와 ③에서 각각의 뜻을 한 문장씩 설명하면 짜임새가 좋습니다. ④는 지식 나열로 끝내지 말고 국민이 된다는 의미와 연결해 마무리하세요."",""guide_zh"":""①用一句话把三样一起点出，②③各用一句说明各自含义，结构会很清楚。④不要停在罗列知识，要和\""成为国民\""的意义connect起来收尾。"",""guide_vi"":""① giới thiệu cả ba trong một câu, ② và ③ mỗi ý giải thích bằng một câu thì bố cục sẽ chặt chẽ. ④ đừng dừng ở việc liệt kê kiến thức mà hãy kết nối với ý nghĩa của việc trở thành công dân."",""guide_th"":""① แนะนำทั้งสามอย่างในประโยคเดียว ② และ ③ อธิบายความหมายอย่างละหนึ่งประโยค โครงสร้างจะแน่น ④ อย่าจบเพียงการไล่เรียงความรู้ แต่ให้เชื่อมโยงกับความหมายของการเป็นพลเมือง"",""model"":""대한민국의 국가 상징에는 태극기와 애국가, 무궁화가 있습니다. 태극기의 흰 바탕은 밝음과 평화를 뜻하고 가운데 태극 무늬는 조화를 나타냅니다. 애국가는 나라를 사랑하는 마음을 담은 노래로 국경일과 국제 경기에서 함께 부릅니다. 무궁화는 오래도록 피고 또 피는 꽃이어서 끈기 있는 국민성을 보여 줍니다. 저는 이 상징들의 뜻을 알고 나서 국민이 된다는 것의 무게를 더 깊이 생각하게 되었습니다."",""model_zh"":""大韩民国的国家象征有太极旗、爱国歌和木槿花。太极旗的白色底面象征光明与和平，中央的太极图案表示和谐。爱国歌是寄托爱国之心的歌曲，在国庆日和国际比赛上齐唱。木槿花开了又开、绵延不断，体现了坚韧的国民性格。了解这些象征的含义后，我对\""成为国民\""这件事的分量有了更深的体会。"",""model_vi"":""Biểu tượng quốc gia của Hàn Quốc gồm quốc kỳ Taegukgi, quốc ca Aegukga và hoa mugunghwa. Nền trắng của Taegukgi tượng trưng cho sự sáng trong và hòa bình, hình thái cực ở giữa thể hiện sự hài hòa. Aegukga là bài hát chứa đựng lòng yêu nước, được hát trong các ngày quốc lễ và trận đấu quốc tế. Mugunghwa là loài hoa nở đi nở lại bền bỉ nên thể hiện tính cách kiên trì của người dân. Sau khi hiểu ý nghĩa của những biểu tượng này, tôi càng suy nghĩ sâu hơn về sức nặng của việc trở thành một công dân."",""model_th"":""สัญลักษณ์ประจำชาติของเกาหลีใต้ได้แก่ ธงแทกึกกี เพลงชาติแอกุกกา และดอกมูกุงฮวา พื้นสีขาวของธงแทกึกกีหมายถึงความสว่างและสันติภาพ ส่วนลายแทกึกตรงกลางแสดงถึงความกลมกลืน แอกุกกาเป็นเพลงที่บรรจุความรักชาติ ใช้ร้องร่วมกันในวันชาติและการแข่งขันระดับนานาชาติ ดอกมูกุงฮวาบานแล้วบานอีกอย่างต่อเนื่องจึงสะท้อนความอดทนของผู้คน หลังจากได้รู้ความหมายของสัญลักษณ์เหล่านี้ ฉันยิ่งคิดถึงน้ำหนักของการเป็นพลเมืองอย่างลึกซึ้งขึ้น"",""parts"":[{""label"":""국가 상징의 종류"",""anyOf"":[""상징에는"",""상징으로는"",""상징이 있"",""상징은 세"",""세 가지"",""상징이 셋"",""나라를 상징하는 것"",""상징으로 정한"",""태극기와"",""애국가와"",""무궁화가 있"",""나라를 대표하는 상징"",""상징물"",""국기와"",""나라꽃이 있"",""상징이 세""]},{""label"":""태극기에 담긴 뜻"",""anyOf"":[""태극기의"",""태극기에"",""흰 바탕"",""흰색"",""바탕은"",""태극 무늬"",""건곤감리"",""사괘"",""네 모서리"",""빨강"",""파랑"",""음양"",""조화"",""밝음"",""평화를 뜻"",""하늘과 땅""]},{""label"":""애국가와 무궁화의 의미"",""anyOf"":[""애국가는"",""무궁화는"",""노래"",""부릅"",""부르는"",""나라꽃이어서"",""나라를 대표하는 꽃"",""피고"",""끈기"",""국민성"",""사랑하는 마음"",""국경일"",""오래도록"",""보여 줍"",""피는 꽃"",""애국가에는""]},{""label"":""상징을 알고 든 생각"",""anyOf"":[""생각하게 되"",""알게 되"",""알고 나서"",""깨달"",""느꼈"",""자랑스"",""무게"",""뜻깊"",""소중"",""국민이 된다"",""마음가짐"",""더 깊이"",""배웠"",""새롭게"",""책임"",""존중하게""]}]}"
"wr12","작문","writing","nat","1612","{""id"":""wr12"",""category"":""작문"",""type"":""writing"",""q"":""다음 주제로 200자 이내로 글을 쓰세요: 국가 안보가 중요한 까닭<br>① 국가 안보란 무엇인지<br>② 한국에서 안보가 특히 중요한 까닭은 무엇인지<br>③ 나라가 안전할 때 국민의 생활은 어떠한지<br>④ 국민의 한 사람으로서 무엇을 할 수 있는지"",""q_zh"":""请就以下主题写一篇200字以内的短文：国家安全为什么重要<br>① 什么是国家安全<br>② 在韩国安全为何格外重要<br>③ 国家安全时国民的生活会怎样<br>④ 作为国民的一员你能做什么"",""q_vi"":""Hãy viết một đoạn văn không quá 200 chữ về chủ đề sau: Vì sao an ninh quốc gia lại quan trọng<br>① An ninh quốc gia là gì<br>② Vì sao an ninh đặc biệt quan trọng ở Hàn Quốc<br>③ Khi đất nước an toàn thì cuộc sống người dân ra sao<br>④ Là một công dân, bạn có thể làm gì"",""q_th"":""จงเขียนเรียงความตามหัวข้อต่อไปนี้ภายใน 200 ตัวอักษร: เหตุใดความมั่นคงของชาติจึงสำคัญ<br>① ความมั่นคงของชาติคืออะไร<br>② เหตุใดความมั่นคงจึงสำคัญเป็นพิเศษในเกาหลี<br>③ เมื่อประเทศปลอดภัย ชีวิตประชาชนเป็นอย่างไร<br>④ ในฐานะพลเมืองคนหนึ่ง คุณทำอะไรได้บ้าง"",""guide"":""②에서 남북 분단 상황을 한 문장으로 담담하게 설명하세요. ④에서 '군인이 되겠다'처럼 무리한 다짐 대신, 법을 지키고 이웃과 협력하는 일도 안보에 보탬이 된다는 방향으로 쓰면 자연스럽습니다."",""guide_zh"":""②用一句话平实地说明南北分裂的处境。④不要写\""我要去当兵\""这种勉强的表态，写成\""守法、与邻里协作同样有助于安全\""这个方向会更自然。"",""guide_vi"":""Ở ② hãy trình bày tình trạng chia cắt Nam Bắc một cách điềm đạm trong một câu. Ở ④, thay vì lời hứa gượng ép như 'tôi sẽ đi lính', hãy viết theo hướng tuân thủ pháp luật và hợp tác với hàng xóm cũng góp phần vào an ninh thì sẽ tự nhiên hơn."",""guide_th"":""ใน ② ให้อธิบายสถานการณ์การแบ่งแยกเหนือ-ใต้อย่างสุภาพในหนึ่งประโยค ใน ④ แทนที่จะให้คำมั่นเกินจริงเช่น 'จะไปเป็นทหาร' ให้เขียนไปในทางว่าการรักษากฎหมายและร่วมมือกับเพื่อนบ้านก็ช่วยเรื่องความมั่นคงได้ จะเป็นธรรมชาติกว่า"",""model"":""국가 안보는 나라와 국민의 안전을 지키는 일을 뜻합니다. 한국은 남과 북이 나뉘어 있어 안보가 특히 중요합니다. 나라가 안전해야 국민이 마음 놓고 일하고 아이를 키우며 미래를 계획할 수 있습니다. 그래서 대한민국은 국방의 의무를 두어 국민이 함께 나라를 지키도록 하고 있습니다. 저는 직접 군인이 되지는 못해도 법을 지키고 이웃과 협력하며 사회를 안정되게 만드는 일이 안보에 보탬이 된다고 생각합니다."",""model_zh"":""国家安全指的是守护国家和国民的安全。韩国南北分裂，因此安全格外重要。国家安全，国民才能安心工作、养育子女、规划未来。所以大韩民国设有国防义务，让国民共同守卫国家。我虽然不能亲自参军，但我认为守法、与邻里协作、让社会保持安定，同样是对国家安全的贡献。"",""model_vi"":""An ninh quốc gia là việc bảo vệ sự an toàn của đất nước và người dân. Hàn Quốc bị chia cắt Nam Bắc nên an ninh đặc biệt quan trọng. Đất nước có an toàn thì người dân mới yên tâm làm việc, nuôi con và lên kế hoạch cho tương lai. Vì vậy Hàn Quốc quy định nghĩa vụ quốc phòng để người dân cùng bảo vệ đất nước. Dù không thể trực tiếp làm quân nhân, tôi cho rằng việc tuân thủ pháp luật, hợp tác với hàng xóm và giữ cho xã hội ổn định cũng là đóng góp cho an ninh."",""model_th"":""ความมั่นคงของชาติหมายถึงการปกป้องความปลอดภัยของประเทศและประชาชน เกาหลีถูกแบ่งเป็นเหนือกับใต้ ความมั่นคงจึงสำคัญเป็นพิเศษ ประเทศปลอดภัยประชาชนจึงจะทำงาน เลี้ยงลูก และวางแผนอนาคตได้อย่างสบายใจ ด้วยเหตุนี้เกาหลีจึงกำหนดหน้าที่ป้องกันประเทศให้ประชาชนร่วมกันปกป้องชาติ แม้ฉันจะไม่ได้เป็นทหารโดยตรง แต่ฉันคิดว่าการรักษากฎหมาย ร่วมมือกับเพื่อนบ้าน และทำให้สังคมมั่นคง ก็เป็นการช่วยเสริมความมั่นคงเช่นกัน"",""parts"":[{""label"":""국가 안보의 뜻"",""anyOf"":[""국가 안보는"",""안보란"",""안보라는 말"",""안전을 지키는"",""평화를 지키는 일"",""나라를 지키는 것"",""뜻합니다"",""말합니다"",""외부의 위협"",""침략"",""주권"",""영토"",""국민의 안전"",""보호하는 것"",""막는 일"",""안전하게 지키""]},{""label"":""한국에서 특히 중요한 까닭"",""anyOf"":[""남과 북"",""분단"",""휴전"",""나뉘어 있"",""특히 중요"",""더욱 중요"",""중요한 까닭"",""중요할 수밖에"",""대치"",""북한"",""전쟁을 겪"",""강대국"",""지정학"",""삼면이 바다"",""까닭은""]},{""label"":""나라가 안전할 때의 생활"",""anyOf"":[""안전해야"",""안전하면"",""마음 놓고"",""안심하고"",""평화롭게"",""미래를 계획"",""아이를 키우"",""일상생활"",""편안하게"",""걱정 없이"",""학교에 다니"",""경제도 발전"",""생활할 수"",""안정된 생활"",""발전할 수"",""평화로운""]},{""label"":""국민으로서 할 수 있는 일"",""anyOf"":[""법을 지키"",""이웃과"",""협력"",""보탬"",""관심을 가지"",""군인"",""국방의 의무"",""예비군"",""세금을 내"",""질서를 지키"",""노력하겠"",""실천"",""작은 일"",""신고"",""협조"",""함께 지키""]}]}"
"wr13","작문","writing","nat","1613","{""id"":""wr13"",""category"":""작문"",""type"":""writing"",""q"":""다음 주제로 200자 이내로 글을 쓰세요: 민주주의와 헌법의 가치<br>① 민주주의란 무엇인지<br>② 헌법은 어떤 법인지<br>③ 헌법이 지키고 있는 가치에는 무엇이 있는지<br>④ 민주주의를 지키기 위해 시민에게 필요한 태도는 무엇인지"",""q_zh"":""请就以下主题写一篇200字以内的短文：民主主义与宪法的价值<br>① 什么是民主主义<br>② 宪法是一部怎样的法<br>③ 宪法所守护的价值有哪些<br>④ 为守护民主，公民需要怎样的态度"",""q_vi"":""Hãy viết một đoạn văn không quá 200 chữ về chủ đề sau: Giá trị của dân chủ và Hiến pháp<br>① Dân chủ là gì<br>② Hiến pháp là bộ luật như thế nào<br>③ Hiến pháp bảo vệ những giá trị nào<br>④ Công dân cần thái độ gì để giữ gìn nền dân chủ"",""q_th"":""จงเขียนเรียงความตามหัวข้อต่อไปนี้ภายใน 200 ตัวอักษร: คุณค่าของประชาธิปไตยและรัฐธรรมนูญ<br>① ประชาธิปไตยคืออะไร<br>② รัฐธรรมนูญเป็นกฎหมายแบบใด<br>③ รัฐธรรมนูญปกป้องคุณค่าใดบ้าง<br>④ พลเมืองต้องมีท่าทีอย่างไรเพื่อรักษาประชาธิปไตย"",""guide"":""①과 ②는 각각 한 문장으로 정의를 내리세요. ③에서 평등과 자유를 들고, 국가 기관도 헌법을 어길 수 없다는 점을 덧붙이면 깊이가 생깁니다. ④는 '다른 의견을 듣는 태도'처럼 구체적으로 씁니다."",""guide_zh"":""①和②各用一句话下定义。③举出平等与自由，再补一句\""国家机关也不能违反宪法\""，深度就出来了。④要写得具体，比如\""倾听不同意见的态度\""。"",""guide_vi"":""① và ② mỗi ý viết một câu định nghĩa. Ở ③ nêu bình đẳng và tự do, thêm ý 'cơ quan nhà nước cũng không được vi phạm Hiến pháp' sẽ sâu sắc hơn. ④ viết cụ thể như 'thái độ lắng nghe ý kiến khác biệt'."",""guide_th"":""① และ ② เขียนนิยามอย่างละหนึ่งประโยค ใน ③ ยกเรื่องความเสมอภาคและเสรีภาพ แล้วเสริมว่า 'แม้แต่หน่วยงานรัฐก็ละเมิดรัฐธรรมนูญไม่ได้' จะมีความลึกขึ้น ④ เขียนให้ชัด เช่น 'ท่าทีรับฟังความเห็นที่ต่างออกไป'"",""model"":""민주주의는 나라의 주인이 국민이라는 뜻입니다. 헌법은 그 원칙을 적어 놓은 나라의 가장 높은 법입니다. 헌법은 모든 사람이 평등하고 자유롭게 살 권리가 있다고 정하고 있으며, 대통령이나 국회 같은 국가 기관도 헌법을 어길 수 없습니다. 이런 가치가 지켜져야 힘이 센 사람이 다른 사람을 마음대로 누르지 못합니다. 저는 나와 생각이 다른 사람의 말을 끝까지 듣는 태도가 민주주의를 지키는 힘이라고 생각합니다."",""model_zh"":""民主主义的意思是国家的主人是国民。宪法是把这一原则写下来的、国家最高的法。宪法规定所有人都有平等自由生活的权利，总统、国会等国家机关同样不得违反宪法。只有守住这些价值，有权势的人才不能随意压制他人。我认为，把与自己意见不同的人的话听完，这种态度就是守护民主的力量。"",""model_vi"":""Dân chủ có nghĩa là người dân làm chủ đất nước. Hiến pháp là bộ luật cao nhất ghi lại nguyên tắc đó. Hiến pháp quy định mọi người đều có quyền sống bình đẳng và tự do, và ngay cả các cơ quan nhà nước như Tổng thống hay Quốc hội cũng không được vi phạm Hiến pháp. Chỉ khi giữ được những giá trị này thì kẻ mạnh mới không thể tùy ý chèn ép người khác. Tôi cho rằng thái độ lắng nghe đến cùng lời của người có suy nghĩ khác mình chính là sức mạnh gìn giữ nền dân chủ."",""model_th"":""ประชาธิปไตยหมายความว่าประชาชนเป็นเจ้าของประเทศ รัฐธรรมนูญคือกฎหมายสูงสุดที่บันทึกหลักการนั้นไว้ รัฐธรรมนูญกำหนดว่าทุกคนมีสิทธิใช้ชีวิตอย่างเสมอภาคและเสรี และแม้แต่หน่วยงานรัฐอย่างประธานาธิบดีหรือรัฐสภาก็ละเมิดรัฐธรรมนูญไม่ได้ เมื่อรักษาคุณค่าเหล่านี้ไว้ ผู้มีอำนาจจึงจะกดขี่ผู้อื่นตามใจไม่ได้ ฉันคิดว่าท่าทีที่รับฟังคำพูดของคนที่คิดต่างจากเราจนจบ คือพลังที่รักษาประชาธิปไตยไว้"",""parts"":[{""label"":""민주주의의 뜻"",""anyOf"":[""민주주의는"",""민주주의란"",""민주주의라는"",""나라의 주인"",""주인이 국민"",""국민이 주인"",""주권"",""국민에게 있"",""선거"",""투표"",""다수결"",""스스로 다스"",""정치에 참여"",""대표를 뽑"",""국민의 뜻""]},{""label"":""헌법은 최고의 법"",""anyOf"":[""가장 높은 법"",""제일 높은"",""가장 중요한 법"",""최고의 법"",""최고법"",""으뜸"",""기본법"",""근본이 되는"",""나라의 법"",""법 중에서"",""모든 법의"",""법의 바탕"",""원칙을 적"",""정해 놓은 법"",""헌법이란"",""헌법은 나라""]},{""label"":""헌법이 지키는 가치"",""anyOf"":[""평등"",""자유롭게"",""자유를"",""인권"",""존엄"",""차별받지"",""국가 기관"",""대통령"",""국회"",""어길 수 없"",""보장하"",""정하고 있"",""권리가 있"",""권리를 보장"",""기본권""]},{""label"":""시민의 태도"",""anyOf"":[""태도가"",""태도를"",""존중하"",""존중이"",""귀 기울"",""끝까지 듣"",""다른 의견"",""의견을 듣"",""생각이 다른"",""참여해야"",""관심을 가지"",""서로 이해"",""시민으로서"",""지키는 힘"",""책임을 다"",""책임감""]}]}"
"wr14","작문","writing","nat","1614","{""id"":""wr14"",""category"":""작문"",""type"":""writing"",""q"":""다음 주제로 200자 이내로 글을 쓰세요: 법을 지켜야 하는 까닭<br>① 법이란 무엇인지<br>② 일상생활에서 지켜야 하는 법에는 어떤 것이 있는지<br>③ 법을 지키지 않으면 어떤 일이 생기는지<br>④ 법을 지키는 일에 대한 자신의 생각은 무엇인지"",""q_zh"":""请就以下主题写一篇200字以内的短文：为什么必须遵守法律<br>① 什么是法律<br>② 日常生活中要遵守的法律有哪些<br>③ 不守法会发生什么<br>④ 你对遵守法律有何看法"",""q_vi"":""Hãy viết một đoạn văn không quá 200 chữ về chủ đề sau: Vì sao phải tuân thủ pháp luật<br>① Pháp luật là gì<br>② Trong đời sống hằng ngày có những luật nào phải tuân thủ<br>③ Nếu không tuân thủ pháp luật thì điều gì xảy ra<br>④ Suy nghĩ của bạn về việc tuân thủ pháp luật"",""q_th"":""จงเขียนเรียงความตามหัวข้อต่อไปนี้ภายใน 200 ตัวอักษร: เหตุใดจึงต้องปฏิบัติตามกฎหมาย<br>① กฎหมายคืออะไร<br>② ในชีวิตประจำวันมีกฎหมายใดที่ต้องปฏิบัติตาม<br>③ หากไม่ปฏิบัติตามกฎหมายจะเกิดอะไรขึ้น<br>④ ความคิดของคุณต่อการปฏิบัติตามกฎหมาย"",""guide"":""②에서 신호 지키기, 쓰레기 분리배출처럼 손에 잡히는 예를 두세 가지 드는 것이 좋습니다. ③은 나만 손해가 아니라 다른 사람이 피해를 본다는 쪽으로 쓰면 설득력이 커집니다."",""guide_zh"":""②最好举两三个看得见摸得着的例子，比如遵守信号灯、垃圾分类。③不要写成只有我吃亏，写成别人会受害更有说服力。"",""guide_vi"":""Ở ② nên nêu hai ba ví dụ cụ thể như tuân thủ đèn tín hiệu, phân loại rác. Ở ③ nếu viết theo hướng người khác chịu thiệt hại thay vì chỉ mình chịu thiệt thì sẽ thuyết phục hơn."",""guide_th"":""ใน ② ควรยกตัวอย่างที่จับต้องได้สองสามข้อ เช่น การปฏิบัติตามสัญญาณไฟ การแยกขยะ ส่วน ③ หากเขียนไปทางที่ว่าผู้อื่นได้รับความเสียหาย แทนที่จะเป็นฉันคนเดียวเสียเปรียบ จะน่าเชื่อถือกว่า"",""model"":""법은 여러 사람이 함께 살아가기 위해 정한 약속입니다. 횡단보도에서 신호를 지키는 일, 쓰레기를 정해진 방법으로 버리는 일, 세금을 제때 내는 일이 모두 법을 지키는 일입니다. 한 사람이 법을 어기면 다른 사람이 피해를 보고, 그런 일이 쌓이면 사회에 대한 믿음이 사라집니다. 법을 지키는 것은 남을 위한 일이면서 결국 나를 지키는 일이기도 합니다. 저는 작은 규칙부터 지키는 사람이 되겠습니다."",""model_zh"":""法律是为了众人共同生活而定下的约定。在人行横道遵守信号灯、按规定方式扔垃圾、按时纳税，这些都是守法。一个人违法，别人就要受害；这类事情积累起来，社会的信任就会消失。守法既是为了别人，最终也是在保护自己。我愿意从小规矩做起。"",""model_vi"":""Pháp luật là quy ước được đặt ra để nhiều người cùng chung sống. Tuân thủ đèn tín hiệu ở vạch qua đường, bỏ rác đúng cách quy định, nộp thuế đúng hạn đều là tuân thủ pháp luật. Một người vi phạm thì người khác chịu thiệt hại, và khi những việc đó chồng chất thì niềm tin vào xã hội sẽ biến mất. Tuân thủ pháp luật là vì người khác nhưng rốt cuộc cũng là bảo vệ chính mình. Tôi sẽ là người giữ đúng từ những quy tắc nhỏ nhất."",""model_th"":""กฎหมายคือข้อตกลงที่กำหนดขึ้นเพื่อให้ผู้คนจำนวนมากอยู่ร่วมกันได้ การปฏิบัติตามสัญญาณไฟที่ทางม้าลาย การทิ้งขยะตามวิธีที่กำหนด และการเสียภาษีตรงเวลา ล้วนเป็นการปฏิบัติตามกฎหมาย หากคนหนึ่งฝ่าฝืน ผู้อื่นก็ได้รับความเสียหาย และเมื่อสะสมมากเข้าความเชื่อมั่นต่อสังคมก็จะหายไป การรักษากฎหมายเป็นการทำเพื่อผู้อื่นและสุดท้ายก็เป็นการปกป้องตนเอง ฉันจะเป็นคนที่รักษากฎเล็ก ๆ ให้ได้ก่อน"",""parts"":[{""label"":""법의 뜻"",""anyOf"":[""법이란"",""정한 약속"",""약속입니다"",""한 약속"",""규칙입니다"",""규칙을 정한"",""규칙이나 약속"",""질서를 유지"",""질서를 위해"",""규범"",""지키기로 한"",""함께 살아가"",""더불어 살"",""사회를 유지"",""최소한의 도덕"",""모두를 위해 정""]},{""label"":""일상 속 법의 예"",""anyOf"":[""신호"",""횡단보도"",""쓰레기"",""분리배출"",""분리수거"",""세금"",""안전벨트"",""안전띠"",""속도를 지키"",""속도 제한"",""주차"",""금연"",""교통 법규"",""교통 규칙"",""과속"",""음주운전""]},{""label"":""어겼을 때 생기는 일"",""anyOf"":[""어기면"",""어기는"",""지키지 않으면"",""위반"",""피해"",""벌금"",""처벌"",""벌을 받"",""사고가 나"",""사고를 당"",""다치"",""손해"",""혼란"",""질서가 무너"",""믿음이 사라"",""위험해""]},{""label"":""법에 대한 내 생각"",""anyOf"":[""되겠습니다"",""노력하겠"",""실천하려"",""실천하겠"",""작은 규칙"",""남을 위한"",""나를 지키는"",""스스로 지키"",""앞으로도"",""앞으로는"",""다짐"",""중요하다고"",""지키려고"",""지키는 사람이 되"",""꼭 지키겠"",""마음가짐""]}]}"
"wr15","작문","writing","nat","1615","{""id"":""wr15"",""category"":""작문"",""type"":""writing"",""q"":""다음 주제로 200자 이내로 글을 쓰세요: 계획적인 소비와 저축 습관<br>① 계획적인 소비란 무엇인지<br>② 자신은 생활비를 어떻게 관리하고 있는지<br>③ 저축이 필요한 까닭은 무엇인지<br>④ 앞으로 어떤 소비 습관을 기르고 싶은지"",""q_zh"":""请就以下主题写一篇200字以内的短文：有计划的消费与储蓄习惯<br>① 什么是有计划的消费<br>② 你自己是如何管理生活费的<br>③ 为什么需要储蓄<br>④ 今后想养成怎样的消费习惯"",""q_vi"":""Hãy viết một đoạn văn không quá 200 chữ về chủ đề sau: Thói quen chi tiêu có kế hoạch và tiết kiệm<br>① Chi tiêu có kế hoạch là gì<br>② Bạn quản lý chi phí sinh hoạt như thế nào<br>③ Vì sao cần tiết kiệm<br>④ Sau này bạn muốn hình thành thói quen chi tiêu nào"",""q_th"":""จงเขียนเรียงความตามหัวข้อต่อไปนี้ภายใน 200 ตัวอักษร: นิสัยการใช้จ่ายอย่างมีแผนและการออม<br>① การใช้จ่ายอย่างมีแผนคืออะไร<br>② คุณบริหารค่าใช้จ่ายในชีวิตประจำวันอย่างไร<br>③ เหตุใดจึงจำเป็นต้องออม<br>④ ต่อไปคุณอยากสร้างนิสัยการใช้จ่ายแบบใด"",""guide"":""②는 자신의 이야기를 쓰는 자리이므로 집세와 식비부터 챙긴다처럼 순서를 밝히면 좋습니다. ③에서 갑자기 아플 때처럼 저축이 필요한 상황을 하나 들면 설득력이 생깁니다."",""guide_zh"":""②是写自己经历的地方，说清顺序会更好，比如先安排房租和伙食费。③举一个需要储蓄的具体情形，比如突然生病时，就有说服力了。"",""guide_vi"":""② là chỗ viết chuyện của bản thân nên hãy nêu rõ thứ tự như lo tiền nhà và tiền ăn trước. Ở ③ nếu nêu một tình huống cần tiết kiệm như khi đột nhiên đau ốm thì sẽ thuyết phục."",""guide_th"":""② เป็นที่สำหรับเขียนเรื่องของตนเอง จึงควรระบุลำดับ เช่น จัดค่าเช่าบ้านและค่าอาหารก่อน ใน ③ หากยกสถานการณ์ที่ต้องใช้เงินออม เช่น เมื่อเจ็บป่วยกะทันหัน ก็จะน่าเชื่อถือ"",""model"":""계획적인 소비는 쓸 곳과 쓰지 않을 곳을 미리 나누어 정하는 것입니다. 저는 한 달에 들어오는 돈을 적어 두고 집세와 식비처럼 꼭 필요한 것부터 챙깁니다. 남은 돈의 일부는 반드시 저축해 갑자기 아프거나 일이 생겼을 때에 대비합니다. 물건을 살 때에는 사고 싶은 것과 꼭 필요한 것을 나누어 생각하면 낭비를 줄일 수 있습니다. 저는 금액이 작더라도 꾸준히 모으는 습관을 기르고 싶습니다."",""model_zh"":""有计划的消费，就是事先分清哪些该花、哪些不该花。我会把每月的收入记下来，先安排房租和伙食费这些必需开支。剩下的钱一定拿出一部分储蓄，以备突然生病或有事时之需。买东西时把想要的和真正需要的分开来想，就能减少浪费。我想养成哪怕金额不大也坚持积攒的习惯。"",""model_vi"":""Chi tiêu có kế hoạch là phân định trước khoản nào nên chi và khoản nào không. Tôi ghi lại số tiền vào mỗi tháng và lo trước những khoản thiết yếu như tiền nhà, tiền ăn. Phần còn lại nhất định để dành một ít để phòng khi đột nhiên ốm đau hay có việc. Khi mua đồ, nếu phân biệt giữa thứ mình muốn và thứ thật sự cần thì có thể giảm lãng phí. Tôi muốn rèn thói quen tích lũy đều đặn dù số tiền nhỏ."",""model_th"":""การใช้จ่ายอย่างมีแผนคือการแบ่งไว้ล่วงหน้าว่าจะใช้จ่ายกับอะไรและไม่ใช้จ่ายกับอะไร ฉันจดรายรับในแต่ละเดือนไว้ แล้วจัดสรรสิ่งจำเป็นอย่างค่าเช่าบ้านและค่าอาหารก่อน ส่วนที่เหลือจะกันไว้ออมส่วนหนึ่งเสมอ เพื่อเตรียมรับมือเวลาเจ็บป่วยหรือมีเรื่องกะทันหัน เวลาซื้อของ หากแยกคิดระหว่างสิ่งที่อยากได้กับสิ่งที่จำเป็นจริง ก็จะลดความสิ้นเปลืองได้ ฉันอยากสร้างนิสัยเก็บออมอย่างสม่ำเสมอแม้จะเป็นจำนวนเล็กน้อย"",""parts"":[{""label"":""계획적 소비의 뜻"",""anyOf"":[""계획적인 소비"",""계획적으로"",""미리 정하"",""미리 나누"",""미리 계획"",""예산"",""쓸 곳"",""계획을 세워"",""따져 보고"",""충동구매하지"",""생각하고 쓰"",""우선순위"",""무엇을 살지"",""계획 없이""]},{""label"":""나의 생활비 관리"",""anyOf"":[""생활비"",""가계부"",""적어 두"",""집세"",""월세"",""식비"",""공과금"",""통장을 나누"",""통장으로 관리"",""수입"",""급여"",""월급"",""기록해"",""한 달에 들어오는"",""들어오는 돈"",""지출을 적""]},{""label"":""저축이 필요한 까닭"",""anyOf"":[""저축은"",""저축이 필요"",""저축해"",""적금"",""목돈"",""대비"",""갑자기"",""아프거나"",""아플 때"",""급한 일"",""병원비"",""노후"",""학비"",""비상"",""앞날"",""미래를 위해""]},{""label"":""기르고 싶은 소비 습관"",""anyOf"":[""습관을 기르"",""기르고 싶"",""낭비를 줄"",""아껴 쓰"",""아끼는 습관"",""줄이고 싶"",""노력하겠"",""실천하겠"",""모으는 습관"",""꾸준히 모으"",""충동적으로 사지"",""충동구매를 줄"",""앞으로는"",""현명하게 쓰""]}]}"
"wr16","작문","writing","nat","1616","{""id"":""wr16"",""category"":""작문"",""type"":""writing"",""q"":""다음 주제로 200자 이내로 글을 쓰세요: 직업 선택과 근로자의 권리<br>① 자신이 하고 싶은 일과 그 까닭은 무엇인지<br>② 한국에서 일하는 사람에게 보장되는 권리에는 무엇이 있는지<br>③ 부당한 대우를 받았을 때 어떻게 해야 하는지<br>④ 일하는 사람으로서 지켜야 할 태도는 무엇인지"",""q_zh"":""请就以下主题写一篇200字以内的短文：职业选择与劳动者的权利<br>① 你想做的工作是什么，为什么<br>② 在韩国工作的人享有哪些权利<br>③ 遭到不公正对待时应该怎么做<br>④ 作为劳动者应有怎样的态度"",""q_vi"":""Hãy viết một đoạn văn không quá 200 chữ về chủ đề sau: Lựa chọn nghề nghiệp và quyền của người lao động<br>① Công việc bạn muốn làm và lý do<br>② Người lao động ở Hàn Quốc được bảo đảm những quyền gì<br>③ Khi bị đối xử bất công thì phải làm gì<br>④ Là người lao động cần giữ thái độ nào"",""q_th"":""จงเขียนเรียงความตามหัวข้อต่อไปนี้ภายใน 200 ตัวอักษร: การเลือกอาชีพกับสิทธิของผู้ใช้แรงงาน<br>① งานที่คุณอยากทำและเหตุผล<br>② ผู้ทำงานในเกาหลีได้รับการรับรองสิทธิใดบ้าง<br>③ เมื่อถูกปฏิบัติอย่างไม่เป็นธรรมควรทำอย่างไร<br>④ ในฐานะผู้ทำงานควรมีท่าทีอย่างไร"",""guide"":""②에서 최저임금과 근로시간, 휴식처럼 구체적인 권리를 들어야 점수가 올라갑니다. ③은 혼자 참는다고 쓰지 말고 도움을 요청할 기관을 언급하세요."",""guide_zh"":""②要举出最低工资、工时、休息这类具体权利，才能拿分。③不要写成自己忍着，要提到可以求助的机构。"",""guide_vi"":""Ở ② phải nêu các quyền cụ thể như lương tối thiểu, giờ làm việc, nghỉ ngơi thì mới được điểm cao. ③ đừng viết là tự chịu đựng một mình mà hãy nhắc tới cơ quan có thể nhờ giúp đỡ."",""guide_th"":""ใน ② ต้องยกสิทธิที่เป็นรูปธรรม เช่น ค่าจ้างขั้นต่ำ เวลาทำงาน และการพักผ่อน จึงจะได้คะแนนดี ส่วน ③ อย่าเขียนว่าอดทนคนเดียว แต่ให้กล่าวถึงหน่วยงานที่ขอความช่วยเหลือได้"",""model"":""직업은 돈을 버는 수단이면서 자신의 능력을 펼치는 자리이기도 합니다. 저는 사람을 돕는 일에 보람을 느껴 통역이나 상담과 관련된 일을 하고 싶습니다. 한국에서 일하는 사람은 최저임금을 보장받고 정해진 시간만큼 일하며 쉴 권리가 있습니다. 부당한 대우를 받았을 때에는 혼자 참지 말고 고용노동부나 노동 상담 기관에 도움을 요청해야 합니다. 저는 권리를 아는 일이 성실히 일하는 것만큼 중요하다고 생각합니다."",""model_zh"":""职业既是谋生的手段，也是施展自身能力的舞台。我在帮助他人时感到有意义，所以想做翻译或咨询相关的工作。在韩国工作的人享有最低工资保障，按规定工时工作并享有休息的权利。遭到不公正对待时，不要独自忍耐，应向雇佣劳动部或劳动咨询机构求助。我认为，了解自己的权利与勤恳工作同样重要。"",""model_vi"":""Nghề nghiệp vừa là phương tiện kiếm sống vừa là nơi phát huy năng lực của bản thân. Tôi thấy có ý nghĩa khi giúp đỡ người khác nên muốn làm công việc liên quan đến phiên dịch hoặc tư vấn. Người lao động ở Hàn Quốc được bảo đảm mức lương tối thiểu, làm việc đúng số giờ quy định và có quyền nghỉ ngơi. Khi bị đối xử bất công, không nên tự chịu đựng một mình mà phải nhờ Bộ Việc làm và Lao động hoặc cơ quan tư vấn lao động giúp đỡ. Tôi cho rằng biết rõ quyền của mình cũng quan trọng như việc làm việc chăm chỉ."",""model_th"":""อาชีพเป็นทั้งวิธีหาเลี้ยงชีพและเป็นเวทีแสดงความสามารถของตนเอง ฉันรู้สึกมีคุณค่าเมื่อได้ช่วยเหลือผู้อื่น จึงอยากทำงานเกี่ยวกับการเป็นล่ามหรือการให้คำปรึกษา ผู้ที่ทำงานในเกาหลีได้รับหลักประกันค่าจ้างขั้นต่ำ ทำงานตามเวลาที่กำหนด และมีสิทธิได้พักผ่อน เมื่อถูกปฏิบัติอย่างไม่เป็นธรรม ไม่ควรอดทนอยู่คนเดียว แต่ควรขอความช่วยเหลือจากกระทรวงแรงงานหรือหน่วยงานให้คำปรึกษาด้านแรงงาน ฉันคิดว่าการรู้สิทธิของตนสำคัญไม่แพ้การทำงานอย่างขยันขันแข็ง"",""parts"":[{""label"":""하고 싶은 일과 까닭"",""anyOf"":[""하고 싶은 일"",""일을 하고 싶"",""되고 싶"",""직업은"",""직업을 갖"",""직업을 선택"",""보람"",""적성"",""능력을 펼치"",""능력을 살리"",""관심이 있어"",""좋아해서"",""잘하는 일"",""꿈을""]},{""label"":""근로자의 권리"",""anyOf"":[""최저임금"",""임금을 받"",""근로 시간"",""정해진 시간"",""휴식"",""휴가"",""쉴 권리"",""산업재해"",""보험"",""퇴직금"",""근로 계약"",""보장받"",""권리가 있"",""법으로 보호""]},{""label"":""부당한 대우 대처"",""anyOf"":[""부당"",""차별"",""고용노동부"",""노동부에"",""노동청"",""상담 기관"",""신고"",""도움을 요청"",""도움을 청"",""혼자 참지"",""상담을 받"",""노동 상담"",""법의 도움"",""증거""]},{""label"":""일하는 사람의 태도"",""anyOf"":[""성실"",""책임감"",""약속을 지키"",""시간을 지키"",""동료"",""예의"",""최선을 다"",""정직"",""배우려는"",""태도가"",""태도를"",""맡은 일"",""열심히"",""규칙을 지키"",""지각하지""]}]}"
"wr17","작문","writing","nat","1617","{""id"":""wr17"",""category"":""작문"",""type"":""writing"",""q"":""다음 주제로 200자 이내로 글을 쓰세요: 환경을 지키기 위한 나의 실천<br>① 오늘날 환경 문제에는 어떤 것이 있는지<br>② 자신이 생활 속에서 실천하고 있는 일은 무엇인지<br>③ 그런 실천이 왜 중요한지<br>④ 앞으로 더 해 보고 싶은 일은 무엇인지"",""q_zh"":""请就以下主题写一篇200字以内的短文：我为保护环境所做的实践<br>① 当今有哪些环境问题<br>② 你在生活中做了哪些实践<br>③ 这些实践为什么重要<br>④ 今后还想做些什么"",""q_vi"":""Hãy viết một đoạn văn không quá 200 chữ về chủ đề sau: Việc tôi làm để bảo vệ môi trường<br>① Ngày nay có những vấn đề môi trường nào<br>② Bạn đang thực hiện những việc gì trong đời sống<br>③ Vì sao những việc đó lại quan trọng<br>④ Sau này bạn muốn làm thêm điều gì"",""q_th"":""จงเขียนเรียงความตามหัวข้อต่อไปนี้ภายใน 200 ตัวอักษร: การลงมือทำของฉันเพื่อรักษาสิ่งแวดล้อม<br>① ปัจจุบันมีปัญหาสิ่งแวดล้อมใดบ้าง<br>② คุณลงมือทำสิ่งใดในชีวิตประจำวัน<br>③ เหตุใดการลงมือทำเช่นนั้นจึงสำคัญ<br>④ ต่อไปคุณอยากทำอะไรเพิ่มเติม"",""guide"":""②가 이 글의 중심입니다. 분리배출을 한다로 끝내지 말고 종이, 플라스틱, 음식물처럼 어떻게 나누는지까지 쓰세요. ④는 가족과 함께하는 일로 맺으면 자연스럽습니다."",""guide_zh"":""②是全文重点。不要只写做垃圾分类，要写清楚怎么分：纸、塑料、厨余。④以和家人一起做的事收尾会很自然。"",""guide_vi"":""② là trọng tâm bài viết. Đừng dừng ở tôi phân loại rác mà hãy viết rõ phân loại thế nào: giấy, nhựa, rác thực phẩm. ④ kết bằng việc làm cùng gia đình sẽ tự nhiên."",""guide_th"":""② คือใจความหลักของเรียงความ อย่าจบแค่ฉันแยกขยะ แต่ให้เขียนว่าแยกอย่างไร ทั้งกระดาษ พลาสติก และเศษอาหาร ④ ปิดท้ายด้วยสิ่งที่ทำร่วมกับครอบครัวจะเป็นธรรมชาติ"",""model"":""오늘날에는 기후 변화와 미세먼지, 넘쳐 나는 쓰레기가 큰 문제가 되고 있습니다. 저는 쓰레기를 버릴 때 종이와 플라스틱, 캔을 나누어 배출하고 음식물 쓰레기는 전용 봉투에 담습니다. 장을 볼 때에는 장바구니를 챙겨 비닐봉지를 덜 쓰려고 합니다. 이런 작은 실천이 모이면 버려지는 자원이 줄고 다시 쓸 수 있는 자원이 늘어납니다. 저는 가족과 함께 실천하며 아이에게도 이 습관을 물려주고 싶습니다."",""model_zh"":""如今气候变化、雾霾和过量垃圾成为很大的问题。我扔垃圾时会把纸、塑料和易拉罐分开投放，厨余垃圾装进专用袋。买菜时会带上购物袋，尽量少用塑料袋。这些小小的实践积累起来，被丢弃的资源就会减少，可再利用的资源就会增加。我想和家人一起实践，也把这个习惯传给孩子。"",""model_vi"":""Ngày nay biến đổi khí hậu, bụi mịn và rác thải tràn lan đang là vấn đề lớn. Khi bỏ rác, tôi phân loại giấy, nhựa và lon riêng, còn rác thực phẩm thì đựng trong túi chuyên dụng. Khi đi chợ, tôi mang theo giỏ để hạn chế dùng túi ni lông. Những việc nhỏ như vậy gộp lại sẽ giúp giảm tài nguyên bị vứt bỏ và tăng tài nguyên có thể tái sử dụng. Tôi muốn cùng gia đình thực hiện và truyền lại thói quen này cho con."",""model_th"":""ทุกวันนี้การเปลี่ยนแปลงสภาพภูมิอากาศ ฝุ่นละอองขนาดเล็ก และขยะล้นเมืองกลายเป็นปัญหาใหญ่ เวลาทิ้งขยะ ฉันแยกกระดาษ พลาสติก และกระป๋องออกจากกัน ส่วนเศษอาหารใส่ถุงเฉพาะ เวลาไปจ่ายตลาดก็พกถุงผ้าไปเพื่อลดการใช้ถุงพลาสติก การลงมือเล็ก ๆ เช่นนี้เมื่อรวมกันจะช่วยลดทรัพยากรที่ถูกทิ้งและเพิ่มทรัพยากรที่นำกลับมาใช้ใหม่ได้ ฉันอยากทำร่วมกับครอบครัวและส่งต่อนิสัยนี้ให้ลูกด้วย"",""parts"":[{""label"":""오늘날의 환경 문제"",""anyOf"":[""온난화"",""기후 변화"",""미세먼지"",""대기 오염"",""수질"",""넘쳐"",""폐기물"",""환경 문제"",""오염"",""이상 기후"",""폭염"",""해수면"",""쓰레기가 늘"",""문제가 되고""]},{""label"":""내가 실천하는 일"",""anyOf"":[""분리배출"",""분리수거"",""나누어 배출"",""종이"",""플라스틱"",""캔을"",""음식물"",""전용 봉투"",""장바구니"",""비닐"",""텀블러"",""대중교통"",""재활용"",""물을 잠"",""전기를"",""아껴 쓰""]},{""label"":""실천이 중요한 까닭"",""anyOf"":[""모이면"",""자원"",""다시 쓸"",""후손"",""미래에도"",""미래의"",""미래 세대"",""지구를"",""지구 환경"",""환경을 지키"",""도움이 된"",""건강"",""영향"",""살기 좋"",""깨끗한 환경"",""깨끗해""]},{""label"":""앞으로 해 보고 싶은 일"",""anyOf"":[""앞으로 더"",""앞으로는"",""물려주"",""아이에게"",""해 보고 싶"",""늘리고 싶"",""참여하고 싶"",""봉사"",""캠페인"",""이웃과"",""더 노력하"",""가족과 함께 해"",""가족과 함께하고 싶"",""가족에게도 알려""]}]}"
"wr18","작문","writing","nat","1618","{""id"":""wr18"",""category"":""작문"",""type"":""writing"",""q"":""다음 주제로 200자 이내로 글을 쓰세요: 양성평등과 달라지는 가족의 모습<br>① 양성평등이란 무엇인지<br>② 예전과 달라진 가족의 모습에는 어떤 것이 있는지<br>③ 집안일과 육아는 어떻게 나누는 것이 좋다고 생각하는지<br>④ 자신의 가정에서는 어떻게 하고 있는지"",""q_zh"":""请就以下主题写一篇200字以内的短文：两性平等与家庭面貌的变化<br>① 什么是两性平等<br>② 家庭面貌与从前相比有哪些变化<br>③ 你认为家务和育儿该如何分担<br>④ 你自己家里是怎么做的"",""q_vi"":""Hãy viết một đoạn văn không quá 200 chữ về chủ đề sau: Bình đẳng giới và sự thay đổi của gia đình<br>① Bình đẳng giới là gì<br>② Gia đình ngày nay có gì khác so với trước đây<br>③ Bạn nghĩ nên chia sẻ việc nhà và nuôi con thế nào<br>④ Gia đình bạn đang làm như thế nào"",""q_th"":""จงเขียนเรียงความตามหัวข้อต่อไปนี้ภายใน 200 ตัวอักษร: ความเสมอภาคทางเพศกับภาพครอบครัวที่เปลี่ยนไป<br>① ความเสมอภาคทางเพศคืออะไร<br>② ภาพครอบครัวเปลี่ยนไปจากเดิมอย่างไรบ้าง<br>③ คุณคิดว่างานบ้านและการเลี้ยงลูกควรแบ่งกันอย่างไร<br>④ ที่บ้านของคุณทำอย่างไร"",""guide"":""②에서 맞벌이 가정이 늘었다, 아버지도 육아휴직을 쓴다처럼 눈에 보이는 변화를 드세요. ④는 자기 가정 이야기이므로 솔직하게 쓰되 한 문장이면 충분합니다."",""guide_zh"":""②要举出看得见的变化，比如双职工家庭增多、父亲也休育儿假。④是自家的事，如实写即可，一句话就够。"",""guide_vi"":""Ở ② hãy nêu những thay đổi nhìn thấy được như gia đình hai vợ chồng cùng đi làm tăng lên, người cha cũng nghỉ phép chăm con. ④ là chuyện gia đình mình nên viết thành thật, một câu là đủ."",""guide_th"":""ใน ② ให้ยกความเปลี่ยนแปลงที่เห็นได้ เช่น ครอบครัวที่ทั้งคู่ทำงานเพิ่มขึ้น พ่อก็ลาเลี้ยงดูบุตร ส่วน ④ เป็นเรื่องครอบครัวตนเอง เขียนตามจริงเพียงหนึ่งประโยคก็พอ"",""model"":""양성평등은 남성과 여성이 성별 때문에 차별받지 않고 똑같은 기회를 갖는 것을 뜻합니다. 예전에는 남자가 돈을 벌고 여자가 집안일을 한다고 여겼지만, 지금은 맞벌이 가정이 늘고 아버지가 육아휴직을 쓰는 일도 자연스러워졌습니다. 저는 집안일과 육아를 잘하는 사람이 아니라 시간이 되는 사람이 함께 나누어 맡는 것이 좋다고 생각합니다. 저희 집에서도 서로 형편에 맞추어 번갈아 맡고 있습니다."",""model_zh"":""两性平等是指男性和女性不因性别受到歧视，享有同等的机会。过去人们认为男主外、女主内，如今双职工家庭增多，父亲休育儿假也变得自然了。我认为家务和育儿不该由更擅长的人承担，而该由有时间的人共同分担。我们家也是根据各自情况轮流承担。"",""model_vi"":""Bình đẳng giới nghĩa là nam và nữ không bị phân biệt đối xử vì giới tính và có cơ hội như nhau. Trước đây người ta cho rằng đàn ông kiếm tiền còn phụ nữ lo việc nhà, nhưng nay các gia đình cả hai cùng đi làm đã tăng lên và việc người cha nghỉ phép chăm con cũng trở nên bình thường. Tôi cho rằng việc nhà và nuôi con nên do người có thời gian cùng chia sẻ, chứ không phải do người làm giỏi hơn đảm nhận. Nhà tôi cũng thay phiên nhau tùy theo hoàn cảnh của mỗi người."",""model_th"":""ความเสมอภาคทางเพศหมายถึงชายและหญิงไม่ถูกเลือกปฏิบัติเพราะเพศ และมีโอกาสเท่าเทียมกัน เมื่อก่อนผู้คนมองว่าผู้ชายหาเงินส่วนผู้หญิงทำงานบ้าน แต่ปัจจุบันครอบครัวที่ทั้งคู่ทำงานเพิ่มขึ้น และการที่พ่อลาเลี้ยงดูบุตรก็เป็นเรื่องปกติ ฉันคิดว่างานบ้านและการเลี้ยงลูกควรให้คนที่มีเวลาช่วยกันแบ่งเบา ไม่ใช่ให้คนที่ทำได้ดีกว่ารับไปทั้งหมด ที่บ้านของฉันก็ผลัดกันรับผิดชอบตามความสะดวกของแต่ละคน"",""parts"":[{""label"":""양성평등의 뜻"",""anyOf"":[""성평등"",""평등이란"",""남성과 여성"",""남녀"",""차별받지"",""차별하지 않"",""같은 기회"",""동등"",""성별 때문"",""성별에 따라"",""기회를 갖"",""평등하게""]},{""label"":""달라진 가족의 모습"",""anyOf"":[""예전에는"",""옛날에는"",""과거에는"",""맞벌이"",""육아휴직"",""달라졌"",""변했"",""핵가족"",""한부모"",""다문화 가정"",""자연스러워"",""늘고"",""늘었"",""오늘날에는"",""요즘 가정"",""지금은 맞벌이""]},{""label"":""집안일·육아 분담"",""anyOf"":[""분담"",""나누어 맡"",""나누어 하"",""함께 나누"",""나누는 것이 좋"",""시간이 되는"",""공평"",""반씩"",""서로 도우"",""도와야"",""부부가 함께"",""한쪽에게"",""형편이 되는"",""같이 해야"",""같이 하는 것이 좋"",""함께 해야""]},{""label"":""우리 집의 모습"",""anyOf"":[""저희 집"",""우리 집"",""제 가정"",""우리 가정"",""저희 가정"",""우리 가족은"",""저희는"",""저희 부부"",""번갈아"",""형편에 맞"",""남편은"",""남편이"",""아내는"",""아내가"",""제가 맡"",""아이 돌보""]}]}"
"wr19","작문","writing","nat","1619","{""id"":""wr19"",""category"":""작문"",""type"":""writing"",""q"":""다음 주제로 200자 이내로 글을 쓰세요: 인터넷과 스마트폰을 바르게 쓰는 방법<br>① 인터넷과 스마트폰이 생활을 어떻게 바꾸었는지<br>② 그로 인해 생기는 문제에는 어떤 것이 있는지<br>③ 인터넷에서 지켜야 할 예절은 무엇인지<br>④ 자신은 어떻게 쓰려고 하는지"",""q_zh"":""请就以下主题写一篇200字以内的短文：正确使用网络和智能手机的方法<br>① 网络和智能手机如何改变了生活<br>② 由此产生了哪些问题<br>③ 在网络上应遵守哪些礼节<br>④ 你打算怎样使用"",""q_vi"":""Hãy viết một đoạn văn không quá 200 chữ về chủ đề sau: Cách sử dụng Internet và điện thoại thông minh đúng đắn<br>① Internet và điện thoại thông minh đã thay đổi cuộc sống thế nào<br>② Điều đó gây ra những vấn đề gì<br>③ Cần giữ phép lịch sự nào trên Internet<br>④ Bạn định sử dụng như thế nào"",""q_th"":""จงเขียนเรียงความตามหัวข้อต่อไปนี้ภายใน 200 ตัวอักษร: วิธีใช้อินเทอร์เน็ตและสมาร์ตโฟนอย่างถูกต้อง<br>① อินเทอร์เน็ตและสมาร์ตโฟนเปลี่ยนชีวิตอย่างไร<br>② สิ่งนั้นก่อให้เกิดปัญหาใดบ้าง<br>③ มารยาทที่ต้องรักษาบนอินเทอร์เน็ตคืออะไร<br>④ คุณตั้งใจจะใช้อย่างไร"",""guide"":""②에서 악성 댓글, 거짓 정보, 개인정보 유출처럼 구체적인 문제를 드세요. ③은 얼굴이 보이지 않아도 상대는 사람이라는 점을 짚으면 글이 단단해집니다."",""guide_zh"":""②要举出具体问题，比如恶意留言、虚假信息、个人信息泄露。③点出即使看不见对方的脸，对面也是活生生的人，文章就立得住。"",""guide_vi"":""Ở ② hãy nêu các vấn đề cụ thể như bình luận ác ý, thông tin sai lệch, rò rỉ thông tin cá nhân. Ở ③ nếu nhấn mạnh rằng dù không thấy mặt thì đối phương vẫn là con người, bài viết sẽ vững hơn."",""guide_th"":""ใน ② ให้ยกปัญหาที่เป็นรูปธรรม เช่น คอมเมนต์ที่มุ่งร้าย ข้อมูลเท็จ การรั่วไหลของข้อมูลส่วนบุคคล ส่วน ③ หากชี้ว่าแม้มองไม่เห็นหน้าแต่อีกฝ่ายก็เป็นคนเหมือนกัน บทความจะหนักแน่นขึ้น"",""model"":""인터넷과 스마트폰 덕분에 우리는 멀리 있는 사람과도 쉽게 이야기하고 필요한 정보를 빠르게 찾을 수 있게 되었습니다. 그러나 악성 댓글과 거짓 정보가 퍼지고 개인정보가 새어 나가는 문제도 함께 생겼습니다. 인터넷에서는 얼굴이 보이지 않아도 상대가 사람이라는 것을 잊지 말고 예의를 지켜야 합니다. 저는 확인되지 않은 글은 옮기지 않고 남을 아프게 하는 말은 쓰지 않으려고 합니다."",""model_zh"":""多亏了网络和智能手机，我们能轻松和远方的人交谈，也能迅速找到需要的信息。但与此同时，恶意留言和虚假信息四处传播，个人信息泄露的问题也出现了。在网上即使看不到对方的脸，也不能忘记对面是人，要守住礼节。我不会转发未经证实的内容，也不写伤害他人的话。"",""model_vi"":""Nhờ Internet và điện thoại thông minh, chúng ta có thể dễ dàng trò chuyện với người ở xa và nhanh chóng tìm được thông tin cần thiết. Nhưng đồng thời cũng nảy sinh vấn đề bình luận ác ý, thông tin sai lệch lan truyền và thông tin cá nhân bị rò rỉ. Trên Internet, dù không nhìn thấy mặt cũng đừng quên rằng đối phương là con người và phải giữ phép lịch sự. Tôi sẽ không chia sẻ những bài chưa được kiểm chứng và không viết những lời làm tổn thương người khác."",""model_th"":""ด้วยอินเทอร์เน็ตและสมาร์ตโฟน เราจึงพูดคุยกับคนที่อยู่ไกลได้ง่ายและค้นหาข้อมูลที่ต้องการได้อย่างรวดเร็ว แต่ขณะเดียวกันก็เกิดปัญหาคอมเมนต์ที่มุ่งร้าย ข้อมูลเท็จแพร่กระจาย และข้อมูลส่วนบุคคลรั่วไหล บนอินเทอร์เน็ตแม้มองไม่เห็นหน้า ก็อย่าลืมว่าอีกฝ่ายเป็นคนและต้องรักษามารยาท ฉันจะไม่ส่งต่อข้อความที่ยังไม่ได้ตรวจสอบ และจะไม่เขียนคำที่ทำร้ายจิตใจผู้อื่น"",""parts"":[{""label"":""생활의 변화"",""anyOf"":[""덕분에"",""편리해"",""편해졌"",""빠르게 찾"",""정보를 찾"",""멀리 있는"",""쉽게 이야기"",""연락을 주고받"",""쉽게 연락"",""연락이 편해"",""바뀌었"",""달라졌"",""은행 일"",""쇼핑을 하"",""검색"",""언제 어디서""]},{""label"":""생기는 문제"",""anyOf"":[""악성 댓글"",""나쁜 댓글"",""거짓 정보"",""가짜 뉴스"",""개인정보"",""유출"",""새어"",""중독"",""과의존"",""사기"",""보이스피싱"",""사생활"",""시간을 낭비"",""눈이 나빠""]},{""label"":""인터넷 예절"",""anyOf"":[""예절"",""예의"",""얼굴이 보이지"",""상대가 사람"",""존중"",""비방"",""욕설"",""상처 주는"",""저작권"",""허락 없이"",""배려"",""바른 말"",""함부로 올리지"",""함부로 말하지""]},{""label"":""나의 사용 다짐"",""anyOf"":[""옮기지"",""확인되지 않은"",""쓰지 않으려"",""사용 시간"",""정해 놓고"",""줄이려"",""노력하겠"",""아프게 하는 말"",""조심하"",""습관을 들이"",""습관을 기르"",""실천하려"",""않으려고"",""쓰려고 합니다""]}]}"
"wr20","작문","writing","nat","1620","{""id"":""wr20"",""category"":""작문"",""type"":""writing"",""q"":""다음 주제로 200자 이내로 글을 쓰세요: 재난과 안전사고에 대비하는 방법<br>① 한국에서 일어날 수 있는 재난이나 안전사고에는 무엇이 있는지<br>② 평소에 무엇을 준비해 두어야 하는지<br>③ 위급할 때 어디에 연락하고 어떻게 행동해야 하는지<br>④ 자신이 실천하고 있거나 실천하려는 일은 무엇인지"",""q_zh"":""请就以下主题写一篇200字以内的短文：如何防范灾害与安全事故<br>① 韩国可能发生哪些灾害或安全事故<br>② 平时应做好哪些准备<br>③ 紧急时该联系谁、如何行动<br>④ 你正在做或打算做什么"",""q_vi"":""Hãy viết một đoạn văn không quá 200 chữ về chủ đề sau: Cách phòng ngừa thiên tai và tai nạn an toàn<br>① Ở Hàn Quốc có thể xảy ra những thiên tai hay tai nạn nào<br>② Bình thường cần chuẩn bị những gì<br>③ Khi khẩn cấp phải liên hệ ở đâu và hành động thế nào<br>④ Bạn đang làm hoặc dự định làm gì"",""q_th"":""จงเขียนเรียงความตามหัวข้อต่อไปนี้ภายใน 200 ตัวอักษร: วิธีเตรียมรับมือภัยพิบัติและอุบัติเหตุ<br>① ในเกาหลีอาจเกิดภัยพิบัติหรืออุบัติเหตุใดบ้าง<br>② ตามปกติควรเตรียมสิ่งใดไว้<br>③ เมื่อฉุกเฉินต้องติดต่อที่ใดและปฏิบัติตัวอย่างไร<br>④ คุณกำลังทำหรือตั้งใจจะทำสิ่งใด"",""guide"":""③에서 119와 112를 정확히 구분해 쓰면 좋습니다. 불이 나거나 구급차가 필요하면 119, 경찰의 도움이 필요하면 112입니다. ②는 비상용품과 대피 경로처럼 두 가지를 드세요."",""guide_zh"":""③要准确区分119和112：着火或需要救护车打119，需要警察帮助打112。②举两点即可，比如应急物品和疏散路线。"",""guide_vi"":""Ở ③ nên phân biệt chính xác 119 và 112: hỏa hoạn hoặc cần xe cấp cứu thì gọi 119, cần cảnh sát giúp thì gọi 112. ② hãy nêu hai điều như vật dụng khẩn cấp và lối thoát hiểm."",""guide_th"":""ใน ③ ควรแยกให้ชัดระหว่าง 119 กับ 112 หากไฟไหม้หรือต้องการรถพยาบาลให้โทร 119 หากต้องการตำรวจให้โทร 112 ส่วน ② ให้ยกสองข้อ เช่น ของใช้ฉุกเฉินและเส้นทางหนีไฟ"",""model"":""한국에서는 화재와 교통사고가 자주 일어나고 여름에는 태풍과 폭우로 피해를 입기도 합니다. 평소에 손전등과 비상약을 한곳에 모아 두고 집과 직장의 대피 경로를 미리 알아 두어야 합니다. 불이 나거나 구급차가 필요할 때에는 119에, 경찰의 도움이 필요할 때에는 112에 전화합니다. 저는 가족과 함께 대피 장소를 정해 두고 소화기 쓰는 방법도 익혀 두려고 합니다."",""model_zh"":""在韩国，火灾和交通事故时常发生，夏天还会因台风和暴雨受灾。平时应把手电筒和常备药放在一处，并事先了解家里和单位的疏散路线。着火或需要救护车时拨119，需要警察帮助时拨112。我打算和家人一起定好避难地点，也学会灭火器的使用方法。"",""model_vi"":""Ở Hàn Quốc thường xảy ra hỏa hoạn và tai nạn giao thông, mùa hè còn có thể thiệt hại vì bão và mưa lớn. Bình thường nên để đèn pin và thuốc dự phòng ở cùng một chỗ và tìm hiểu trước lối thoát hiểm ở nhà và nơi làm việc. Khi có cháy hoặc cần xe cấp cứu thì gọi 119, khi cần cảnh sát giúp đỡ thì gọi 112. Tôi định cùng gia đình xác định trước nơi lánh nạn và học cách dùng bình chữa cháy."",""model_th"":""ในเกาหลีมักเกิดไฟไหม้และอุบัติเหตุจราจร ส่วนฤดูร้อนก็อาจเสียหายจากไต้ฝุ่นและฝนตกหนัก ตามปกติควรเก็บไฟฉายและยาสามัญไว้ที่เดียวกัน และรู้เส้นทางหนีภัยของบ้านและที่ทำงานไว้ล่วงหน้า เมื่อเกิดไฟไหม้หรือต้องการรถพยาบาลให้โทร 119 เมื่อต้องการความช่วยเหลือจากตำรวจให้โทร 112 ฉันตั้งใจจะกำหนดจุดรวมพลร่วมกับครอบครัวและฝึกวิธีใช้ถังดับเพลิงไว้ด้วย"",""parts"":[{""label"":""일어날 수 있는 재난"",""anyOf"":[""화재"",""불이 나는"",""태풍"",""폭우"",""지진"",""홍수"",""교통사고"",""폭염"",""한파"",""산불"",""감염병"",""안전사고"",""재난이"",""피해를 입"",""자주 일어나""]},{""label"":""평소의 준비"",""anyOf"":[""손전등"",""비상약"",""비상용품"",""비상식량"",""상비약"",""생수"",""담요"",""충전기"",""라디오"",""구급함"",""대피 경로"",""미리 알아"",""준비해 두"",""챙겨 두"",""챙겨 놓"",""마련해 두""]},{""label"":""연락과 행동 요령"",""anyOf"":[""119"",""112"",""신고"",""전화합니다"",""전화를 걸"",""에 전화"",""구급차"",""소방서"",""경찰"",""낮은 자세"",""침착"",""안내에 따라"",""도움을 청"",""연락해""]},{""label"":""나의 실천"",""anyOf"":[""소화기"",""대피 장소"",""가족과 함께 대피"",""가족과 함께 정해"",""가족과 이야기"",""정해 두"",""익혀"",""배워 두"",""교육을 받"",""훈련"",""실천하려"",""실천하고 있"",""앞으로는"",""알아 두려"",""확인하려""]}]}"
"wr21","작문","writing","nat","1621","{""id"":""wr21"",""category"":""작문"",""type"":""writing"",""q"":""다음 주제로 200자 이내로 글을 쓰세요: 한국의 교육 제도와 자녀 교육<br>① 한국의 학교 제도는 어떻게 이루어져 있는지<br>② 의무 교육 기간은 언제까지인지<br>③ 한국의 교육에서 좋다고 생각하는 점과 아쉬운 점은 무엇인지<br>④ 자녀를 어떻게 가르치고 싶은지"",""q_zh"":""请就以下主题写一篇200字以内的短文：韩国的教育制度与子女教育<br>① 韩国的学制是怎样构成的<br>② 义务教育到哪个阶段<br>③ 韩国教育中你认为好的地方和遗憾的地方是什么<br>④ 你想怎样教育子女"",""q_vi"":""Hãy viết một đoạn văn không quá 200 chữ về chủ đề sau: Chế độ giáo dục Hàn Quốc và việc giáo dục con cái<br>① Hệ thống trường học của Hàn Quốc gồm những gì<br>② Giáo dục bắt buộc kéo dài đến đâu<br>③ Điều bạn thấy tốt và điều còn tiếc ở giáo dục Hàn Quốc là gì<br>④ Bạn muốn dạy con như thế nào"",""q_th"":""จงเขียนเรียงความตามหัวข้อต่อไปนี้ภายใน 200 ตัวอักษร: ระบบการศึกษาเกาหลีกับการให้การศึกษาแก่บุตร<br>① ระบบโรงเรียนของเกาหลีประกอบด้วยอะไรบ้าง<br>② การศึกษาภาคบังคับถึงระดับใด<br>③ สิ่งที่คุณคิดว่าดีและสิ่งที่ยังน่าเสียดายในการศึกษาเกาหลีคืออะไร<br>④ คุณอยากอบรมสั่งสอนบุตรอย่างไร"",""guide"":""②는 사실을 정확히 써야 합니다. 한국의 의무 교육은 초등학교 6년과 중학교 3년까지입니다. 고등학교는 의무 교육은 아니지만 무상 교육이 이루어지고 있습니다. ③에서 좋은 점과 아쉬운 점을 한 문장씩 균형 있게 쓰세요."",""guide_zh"":""②必须写准事实：韩国的义务教育是小学6年加初中3年。高中不属于义务教育，但实行免费教育。③好的一面和遗憾的一面各写一句，保持平衡。"",""guide_vi"":""② phải viết đúng sự thật: giáo dục bắt buộc ở Hàn Quốc là 6 năm tiểu học và 3 năm trung học cơ sở. Trung học phổ thông không thuộc giáo dục bắt buộc nhưng được miễn học phí. Ở ③ hãy viết cân đối mỗi ý một câu về điểm tốt và điểm còn tiếc."",""guide_th"":""② ต้องเขียนข้อเท็จจริงให้ถูกต้อง การศึกษาภาคบังคับของเกาหลีคือประถม 6 ปีและมัธยมต้น 3 ปี ส่วนมัธยมปลายไม่ใช่ภาคบังคับแต่เรียนฟรี ใน ③ ให้เขียนข้อดีและข้อที่น่าเสียดายอย่างละหนึ่งประโยคให้สมดุล"",""model"":""한국의 학교는 초등학교 육 년, 중학교 삼 년, 고등학교 삼 년, 대학교로 이어집니다. 이 가운데 의무 교육은 초등학교와 중학교까지이며, 고등학교는 의무는 아니지만 무상으로 교육이 이루어집니다. 저는 누구나 학교에 다닐 수 있다는 점이 좋지만 시험 경쟁이 너무 치열한 점은 아쉽습니다. 저는 아이가 성적보다 스스로 배우는 즐거움을 먼저 알기를 바랍니다."",""model_zh"":""韩国的学校依次是小学6年、初中3年、高中3年，然后是大学。其中义务教育到小学和初中为止；高中虽非义务教育，但实行免费教育。我觉得人人都能上学这一点很好，但考试竞争过于激烈让人遗憾。我希望孩子先懂得自己学习的乐趣，而不是先看重成绩。"",""model_vi"":""Trường học ở Hàn Quốc gồm tiểu học 6 năm, trung học cơ sở 3 năm, trung học phổ thông 3 năm rồi đến đại học. Trong đó giáo dục bắt buộc kéo dài đến hết trung học cơ sở; trung học phổ thông tuy không bắt buộc nhưng được miễn học phí. Tôi thấy điều tốt là ai cũng có thể đến trường, nhưng đáng tiếc là cạnh tranh thi cử quá gay gắt. Tôi mong con mình biết đến niềm vui tự học trước khi quan tâm đến điểm số."",""model_th"":""โรงเรียนในเกาหลีเรียงจากประถมศึกษา 6 ปี มัธยมต้น 3 ปี มัธยมปลาย 3 ปี แล้วจึงถึงมหาวิทยาลัย ในจำนวนนี้การศึกษาภาคบังคับมีถึงระดับมัธยมต้น ส่วนมัธยมปลายแม้ไม่ใช่ภาคบังคับแต่ก็เรียนฟรี ฉันคิดว่าข้อดีคือทุกคนได้ไปโรงเรียน แต่น่าเสียดายที่การแข่งขันสอบเข้มข้นเกินไป ฉันอยากให้ลูกรู้จักความสุขของการเรียนรู้ด้วยตนเองก่อนจะสนใจคะแนน"",""parts"":[{""label"":""한국의 학교 제도"",""anyOf"":[""초등학교 육"",""초등학교 6"",""중학교 삼"",""중학교 3년"",""고등학교 삼"",""고등학교 3년"",""대학교로 이어"",""대학으로 이어"",""대학교까지 이어"",""육 년"",""삼 년"",""6년"",""12년"",""유치원"",""학제""]},{""label"":""의무 교육 기간"",""anyOf"":[""의무 교육"",""중학교까지"",""중학교 3학년까지"",""9년"",""아홉 해"",""무상"",""의무는"",""법으로 정"",""까지가 의무"",""의무적으로"",""초등학교와 중학교까지"",""반드시 다녀야""]},{""label"":""좋은 점과 아쉬운 점"",""anyOf"":[""좋은 점"",""점이 좋"",""좋지만"",""아쉽"",""아쉬운"",""장점"",""단점"",""경쟁"",""사교육"",""학원"",""시험"",""성적 위주"",""부담"",""치열"",""입시"",""스트레스""]},{""label"":""자녀를 가르치는 방향"",""anyOf"":[""아이가"",""아이를"",""자녀"",""가르치고 싶"",""기를 바랍"",""알기를 바라"",""자라기를"",""스스로 배우"",""즐거움"",""성적보다"",""키우고 싶"",""존중해"",""하고 싶은 일을"",""강요하지""]}]}"
"wr22","작문","writing","nat","1622","{""id"":""wr22"",""category"":""작문"",""type"":""writing"",""q"":""다음 주제로 200자 이내로 글을 쓰세요: 내가 알게 된 한국의 역사 인물<br>① 어떤 인물을 알게 되었는지<br>② 그 인물이 한 일은 무엇인지<br>③ 그 인물에게서 배울 점은 무엇인지<br>④ 그 인물을 알게 된 뒤 든 생각은 무엇인지"",""q_zh"":""请就以下主题写一篇200字以内的短文：我了解到的韩国历史人物<br>① 你了解到的是哪位人物<br>② 这位人物做了什么<br>③ 从他身上能学到什么<br>④ 了解之后你有什么感想"",""q_vi"":""Hãy viết một đoạn văn không quá 200 chữ về chủ đề sau: Nhân vật lịch sử Hàn Quốc mà tôi biết đến<br>① Bạn đã biết đến nhân vật nào<br>② Nhân vật đó đã làm gì<br>③ Có thể học được điều gì từ nhân vật đó<br>④ Sau khi biết về nhân vật đó bạn nghĩ gì"",""q_th"":""จงเขียนเรียงความตามหัวข้อต่อไปนี้ภายใน 200 ตัวอักษร: บุคคลสำคัญในประวัติศาสตร์เกาหลีที่ฉันได้รู้จัก<br>① คุณได้รู้จักบุคคลใด<br>② บุคคลนั้นทำสิ่งใด<br>③ เรียนรู้อะไรได้จากบุคคลนั้น<br>④ หลังจากได้รู้จักแล้วคุณคิดอย่างไร"",""guide"":""인물은 세종대왕, 이순신, 유관순처럼 널리 알려진 사람 가운데 하나만 골라 끝까지 그 사람 이야기로 쓰세요. 여러 명을 늘어놓으면 200자 안에 아무것도 깊이 쓰지 못합니다. ②에서 한 일을 한두 가지만 정확히 씁니다."",""guide_zh"":""从世宗大王、李舜臣、柳宽顺这类广为人知的人物中只选一位，通篇写这一个人。列举多人的话，200字里什么都写不深。②只准确写一两件事迹。"",""guide_vi"":""Hãy chọn duy nhất một người trong số các nhân vật nổi tiếng như Vua Sejong, Yi Sun-sin, Yu Gwan-sun và viết về người đó xuyên suốt. Nếu kể nhiều người thì trong 200 chữ sẽ không viết sâu được gì. Ở ② chỉ nêu chính xác một hai việc người đó đã làm."",""guide_th"":""ให้เลือกเพียงหนึ่งคนจากบุคคลที่รู้จักกันทั่วไป เช่น พระเจ้าเซจง อี ซุนชิน หรือ ยู ควันซุน แล้วเขียนถึงคนนั้นตลอดทั้งเรื่อง หากไล่เรียงหลายคนจะเขียนอะไรไม่ลึกเลยใน 200 ตัวอักษร ใน ② ให้เขียนสิ่งที่เขาทำเพียงหนึ่งถึงสองอย่างอย่างถูกต้อง"",""model"":""저는 한국어를 배우면서 세종대왕을 알게 되었습니다. 세종대왕은 글을 몰라 어려움을 겪는 백성을 위해 훈민정음을 만들어 널리 알렸습니다. 저는 백성의 처지를 먼저 살핀 그 마음에서 큰 것을 배웠습니다. 힘 있는 사람이 약한 사람의 어려움을 헤아릴 때 세상이 나아진다는 것을 알았습니다. 한글 덕분에 저 같은 외국인도 한국어를 쉽게 배울 수 있어 고맙게 생각합니다."",""model_zh"":""我在学韩语的过程中了解了世宗大王。世宗大王为了不识字而生活困难的百姓创制并推广了训民正音。我从他先体察百姓处境的这份心意中学到了很多。我明白了：有权势的人体谅弱者的难处时，世界才会变好。多亏了韩文，像我这样的外国人也能轻松学韩语，我心怀感激。"",""model_vi"":""Trong quá trình học tiếng Hàn, tôi đã biết đến Vua Sejong. Vua Sejong đã sáng tạo và phổ biến Hunminjeongeum vì những người dân gặp khó khăn do không biết chữ. Tôi học được điều lớn lao từ tấm lòng biết nghĩ đến hoàn cảnh của dân trước tiên ấy. Tôi hiểu rằng khi người có quyền lực thấu hiểu khó khăn của kẻ yếu thì thế giới mới tốt lên. Nhờ có Hangeul mà người nước ngoài như tôi cũng học tiếng Hàn dễ dàng, tôi rất biết ơn."",""model_th"":""ระหว่างเรียนภาษาเกาหลี ฉันได้รู้จักพระเจ้าเซจงมหาราช พระองค์ทรงสร้างและเผยแพร่ฮุนมินจองอึมเพื่อราษฎรที่ลำบากเพราะอ่านเขียนไม่ได้ ฉันได้เรียนรู้สิ่งสำคัญจากพระทัยที่คำนึงถึงความเป็นอยู่ของราษฎรก่อน ฉันเข้าใจว่าเมื่อผู้มีอำนาจเข้าใจความยากลำบากของผู้อ่อนแอ โลกจึงจะดีขึ้น เพราะมีฮันกึล ชาวต่างชาติอย่างฉันจึงเรียนภาษาเกาหลีได้ง่าย ฉันรู้สึกขอบคุณมาก"",""parts"":[{""label"":""알게 된 인물"",""anyOf"":[""세종"",""이순신"",""유관순"",""안중근"",""장영실"",""신사임당"",""김구"",""정약용"",""알게 되었"",""처음 알게"",""인물을 알"",""배우면서"",""책에서"",""드라마""]},{""label"":""그 인물이 한 일"",""anyOf"":[""훈민정음"",""한글을 만들"",""글자를 만들"",""만들어 냈"",""을 만들었"",""거북선"",""왜군"",""전쟁에서"",""나라를 구"",""독립운동"",""만세"",""발명"",""업적"",""백성을 위해"",""널리 알렸"",""싸웠""]},{""label"":""배울 점"",""anyOf"":[""배울 점"",""것을 배웠"",""점을 배웠"",""고 배웠"",""에게서 배"",""본받"",""마음에서"",""헤아리"",""약한 사람"",""희생"",""용기"",""끈기"",""앞장"",""존경"",""자세를 배""]},{""label"":""알게 된 뒤의 생각"",""anyOf"":[""고맙게"",""감사"",""생각하게"",""다시 생각"",""자랑스"",""대단하다고"",""덕분에"",""더 알고 싶"",""관심이 생겼"",""닮고 싶"",""알고 나니"",""감동""]}]}"
"wr23","작문","writing","nat","1623","{""id"":""wr23"",""category"":""작문"",""type"":""writing"",""q"":""다음 주제로 200자 이내로 글을 쓰세요: 한국 음식과 내 고향 음식<br>① 자신이 좋아하는 한국 음식은 무엇이고 왜 좋아하는지<br>② 내 고향에는 어떤 음식이 있는지<br>③ 두 나라 음식의 같은 점과 다른 점은 무엇인지<br>④ 음식을 통해 느낀 점은 무엇인지"",""q_zh"":""请就以下主题写一篇200字以内的短文：韩国饮食与我家乡的饮食<br>① 你喜欢的韩国菜是什么，为什么喜欢<br>② 你的家乡有哪些食物<br>③ 两国饮食的相同点和不同点是什么<br>④ 通过饮食你有什么体会"",""q_vi"":""Hãy viết một đoạn văn không quá 200 chữ về chủ đề sau: Món ăn Hàn Quốc và món ăn quê hương tôi<br>① Món ăn Hàn Quốc bạn thích là gì và vì sao thích<br>② Quê bạn có những món ăn nào<br>③ Điểm giống và khác giữa món ăn hai nước là gì<br>④ Qua món ăn bạn cảm nhận được điều gì"",""q_th"":""จงเขียนเรียงความตามหัวข้อต่อไปนี้ภายใน 200 ตัวอักษร: อาหารเกาหลีกับอาหารบ้านเกิดของฉัน<br>① อาหารเกาหลีที่คุณชอบคืออะไรและชอบเพราะอะไร<br>② ที่บ้านเกิดของคุณมีอาหารอะไรบ้าง<br>③ จุดเหมือนและจุดต่างของอาหารสองประเทศคืออะไร<br>④ คุณรู้สึกอย่างไรผ่านอาหาร"",""guide"":""①과 ②에서 음식 이름을 정확히 밝히고 맛이나 재료를 한마디 덧붙이면 글이 생생해집니다. ③은 같은 점 하나, 다른 점 하나만 들어도 충분합니다. ④는 음식을 문화와 연결해 맺으세요."",""guide_zh"":""①和②要写清菜名，再加一句味道或食材，文章就生动了。③相同点、不同点各举一个就够。④把饮食与文化联系起来收尾。"",""guide_vi"":""Ở ① và ② hãy nêu chính xác tên món và thêm một câu về hương vị hay nguyên liệu thì bài văn sẽ sinh động. ③ chỉ cần nêu một điểm giống và một điểm khác là đủ. ④ hãy kết bằng cách nối món ăn với văn hóa."",""guide_th"":""ใน ① และ ② ให้ระบุชื่ออาหารให้ชัดและเสริมสักคำเรื่องรสชาติหรือวัตถุดิบ บทความจะมีชีวิตชีวา ส่วน ③ ยกจุดเหมือนหนึ่งข้อและจุดต่างหนึ่งข้อก็พอ ④ ปิดท้ายด้วยการเชื่อมโยงอาหารกับวัฒนธรรม"",""model"":""저는 한국 음식 가운데 된장찌개를 가장 좋아합니다. 국물이 구수하고 밥과 함께 먹으면 속이 편하기 때문입니다. 제 고향에도 콩으로 장을 담가 국을 끓이는 음식이 있어 처음 먹었을 때 낯설지 않았습니다. 두 나라 모두 가족이 한 상에 둘러앉아 함께 먹는 점은 같지만, 반찬을 여러 가지 놓는 것은 한국이 더 두드러집니다. 저는 음식에 그 나라 사람들의 정이 담겨 있다고 느꼈습니다."",""model_zh"":""韩国菜里我最喜欢大酱汤。汤头醇香，配着米饭吃胃里很舒服。我的家乡也有用大豆做酱、再熬汤的食物，所以第一次吃的时候并不觉得陌生。两国都是一家人围坐一桌一起吃，这一点相同；但摆上好几样小菜，韩国更为突出。我感到，饮食里盛着那个国家的人情。"",""model_vi"":""Trong các món ăn Hàn Quốc, tôi thích nhất là canh tương đậu doenjang-jjigae. Vì nước canh thơm bùi và ăn cùng cơm thì rất dễ chịu. Ở quê tôi cũng có món ủ tương từ đậu rồi nấu canh nên lần đầu ăn tôi không thấy xa lạ. Cả hai nước giống nhau ở chỗ cả gia đình quây quần bên một mâm cùng ăn, nhưng việc bày nhiều món phụ thì ở Hàn Quốc nổi bật hơn. Tôi cảm nhận rằng trong món ăn có chứa đựng tình cảm của con người nước đó."",""model_th"":""ในบรรดาอาหารเกาหลี ฉันชอบซุปเต้าเจี้ยวทเวนจังจีเกมากที่สุด เพราะน้ำซุปหอมกลมกล่อมและกินกับข้าวแล้วสบายท้อง ที่บ้านเกิดของฉันก็มีอาหารที่หมักเต้าเจี้ยวจากถั่วแล้วนำมาต้มเป็นซุป ตอนกินครั้งแรกจึงไม่รู้สึกแปลก ทั้งสองประเทศเหมือนกันตรงที่ครอบครัวล้อมวงกินด้วยกัน แต่การจัดเครื่องเคียงหลายอย่างนั้นเกาหลีเด่นกว่า ฉันรู้สึกว่าในอาหารบรรจุน้ำใจของผู้คนประเทศนั้นไว้"",""parts"":[{""label"":""좋아하는 한국 음식"",""anyOf"":[""김치"",""불고기"",""비빔밥"",""된장찌개"",""김치찌개"",""삼겹살"",""떡볶이"",""냉면"",""삼계탕"",""잡채"",""가장 좋아"",""국물이"",""매워서"",""맛있어서"",""한국 음식 중"",""한국 음식 가운데""]},{""label"":""내 고향의 음식"",""anyOf"":[""고향"",""제 나라"",""저희 나라"",""고국"",""모국"",""제가 태어난 나라"",""어릴 때 먹"",""어머니가 해"",""향신료"",""전통 음식"",""자주 먹던"",""즐겨 먹"",""주식으로"",""명절에 먹던"",""장을 담"",""손으로 만들""]},{""label"":""같은 점과 다른 점"",""anyOf"":[""같은 점"",""다른 점"",""비슷"",""다릅니다"",""두 나라"",""반찬을 여러"",""반찬이 많"",""두드러"",""차이"",""공통점"",""마찬가지"",""에 비해"",""같지만"",""다르지만""]},{""label"":""음식을 통해 느낀 점"",""anyOf"":[""정이 담"",""정을 느꼈"",""마음이 담"",""것을 느꼈"",""마음이 따뜻"",""따뜻함을 느"",""따뜻한 정"",""문화를 이해"",""문화가 담"",""문화를 알게"",""가까워"",""이해하게"",""소중"",""통해 배"",""고마움""]}]}"
"wr24","작문","writing","nat","1624","{""id"":""wr24"",""category"":""작문"",""type"":""writing"",""q"":""다음 주제로 200자 이내로 글을 쓰세요: 한국의 사계절과 계절에 맞춘 생활<br>① 한국의 사계절은 각각 어떤 특징이 있는지<br>② 자신이 가장 좋아하는 계절과 그 까닭은 무엇인지<br>③ 계절에 따라 생활에서 조심할 점은 무엇인지<br>④ 고향의 날씨와 다른 점은 무엇인지"",""q_zh"":""请就以下主题写一篇200字以内的短文：韩国的四季与顺应季节的生活<br>① 韩国四季各有什么特点<br>② 你最喜欢的季节是哪个，为什么<br>③ 随季节变化生活中要注意什么<br>④ 与家乡的天气有什么不同"",""q_vi"":""Hãy viết một đoạn văn không quá 200 chữ về chủ đề sau: Bốn mùa ở Hàn Quốc và cuộc sống thuận theo mùa<br>① Bốn mùa ở Hàn Quốc mỗi mùa có đặc điểm gì<br>② Mùa bạn thích nhất và lý do<br>③ Theo từng mùa, trong sinh hoạt cần lưu ý điều gì<br>④ Có gì khác so với thời tiết quê bạn"",""q_th"":""จงเขียนเรียงความตามหัวข้อต่อไปนี้ภายใน 200 ตัวอักษร: สี่ฤดูของเกาหลีกับการใช้ชีวิตตามฤดูกาล<br>① สี่ฤดูของเกาหลีแต่ละฤดูมีลักษณะอย่างไร<br>② ฤดูที่คุณชอบที่สุดและเหตุผล<br>③ ตามแต่ละฤดูต้องระวังอะไรในชีวิตประจำวัน<br>④ ต่างจากสภาพอากาศบ้านเกิดอย่างไร"",""guide"":""①에서 네 계절을 한 문장에 짧게 묶으면 남은 칸을 ②와 ③에 쓸 수 있습니다. ③에서 여름 장마와 태풍, 겨울 한파, 봄 황사처럼 계절과 짝이 맞는 것을 고르세요."",""guide_zh"":""①把四个季节压缩在一句话里，剩下的篇幅留给②和③。③要选和季节对得上的，比如夏天的梅雨台风、冬天的寒潮、春天的黄沙。"",""guide_vi"":""Ở ① nên gói bốn mùa gọn trong một câu để dành chỗ cho ② và ③. Ở ③ hãy chọn thứ tương ứng đúng với mùa như mưa dầm và bão mùa hè, giá rét mùa đông, bụi vàng mùa xuân."",""guide_th"":""ใน ① ควรรวบสี่ฤดูไว้ในประโยคเดียวเพื่อเหลือที่ให้ ② และ ③ ใน ③ ให้เลือกสิ่งที่ตรงกับฤดู เช่น ฝนชุกและไต้ฝุ่นในฤดูร้อน อากาศหนาวจัดในฤดูหนาว และฝุ่นทรายเหลืองในฤดูใบไม้ผลิ"",""model"":""한국은 봄에 꽃이 피고 여름에는 덥고 비가 많으며 가을에는 하늘이 맑고 겨울에는 춥고 눈이 옵니다. 저는 가을을 가장 좋아합니다. 덥지도 춥지도 않아 걷기에 좋고 단풍이 아름답기 때문입니다. 여름에는 장마와 태풍에 대비해야 하고 겨울에는 추위에 건강을 조심해야 하며 봄에는 황사가 심한 날 마스크를 씁니다. 제 고향은 사계절 구분이 뚜렷하지 않아 처음에는 옷을 챙기기가 어려웠습니다."",""model_zh"":""韩国春天开花，夏天炎热多雨，秋天天空晴朗，冬天寒冷下雪。我最喜欢秋天。因为不冷不热适合散步，红叶也很美。夏天要防梅雨和台风，冬天要注意防寒保重身体，春天黄沙严重的日子要戴口罩。我的家乡四季区分不明显，所以刚来时不太会准备衣服。"",""model_vi"":""Hàn Quốc mùa xuân hoa nở, mùa hè nóng và nhiều mưa, mùa thu trời trong xanh, mùa đông lạnh và có tuyết. Tôi thích nhất là mùa thu, vì không nóng cũng không lạnh nên rất hợp để đi bộ và lá phong rất đẹp. Mùa hè phải đề phòng mưa dầm và bão, mùa đông phải giữ gìn sức khỏe trước cái lạnh, mùa xuân thì đeo khẩu trang vào những ngày bụi vàng nhiều. Quê tôi bốn mùa không phân biệt rõ nên lúc đầu tôi rất khó chuẩn bị quần áo."",""model_th"":""เกาหลีฤดูใบไม้ผลิดอกไม้บาน ฤดูร้อนอากาศร้อนและฝนตกมาก ฤดูใบไม้ร่วงท้องฟ้าใส ส่วนฤดูหนาวอากาศเย็นและมีหิมะ ฉันชอบฤดูใบไม้ร่วงที่สุด เพราะไม่ร้อนไม่หนาว เหมาะแก่การเดินเล่นและใบไม้เปลี่ยนสีสวยงาม ฤดูร้อนต้องเตรียมรับมือฝนชุกและไต้ฝุ่น ฤดูหนาวต้องดูแลสุขภาพจากความหนาว ส่วนฤดูใบไม้ผลิในวันที่ฝุ่นทรายเหลืองหนักก็ต้องสวมหน้ากาก บ้านเกิดของฉันแบ่งสี่ฤดูไม่ชัดเจน ตอนแรกจึงเตรียมเสื้อผ้าลำบาก"",""parts"":[{""label"":""사계절 각각의 특징"",""anyOf"":[""사계절이 뚜렷"",""꽃이 피"",""꽃이 핍"",""벚꽃"",""단풍이 들"",""단풍이 물들"",""눈이 옵"",""눈이 내리"",""하늘이 맑"",""무덥"",""덥고"",""춥고"",""선선"",""쌀쌀"",""더워지"",""추워지""]},{""label"":""좋아하는 계절과 까닭"",""anyOf"":[""가장 좋아"",""제일 좋아"",""좋아하는 계절"",""좋아하는 까닭"",""좋아하는 이유"",""좋아합니다"",""좋아해서"",""마음에 듭"",""아름답기 때문"",""아름다워서"",""걷기에 좋"",""지내기 좋"",""기분이 좋아"",""설레"",""덥지도"",""춥지도""]},{""label"":""계절별 조심할 점"",""anyOf"":[""조심"",""주의"",""대비"",""장마"",""태풍"",""황사"",""미세먼지"",""한파"",""폭염"",""감기"",""마스크"",""빙판"",""온열"",""건강을 챙기"",""따뜻하게 입"",""물을 자주""]},{""label"":""고향 날씨와 다른 점"",""anyOf"":[""고향"",""제 나라"",""모국"",""한국과 달리"",""한국에 와서"",""적응"",""사계절 구분"",""뚜렷하지 않"",""일 년 내내"",""더운 나라"",""추운 나라"",""비가 많은 나라"",""옷을 챙기"",""계절이 두 개""]}]}"
"wr25","작문","writing","nat","1625","{""id"":""wr25"",""category"":""작문"",""type"":""writing"",""q"":""다음 주제로 200자 이내로 글을 쓰세요: 건강 관리와 병원 이용 방법<br>① 평소 건강을 지키기 위해 무엇을 하고 있는지<br>② 몸이 아플 때 어떤 병원을 찾아가는지<br>③ 한국의 건강검진 제도에 대해 아는 것은 무엇인지<br>④ 앞으로 건강을 위해 무엇을 더 하고 싶은지"",""q_zh"":""请就以下主题写一篇200字以内的短文：健康管理与就医方法<br>① 平时为保持健康你做些什么<br>② 身体不适时会去哪种医院<br>③ 你了解韩国的健康检查制度吗<br>④ 今后想为健康再做些什么"",""q_vi"":""Hãy viết một đoạn văn không quá 200 chữ về chủ đề sau: Quản lý sức khỏe và cách sử dụng bệnh viện<br>① Bình thường bạn làm gì để giữ gìn sức khỏe<br>② Khi ốm bạn đến loại bệnh viện nào<br>③ Bạn biết gì về chế độ khám sức khỏe của Hàn Quốc<br>④ Sau này bạn muốn làm thêm gì cho sức khỏe"",""q_th"":""จงเขียนเรียงความตามหัวข้อต่อไปนี้ภายใน 200 ตัวอักษร: การดูแลสุขภาพและวิธีใช้บริการโรงพยาบาล<br>① ตามปกติคุณทำสิ่งใดเพื่อรักษาสุขภาพ<br>② เมื่อไม่สบายคุณไปโรงพยาบาลแบบใด<br>③ คุณรู้อะไรเกี่ยวกับระบบตรวจสุขภาพของเกาหลี<br>④ ต่อไปคุณอยากทำอะไรเพิ่มเพื่อสุขภาพ"",""guide"":""②에서 가벼운 증상은 동네 의원, 큰 병이 의심되면 종합병원이라는 순서를 밝히면 좋습니다. 큰 병원에 갈 때 진료의뢰서가 필요하다는 점을 덧붙이면 아는 것이 드러납니다."",""guide_zh"":""②说清顺序会更好：轻症去社区诊所，怀疑大病再去综合医院。补一句去大医院需要转诊单，就能显出你了解情况。"",""guide_vi"":""Ở ② nên nêu rõ thứ tự: triệu chứng nhẹ thì đến phòng khám gần nhà, nghi bệnh nặng mới đến bệnh viện tổng hợp. Thêm ý cần giấy giới thiệu khi đến bệnh viện lớn sẽ cho thấy bạn nắm rõ."",""guide_th"":""ใน ② ควรระบุลำดับว่าอาการเล็กน้อยไปคลินิกใกล้บ้าน หากสงสัยว่าเป็นโรคร้ายแรงจึงไปโรงพยาบาลใหญ่ หากเสริมว่าการไปโรงพยาบาลใหญ่ต้องมีใบส่งตัวก็จะแสดงว่าคุณรู้จริง"",""model"":""저는 건강을 지키려고 아침마다 삼십 분씩 걷고 짠 음식을 줄이려고 합니다. 감기처럼 가벼운 증상이면 집 근처 의원에 가고, 큰 병이 의심되면 진료의뢰서를 받아 종합병원에 갑니다. 한국에서는 건강보험에 가입한 사람에게 정기적으로 건강검진을 받을 기회를 주어 병을 일찍 찾아낼 수 있습니다. 저는 앞으로 검진을 거르지 않고 가족과 함께 받으려고 합니다."",""model_zh"":""为了保持健康，我每天早上走三十分钟，并尽量少吃咸的食物。像感冒这样的小毛病就去家附近的诊所，怀疑是大病时就开转诊单去综合医院。在韩国，参加健康保险的人可以定期接受健康检查，从而及早发现疾病。今后我打算不落下体检，还要和家人一起去做。"",""model_vi"":""Để giữ sức khỏe, mỗi sáng tôi đi bộ ba mươi phút và cố gắng ăn nhạt hơn. Nếu chỉ là triệu chứng nhẹ như cảm cúm thì tôi đến phòng khám gần nhà, còn nếu nghi ngờ bệnh nặng thì xin giấy giới thiệu để đến bệnh viện tổng hợp. Ở Hàn Quốc, người tham gia bảo hiểm y tế được tạo cơ hội khám sức khỏe định kỳ nên có thể phát hiện bệnh sớm. Sau này tôi sẽ không bỏ lỡ đợt khám nào và sẽ đi cùng gia đình."",""model_th"":""เพื่อรักษาสุขภาพ ฉันเดินวันละสามสิบนาทีทุกเช้าและพยายามลดอาหารรสเค็ม หากเป็นอาการเล็กน้อยอย่างหวัด ฉันจะไปคลินิกใกล้บ้าน แต่ถ้าสงสัยว่าเป็นโรคร้ายแรงก็จะขอใบส่งตัวเพื่อไปโรงพยาบาลตรวจใหญ่ ในเกาหลี ผู้ที่เข้าร่วมประกันสุขภาพจะได้รับโอกาสตรวจสุขภาพเป็นระยะ จึงพบโรคได้แต่เนิ่น ๆ ต่อไปฉันจะไม่ละเลยการตรวจสุขภาพและจะไปพร้อมครอบครัว"",""parts"":[{""label"":""평소 건강 관리 방법"",""anyOf"":[""운동"",""걷기"",""걷고"",""걷는"",""산책"",""등산"",""채소"",""골고루"",""짠 음식"",""싱겁게"",""일찍 자"",""잠을 충분"",""술을 줄"",""담배를 피우지"",""스트레칭"",""규칙적인 생활""]},{""label"":""아플 때 가는 병원"",""anyOf"":[""의원"",""동네 병원"",""병원에 가"",""종합병원"",""대학병원"",""진료의뢰서"",""내과"",""이비인후과"",""치과"",""약국"",""응급실"",""큰 병원"",""가벼운 증상"",""진료를 받"",""몸이 아프면"",""열이 나면""]},{""label"":""건강검진 제도"",""anyOf"":[""건강검진"",""검진 제도"",""정기 검진"",""정기적으로 검진"",""검진을 받을 수 있"",""검진을 무료"",""건강보험"",""국민건강보험"",""공단"",""무료로 검사"",""국가에서"",""나라에서 해 주"",""병을 일찍"",""일찍 발견"",""이 년마다"",""2년마다""]},{""label"":""앞으로의 건강 계획"",""anyOf"":[""앞으로"",""더 노력하"",""노력하겠"",""실천하고 싶"",""계획을 세"",""결심"",""꾸준히 하겠"",""더 열심히"",""하고 싶"",""시작하려"",""거르지 않"",""만들고 싶"",""지키고 싶"",""다짐""]}]}"
"wr26","작문","writing","nat","1626","{""id"":""wr26"",""category"":""작문"",""type"":""writing"",""q"":""다음 주제로 200자 이내로 글을 쓰세요: 한국의 대중교통 이용 경험<br>① 한국에는 어떤 대중교통이 있는지<br>② 자신은 주로 무엇을 이용하는지<br>③ 대중교통을 이용하면서 편리하다고 느낀 점은 무엇인지<br>④ 대중교통에서 지켜야 할 예절은 무엇인지"",""q_zh"":""请就以下主题写一篇200字以内的短文：在韩国乘坐公共交通的经历<br>① 韩国有哪些公共交通<br>② 你主要乘坐什么<br>③ 使用中你觉得哪里方便<br>④ 在公共交通上应遵守哪些礼节"",""q_vi"":""Hãy viết một đoạn văn không quá 200 chữ về chủ đề sau: Trải nghiệm sử dụng giao thông công cộng ở Hàn Quốc<br>① Ở Hàn Quốc có những phương tiện công cộng nào<br>② Bạn chủ yếu sử dụng phương tiện nào<br>③ Bạn thấy điều gì tiện lợi khi sử dụng<br>④ Cần giữ phép lịch sự nào trên phương tiện công cộng"",""q_th"":""จงเขียนเรียงความตามหัวข้อต่อไปนี้ภายใน 200 ตัวอักษร: ประสบการณ์ใช้ขนส่งสาธารณะในเกาหลี<br>① ในเกาหลีมีขนส่งสาธารณะอะไรบ้าง<br>② คุณใช้อะไรเป็นหลัก<br>③ คุณรู้สึกว่าสิ่งใดสะดวกเมื่อใช้บริการ<br>④ มารยาทที่ต้องรักษาบนขนส่งสาธารณะคืออะไร"",""guide"":""③에서 환승 할인처럼 한국 대중교통의 구체적인 장점을 하나 들면 좋습니다. ④는 노약자석 양보, 큰 소리로 통화하지 않기처럼 실제 예절을 두 가지 정도 쓰세요."",""guide_zh"":""③举一个韩国公交的具体优点，比如换乘优惠。④写两条实际礼节，比如给老弱病残孕让座、不大声打电话。"",""guide_vi"":""Ở ③ nên nêu một ưu điểm cụ thể của giao thông công cộng Hàn Quốc như giảm giá khi chuyển tuyến. ④ hãy viết khoảng hai phép lịch sự thực tế như nhường ghế ưu tiên, không nói điện thoại to."",""guide_th"":""ใน ③ ควรยกข้อดีที่เป็นรูปธรรมของขนส่งสาธารณะเกาหลีสักข้อ เช่น ส่วนลดเมื่อเปลี่ยนสาย ส่วน ④ ให้เขียนมารยาทที่ใช้จริงราวสองข้อ เช่น การสละที่นั่งให้ผู้สูงอายุ และไม่คุยโทรศัพท์เสียงดัง"",""model"":""한국에는 지하철과 버스, 기차와 고속버스처럼 여러 대중교통이 있습니다. 저는 가까운 곳에 갈 때에는 버스를, 먼 곳에 갈 때에는 지하철을 주로 이용합니다. 교통카드 한 장으로 버스와 지하철을 갈아탈 수 있고 환승 할인까지 받을 수 있어 편리합니다. 대중교통에서는 노약자석을 비워 두고 큰 소리로 통화하지 않아야 다른 사람에게 불편을 주지 않습니다."",""model_zh"":""韩国有地铁、公交、火车和高速巴士等多种公共交通。近距离我主要坐公交，远一点就坐地铁。一张交通卡就能在公交和地铁之间换乘，还能享受换乘优惠，很方便。在公共交通上应把老弱病残孕专座空出来，不大声打电话，才不会给别人添麻烦。"",""model_vi"":""Ở Hàn Quốc có nhiều phương tiện công cộng như tàu điện ngầm, xe buýt, tàu hỏa và xe khách cao tốc. Khi đi gần tôi thường đi xe buýt, đi xa thì chủ yếu dùng tàu điện ngầm. Chỉ với một thẻ giao thông là có thể chuyển từ xe buýt sang tàu điện ngầm và còn được giảm giá chuyển tuyến nên rất tiện. Trên phương tiện công cộng nên để trống ghế ưu tiên và không nói điện thoại to thì mới không làm phiền người khác."",""model_th"":""ในเกาหลีมีขนส่งสาธารณะหลายแบบ ทั้งรถไฟใต้ดิน รถเมล์ รถไฟ และรถบัสด่วน เวลาไปที่ใกล้ ฉันมักนั่งรถเมล์ ส่วนที่ไกลจะใช้รถไฟใต้ดินเป็นหลัก ใช้บัตรโดยสารใบเดียวก็เปลี่ยนจากรถเมล์ไปรถไฟใต้ดินได้และยังได้ส่วนลดเปลี่ยนสายด้วย จึงสะดวกมาก บนขนส่งสาธารณะควรเว้นที่นั่งสำหรับผู้สูงอายุและไม่คุยโทรศัพท์เสียงดัง จึงจะไม่รบกวนผู้อื่น"",""parts"":[{""label"":""한국의 대중교통 종류"",""anyOf"":[""대중교통이 있"",""여러 대중교통"",""대중교통의 종류"",""대중교통에는"",""지하철과 버스가"",""버스나 지하철"",""지하철이나 버스"",""기차와"",""고속버스"",""시외버스"",""마을버스"",""전철"",""KTX"",""교통수단"",""여러 가지"",""택시 등""]},{""label"":""자신이 주로 쓰는 것"",""anyOf"":[""주로 이용"",""주로 타"",""주로 탑니다"",""저는 주로"",""자주 이용"",""자주 타"",""자주 탑니다"",""타고 다니"",""출근"",""퇴근"",""통학"",""집 근처"",""매일 아침"",""가까운 곳"",""먼 곳"",""학교에 갈 때""]},{""label"":""편리하다고 느낀 점"",""anyOf"":[""편리"",""좋은 점"",""환승"",""할인"",""교통카드"",""갈아탈"",""갈아타"",""요금이 싸"",""값이 싸"",""시간이 정확"",""정확한 시간"",""자주 와"",""자주 옵"",""노선"",""도착 시간"",""막히지""]},{""label"":""대중교통 예절"",""anyOf"":[""예절"",""노약자석"",""임산부"",""양보"",""큰 소리"",""통화"",""시끄럽"",""음식을 먹"",""냄새"",""줄을 서"",""내린 뒤"",""배려"",""조용히"",""지켜야"",""자리를 비워"",""이어폰""]}]}"
"wr27","작문","writing","nat","1627","{""id"":""wr27"",""category"":""작문"",""type"":""writing"",""q"":""다음 주제로 200자 이내로 글을 쓰세요: 한국의 주거 문화와 집을 구하는 방법<br>① 한국에는 어떤 형태의 집이 있는지<br>② 전세와 월세는 어떻게 다른지<br>③ 집을 구할 때 무엇을 확인해야 하는지<br>④ 자신이 살고 있는 집에 대해 소개해 보기"",""q_zh"":""请就以下主题写一篇200字以内的短文：韩国的居住文化与找房方法<br>① 韩国有哪些住房形式<br>② 全租和月租有什么不同<br>③ 找房时应确认什么<br>④ 介绍一下你现在住的地方"",""q_vi"":""Hãy viết một đoạn văn không quá 200 chữ về chủ đề sau: Văn hóa nhà ở Hàn Quốc và cách tìm nhà<br>① Ở Hàn Quốc có những loại nhà nào<br>② Jeonse và wolse khác nhau thế nào<br>③ Khi tìm nhà cần kiểm tra điều gì<br>④ Hãy giới thiệu về ngôi nhà bạn đang ở"",""q_th"":""จงเขียนเรียงความตามหัวข้อต่อไปนี้ภายใน 200 ตัวอักษร: วัฒนธรรมที่อยู่อาศัยของเกาหลีกับวิธีหาที่พัก<br>① ในเกาหลีมีที่พักรูปแบบใดบ้าง<br>② ช็อนเซกับวอลเซต่างกันอย่างไร<br>③ เวลาหาที่พักต้องตรวจสอบอะไร<br>④ ลองแนะนำบ้านที่คุณอาศัยอยู่"",""guide"":""②는 사실을 정확히 써야 합니다. 전세는 큰 보증금을 맡기고 매달 임차료를 내지 않는 방식이고, 월세는 보증금을 적게 맡기는 대신 매달 임차료를 내는 방식입니다. ③에서 전입신고와 확정일자를 언급하면 아주 좋습니다."",""guide_zh"":""②必须写准：全租是交一大笔押金、不付月租；月租是押金少、每月付租金。③如果能提到迁入申报和确定日期，非常加分。"",""guide_vi"":""② phải viết chính xác: jeonse là gửi khoản tiền cọc lớn và không trả tiền thuê hằng tháng, còn wolse là cọc ít nhưng trả tiền thuê mỗi tháng. Ở ③ nếu nhắc tới đăng ký chuyển đến và xác nhận ngày tháng hợp đồng thì rất tốt."",""guide_th"":""② ต้องเขียนให้ถูกต้อง ช็อนเซคือการวางเงินประกันก้อนใหญ่แล้วไม่ต้องจ่ายค่าเช่ารายเดือน ส่วนวอลเซคือวางเงินประกันน้อยแต่จ่ายค่าเช่าทุกเดือน ใน ③ หากกล่าวถึงการแจ้งย้ายเข้าและการรับรองวันที่สัญญาจะดีมาก"",""model"":""한국에는 아파트와 빌라, 단독주택, 오피스텔처럼 여러 형태의 집이 있습니다. 전세는 큰 보증금을 맡기고 매달 임차료를 내지 않는 방식이고, 월세는 보증금을 적게 맡기는 대신 매달 임차료를 내는 방식입니다. 집을 구할 때에는 계약서를 꼼꼼히 읽고 이사한 뒤 전입신고와 확정일자를 받아 두어야 보증금을 지킬 수 있습니다. 저는 지금 조용한 동네의 작은 집에 살고 있습니다."",""model_zh"":""韩国有公寓、多户住宅、独栋住宅、写字楼式公寓等多种住房形式。全租是交一大笔押金、每月不付租金；月租则是押金较少、每月付租金。找房时要仔细阅读合同，搬家后办理迁入申报并取得确定日期，才能保住押金。我现在住在一个安静小区的小房子里。"",""model_vi"":""Ở Hàn Quốc có nhiều loại nhà như chung cư, nhà villa, nhà riêng và officetel. Jeonse là hình thức gửi khoản tiền cọc lớn và không phải trả tiền thuê hằng tháng, còn wolse là cọc ít hơn nhưng phải trả tiền thuê mỗi tháng. Khi tìm nhà phải đọc kỹ hợp đồng, sau khi chuyển đến cần làm đăng ký chuyển đến và lấy xác nhận ngày tháng thì mới giữ được tiền cọc. Hiện tôi đang sống trong một căn nhà nhỏ ở khu phố yên tĩnh."",""model_th"":""ในเกาหลีมีที่พักหลายรูปแบบ ทั้งอะพาร์ตเมนต์ วิลล่า บ้านเดี่ยว และออฟฟิศเทล ช็อนเซคือการวางเงินประกันก้อนใหญ่แล้วไม่ต้องจ่ายค่าเช่ารายเดือน ส่วนวอลเซคือวางเงินประกันน้อยกว่าแต่ต้องจ่ายค่าเช่าทุกเดือน เวลาหาที่พักต้องอ่านสัญญาอย่างละเอียด และหลังย้ายเข้าต้องแจ้งย้ายเข้าพร้อมขอรับรองวันที่สัญญา จึงจะรักษาเงินประกันไว้ได้ ตอนนี้ฉันอาศัยอยู่ในบ้านหลังเล็กในย่านที่เงียบสงบ"",""parts"":[{""label"":""한국 집의 형태"",""anyOf"":[""아파트"",""빌라"",""단독주택"",""오피스텔"",""원룸"",""투룸"",""다세대"",""연립"",""고시원"",""한옥"",""기숙사"",""형태의 집"",""여러 형태"",""집의 종류"",""여러 가지 집"",""주택이 있""]},{""label"":""전세와 월세의 차이"",""anyOf"":[""전세"",""월세"",""전세와 월세"",""임차료"",""집세"",""보증금을 맡기"",""보증금이 크"",""보증금을 적게"",""달마다"",""다달이"",""매달"",""맡기고"",""맡기는"",""내지 않"",""반전세"",""목돈""]},{""label"":""집 구할 때 확인할 것"",""anyOf"":[""계약서"",""전입신고"",""확정일자"",""등기부"",""집주인"",""부동산"",""중개"",""꼼꼼히"",""확인해야"",""확인하고"",""확인할"",""곰팡이"",""수리가 필요"",""주변 환경"",""보증금을 지키"",""보증금을 지킬""]},{""label"":""자기 집 소개"",""anyOf"":[""저는 지금"",""살고 있"",""우리 집"",""제 집"",""작은 집"",""방이 두"",""방 한 개"",""우리 동네"",""동네가 마음에"",""조용해서 좋"",""만족"",""아늑"",""지은 지"",""층에 삽"",""삽니다"",""사는 집""]}]}"
"wr28","작문","writing","nat","1628","{""id"":""wr28"",""category"":""작문"",""type"":""writing"",""q"":""다음 주제로 200자 이내로 글을 쓰세요: 세금은 어디에 쓰이는가<br>① 세금이란 무엇인지<br>② 한국에는 어떤 세금이 있는지<br>③ 세금은 어떤 일에 쓰이는지<br>④ 세금을 내는 일에 대한 자신의 생각은 무엇인지"",""q_zh"":""请就以下主题写一篇200字以内的短文：税收用在哪里<br>① 什么是税<br>② 韩国有哪些税<br>③ 税收用于哪些方面<br>④ 你对纳税这件事有何看法"",""q_vi"":""Hãy viết một đoạn văn không quá 200 chữ về chủ đề sau: Tiền thuế được dùng vào đâu<br>① Thuế là gì<br>② Ở Hàn Quốc có những loại thuế nào<br>③ Tiền thuế được dùng vào những việc gì<br>④ Suy nghĩ của bạn về việc nộp thuế"",""q_th"":""จงเขียนเรียงความตามหัวข้อต่อไปนี้ภายใน 200 ตัวอักษร: ภาษีถูกใช้ไปกับอะไร<br>① ภาษีคืออะไร<br>② ในเกาหลีมีภาษีอะไรบ้าง<br>③ ภาษีถูกนำไปใช้ในเรื่องใด<br>④ ความคิดของคุณต่อการเสียภาษี"",""guide"":""②에서 소득세와 부가가치세처럼 이름을 정확히 드세요. 물건을 살 때 값에 포함되어 있는 부가가치세를 예로 들면 이해가 쉽습니다. ③은 도로, 학교, 병원, 복지처럼 눈에 보이는 것을 나열합니다."",""guide_zh"":""②要准确点出税名，比如所得税和增值税。举买东西时价格里已含增值税这个例子最好懂。③列举看得见的东西：道路、学校、医院、福利。"",""guide_vi"":""Ở ② hãy nêu chính xác tên các loại thuế như thuế thu nhập và thuế giá trị gia tăng. Lấy ví dụ thuế VAT đã bao gồm trong giá khi mua hàng sẽ dễ hiểu. ③ liệt kê những thứ nhìn thấy được như đường sá, trường học, bệnh viện, phúc lợi."",""guide_th"":""ใน ② ให้ระบุชื่อภาษีให้ถูกต้อง เช่น ภาษีเงินได้และภาษีมูลค่าเพิ่ม การยกตัวอย่างภาษีมูลค่าเพิ่มที่รวมอยู่ในราคาสินค้าเวลาซื้อของจะเข้าใจง่าย ส่วน ③ ให้ไล่เรียงสิ่งที่มองเห็นได้ เช่น ถนน โรงเรียน โรงพยาบาล และสวัสดิการ"",""model"":""세금은 나라가 하는 일에 쓰려고 국민에게서 걷는 돈입니다. 일해서 번 돈에는 소득세가 붙고, 물건을 살 때에는 값 안에 부가가치세가 들어 있습니다. 이렇게 모인 세금은 도로와 학교를 짓고 병원과 소방서를 운영하며 형편이 어려운 사람을 돕는 데 쓰입니다. 저는 세금을 내는 일이 아깝다기보다 우리가 함께 쓰는 것을 함께 마련하는 일이라고 생각합니다."",""model_zh"":""税是国家为办事而向国民征收的钱。工作赚到的钱要交所得税，买东西时价格里就含有增值税。这样收上来的税用于修路建校、运营医院和消防局，以及帮助生活困难的人。我认为纳税与其说是心疼，不如说是大家共同筹备我们共同使用的东西。"",""model_vi"":""Thuế là khoản tiền nhà nước thu từ người dân để dùng cho các công việc chung. Tiền kiếm được từ lao động thì phải nộp thuế thu nhập, còn khi mua hàng thì trong giá đã bao gồm thuế giá trị gia tăng. Tiền thuế thu được dùng để xây đường sá, trường học, vận hành bệnh viện và trạm cứu hỏa, cũng như giúp đỡ những người có hoàn cảnh khó khăn. Tôi cho rằng nộp thuế không phải là điều đáng tiếc mà là cùng nhau chuẩn bị những thứ chúng ta cùng sử dụng."",""model_th"":""ภาษีคือเงินที่รัฐเก็บจากประชาชนเพื่อนำไปใช้ในกิจการของประเทศ เงินที่หาได้จากการทำงานจะถูกเก็บภาษีเงินได้ ส่วนเวลาซื้อของก็มีภาษีมูลค่าเพิ่มรวมอยู่ในราคาแล้ว ภาษีที่รวบรวมได้เช่นนี้ถูกนำไปสร้างถนนและโรงเรียน ดำเนินงานโรงพยาบาลและสถานีดับเพลิง รวมถึงช่วยเหลือผู้ที่มีความเป็นอยู่ลำบาก ฉันคิดว่าการเสียภาษีไม่ใช่เรื่องน่าเสียดาย แต่เป็นการร่วมกันจัดหาสิ่งที่เราใช้ร่วมกัน"",""parts"":[{""label"":""세금의 뜻"",""anyOf"":[""세금이란"",""세금이라"",""세금은 나라"",""세금은 국민"",""나라가 하는 일"",""나라에서 걷"",""국가가 걷"",""정부가 걷"",""국민에게서 걷"",""국민이 내"",""걷는 돈"",""거두"",""모으는 돈"",""내는 돈"",""나라 살림"",""국민의 의무""]},{""label"":""한국의 세금 종류"",""anyOf"":[""소득세"",""부가가치세"",""재산세"",""자동차세"",""주민세"",""지방세"",""취득세"",""법인세"",""담뱃세"",""담배에 붙"",""술에 붙"",""물건을 살 때"",""값 안에"",""값에 포함"",""세금의 종류"",""여러 가지 세금""]},{""label"":""세금의 쓰임"",""anyOf"":[""도로"",""학교"",""병원"",""소방서"",""경찰"",""국방"",""군대"",""복지"",""다리를 놓"",""공원"",""도서관"",""어려운 사람"",""돕는 데"",""쓰입니다"",""시설"",""지원""]},{""label"":""세금 납부에 대한 생각"",""anyOf"":[""아깝"",""당연"",""기꺼이"",""보람"",""성실하게"",""잘 쓰이"",""잘 쓰였으면"",""자랑스"",""함께 마련"",""중요하다고"",""필요하다고"",""내야 한다고"",""내는 일이"",""뿌듯"",""고맙게"",""기쁘게 내""]}]}"
"wr29","작문","writing","nat","1629","{""id"":""wr29"",""category"":""작문"",""type"":""writing"",""q"":""다음 주제로 200자 이내로 글을 쓰세요: 노인 공경과 세대 간의 소통<br>① 한국에서 어른을 공경하는 문화는 어떻게 나타나는지<br>② 자신이 경험한 예의 표현이나 호칭에는 무엇이 있는지<br>③ 세대 사이에 생각이 다를 때 어떻게 하면 좋은지<br>④ 자신은 어떤 태도를 지니려고 하는지"",""q_zh"":""请就以下主题写一篇200字以内的短文：敬老与代际沟通<br>① 韩国敬老的文化体现在哪些地方<br>② 你经历过哪些礼貌表达或称呼<br>③ 代际之间想法不同时该怎么办<br>④ 你想保持怎样的态度"",""q_vi"":""Hãy viết một đoạn văn không quá 200 chữ về chủ đề sau: Kính trọng người cao tuổi và giao tiếp giữa các thế hệ<br>① Văn hóa kính trọng người lớn ở Hàn Quốc thể hiện thế nào<br>② Bạn đã trải nghiệm những cách nói lễ phép hay cách xưng hô nào<br>③ Khi các thế hệ nghĩ khác nhau thì nên làm gì<br>④ Bạn muốn giữ thái độ nào"",""q_th"":""จงเขียนเรียงความตามหัวข้อต่อไปนี้ภายใน 200 ตัวอักษร: การเคารพผู้สูงอายุกับการสื่อสารระหว่างวัย<br>① วัฒนธรรมการเคารพผู้ใหญ่ในเกาหลีแสดงออกอย่างไร<br>② คุณเคยพบคำสุภาพหรือคำเรียกขานแบบใดบ้าง<br>③ เมื่อคนต่างวัยคิดไม่เหมือนกันควรทำอย่างไร<br>④ คุณอยากมีท่าทีแบบใด"",""guide"":""②는 외국인이 실제로 겪는 부분이라 점수를 얻기 좋습니다. 존댓말이나 두 손으로 물건을 건네는 일처럼 구체적으로 쓰세요. ③은 어느 한쪽이 옳다고 하지 말고 서로 듣는 쪽으로 쓰면 무난합니다."",""guide_zh"":""②是外国人真实经历的部分，容易得分。要写具体，比如敬语、双手递东西。③不要说哪一方对，写成互相倾听比较稳妥。"",""guide_vi"":""② là phần người nước ngoài thực sự trải qua nên dễ được điểm. Hãy viết cụ thể như kính ngữ hay đưa đồ bằng hai tay. ③ đừng nói bên nào đúng mà viết theo hướng cùng lắng nghe nhau thì an toàn."",""guide_th"":""② เป็นส่วนที่ชาวต่างชาติได้พบจริงจึงทำคะแนนได้ดี ให้เขียนให้ชัด เช่น การใช้คำยกย่องหรือการยื่นของด้วยสองมือ ส่วน ③ อย่าตัดสินว่าฝ่ายใดถูก แต่เขียนไปทางรับฟังกันจะปลอดภัยกว่า"",""model"":""한국에서는 어른을 공경하는 마음이 말과 행동에 함께 나타납니다. 저는 처음에 존댓말이 어려웠지만 어른께는 두 손으로 물건을 건네고 먼저 인사드리는 법을 배웠습니다. 세대에 따라 생각이 다를 때에는 누가 옳은지 따지기보다 서로의 살아온 시간을 헤아리며 끝까지 들어 보는 것이 좋습니다. 저는 어른께는 예의를 지키고 젊은 사람의 생각도 존중하는 사람이 되고 싶습니다."",""model_zh"":""在韩国，敬重长辈的心意会同时体现在言语和举止上。起初我觉得敬语很难，但慢慢学会了向长辈双手递东西、主动先打招呼。当不同世代想法不同时，与其争论谁对，不如体谅彼此走过的岁月，把话听完。我希望自己既能对长辈守礼，也能尊重年轻人的想法。"",""model_vi"":""Ở Hàn Quốc, tấm lòng kính trọng người lớn thể hiện đồng thời qua lời nói và hành động. Ban đầu tôi thấy kính ngữ rất khó, nhưng đã học được cách đưa đồ cho người lớn bằng hai tay và chào hỏi trước. Khi các thế hệ có suy nghĩ khác nhau, thay vì tranh cãi ai đúng, tốt hơn là thấu hiểu quãng đời mỗi bên đã trải qua và lắng nghe đến cùng. Tôi muốn trở thành người vừa giữ lễ với người lớn vừa tôn trọng suy nghĩ của người trẻ."",""model_th"":""ในเกาหลี ใจที่เคารพผู้ใหญ่แสดงออกทั้งผ่านคำพูดและการกระทำ ตอนแรกฉันรู้สึกว่าคำยกย่องยากมาก แต่ก็ได้เรียนรู้การยื่นของให้ผู้ใหญ่ด้วยสองมือและการทักทายก่อน เมื่อคนต่างวัยคิดไม่เหมือนกัน แทนที่จะเถียงกันว่าใครถูก ควรเข้าใจช่วงเวลาที่แต่ละฝ่ายผ่านมาและรับฟังจนจบ ฉันอยากเป็นคนที่รักษามารยาทต่อผู้ใหญ่และเคารพความคิดของคนรุ่นใหม่ไปพร้อมกัน"",""parts"":[{""label"":""한국의 어른 공경 문화"",""anyOf"":[""공경"",""웃어른"",""효도"",""효를"",""경로"",""어버이날"",""전통"",""어른을 잘"",""어른을 모시"",""부모님을 모시"",""나이 많은"",""나이가 많은 분"",""예의를 중요"",""문화가 있"",""문화가 남아"",""자리를 양보""]},{""label"":""겪은 예의 표현과 호칭"",""anyOf"":[""존댓말"",""높임말"",""두 손으로"",""호칭"",""라고 부르"",""라고 불"",""선생님"",""사장님"",""언니"",""형님"",""이모"",""아주머니"",""고개를 숙"",""술을 따를 때"",""인사드리"",""먼저 인사""]},{""label"":""세대 차이 좁히는 법"",""anyOf"":[""세대"",""생각이 다를"",""의견이 다를"",""생각의 차이"",""서로의 생각"",""서로 이야기"",""서로를 이해"",""들어 보"",""끝까지 들"",""대화를 나누"",""이해하려"",""입장을 바꾸"",""살아온"",""따지기보다"",""소통"",""헤아리""]},{""label"":""자신이 지닐 태도"",""anyOf"":[""되고 싶"",""살고 싶"",""태도를 지니"",""태도를 가지"",""마음가짐"",""지니려고"",""노력하겠"",""노력하려고"",""본받"",""배우려고"",""앞으로"",""실천하려"",""예의를 지키려"",""예의를 지키겠"",""존중하는 사람"",""잊지 않""]}]}"
"wr30","작문","writing","nat","1630","{""id"":""wr30"",""category"":""작문"",""type"":""writing"",""q"":""다음 주제로 200자 이내로 글을 쓰세요: 한국의 국제적 위상과 외국인의 역할<br>① 한국이 세계에서 어떤 나라로 알려져 있는지<br>② 한국 문화가 다른 나라에 퍼진 예에는 무엇이 있는지<br>③ 한국에 사는 외국인이 할 수 있는 역할은 무엇인지<br>④ 자신은 두 나라를 잇기 위해 무엇을 하고 싶은지"",""q_zh"":""请就以下主题写一篇200字以内的短文：韩国的国际地位与外国人的作用<br>① 韩国在世界上以怎样的国家为人所知<br>② 韩国文化传播到其他国家的例子有哪些<br>③ 在韩外国人能起到什么作用<br>④ 为连接两国你想做什么"",""q_vi"":""Hãy viết một đoạn văn không quá 200 chữ về chủ đề sau: Vị thế quốc tế của Hàn Quốc và vai trò của người nước ngoài<br>① Hàn Quốc được thế giới biết đến là đất nước như thế nào<br>② Có ví dụ nào về văn hóa Hàn Quốc lan tỏa ra nước ngoài<br>③ Người nước ngoài sống ở Hàn Quốc có thể đóng vai trò gì<br>④ Bạn muốn làm gì để nối hai đất nước"",""q_th"":""จงเขียนเรียงความตามหัวข้อต่อไปนี้ภายใน 200 ตัวอักษร: สถานะระหว่างประเทศของเกาหลีกับบทบาทของชาวต่างชาติ<br>① เกาหลีเป็นที่รู้จักในโลกว่าเป็นประเทศแบบใด<br>② มีตัวอย่างใดที่วัฒนธรรมเกาหลีแพร่ไปยังประเทศอื่น<br>③ ชาวต่างชาติที่อาศัยในเกาหลีมีบทบาทอะไรได้บ้าง<br>④ คุณอยากทำอะไรเพื่อเชื่อมสองประเทศ"",""guide"":""②에서 K-팝, 드라마, 한국 음식처럼 실제 예를 들되 자랑만 늘어놓지 말고 한두 가지로 줄이세요. ③과 ④가 이 글의 중심입니다. 자신이 두 나라를 잇는 다리가 될 수 있다는 점으로 이어 가면 좋습니다."",""guide_zh"":""②举实际例子如K-pop、电视剧、韩餐，但别一味夸赞，控制在一两个。③和④是全文重点，往\""自己可以成为连接两国的桥梁\""这个方向写。"",""guide_vi"":""Ở ② hãy nêu ví dụ thực tế như K-pop, phim truyền hình, món ăn Hàn nhưng đừng chỉ khen, chỉ nên gói trong một hai ví dụ. ③ và ④ là trọng tâm bài viết, hãy dẫn tới ý bản thân có thể là cầu nối giữa hai nước."",""guide_th"":""ใน ② ให้ยกตัวอย่างจริง เช่น เคป็อป ละคร หรืออาหารเกาหลี แต่อย่าเอาแต่ชื่นชม ให้จำกัดไว้หนึ่งถึงสองอย่าง ③ และ ④ คือใจความหลัก ควรโยงไปว่าตนเองเป็นสะพานเชื่อมสองประเทศได้"",""model"":""한국은 전쟁의 아픔을 딛고 짧은 기간에 경제를 일으킨 나라로 알려져 있습니다. 요즘은 한국 노래와 드라마, 한국 음식이 여러 나라에 퍼져 한국을 궁금해하는 사람이 늘었습니다. 한국에 사는 외국인은 두 나라의 말과 문화를 모두 알기 때문에 서로를 오해 없이 이어 주는 역할을 할 수 있습니다. 저는 제 고향 사람들에게 한국을 바르게 알리는 일부터 해 보고 싶습니다."",""model_zh"":""韩国以走出战争创伤、在短时间内发展起经济的国家为人所知。近来韩国的歌曲、电视剧和韩餐传到许多国家，对韩国好奇的人越来越多。住在韩国的外国人同时懂得两国的语言和文化，能够起到让双方不产生误解、彼此相连的作用。我想先从向家乡的人如实介绍韩国做起。"",""model_vi"":""Hàn Quốc được biết đến là đất nước đã vượt qua đau thương chiến tranh và gây dựng kinh tế trong thời gian ngắn. Gần đây nhạc Hàn, phim truyền hình và món ăn Hàn lan tỏa ra nhiều nước khiến số người tò mò về Hàn Quốc tăng lên. Người nước ngoài sống ở Hàn Quốc hiểu cả ngôn ngữ lẫn văn hóa của hai nước nên có thể đóng vai trò kết nối hai bên mà không gây hiểu lầm. Tôi muốn bắt đầu từ việc giới thiệu đúng đắn về Hàn Quốc cho người quê mình."",""model_th"":""เกาหลีเป็นที่รู้จักว่าเป็นประเทศที่ก้าวข้ามความเจ็บปวดจากสงครามและสร้างเศรษฐกิจขึ้นได้ในเวลาอันสั้น ระยะหลังเพลง ละคร และอาหารเกาหลีแพร่ไปหลายประเทศ ทำให้คนที่สนใจเกาหลีเพิ่มขึ้น ชาวต่างชาติที่อาศัยในเกาหลีรู้ทั้งภาษาและวัฒนธรรมของสองประเทศ จึงทำหน้าที่เชื่อมสองฝ่ายเข้าหากันโดยไม่เกิดความเข้าใจผิดได้ ฉันอยากเริ่มจากการแนะนำเกาหลีอย่างถูกต้องให้คนที่บ้านเกิดของฉันฟัง"",""parts"":[{""label"":""한국이 알려진 모습"",""anyOf"":[""알려져"",""알려진"",""경제"",""발전"",""선진국"",""기술"",""반도체"",""자동차"",""전쟁"",""짧은 기간"",""빠르게 성장"",""잘사는"",""분단"",""IT"",""유명한 나라"",""수출""]},{""label"":""한국 문화가 퍼진 예"",""anyOf"":[""케이팝"",""K-팝"",""K팝"",""한류"",""드라마"",""노래"",""영화"",""한국 음식"",""김치"",""아이돌"",""배우들"",""한글"",""퍼져"",""퍼지"",""유행"",""인기가 많""]},{""label"":""한국 사는 외국인의 역할"",""anyOf"":[""외국인은"",""외국인이 할"",""사는 외국인"",""역할을 할 수"",""역할이 있"",""다리 역할"",""다리가 되"",""가교"",""이어 주"",""이어 줄"",""오해"",""통역"",""번역"",""두 나라의"",""문화를 모두"",""중간에서""]},{""label"":""두 나라를 잇기 위한 다짐"",""anyOf"":[""하고 싶"",""해 보고 싶"",""알리고 싶"",""소개하고 싶"",""가르치고 싶"",""전하고 싶"",""노력하겠"",""노력하려"",""앞으로"",""제 고향"",""고향 사람"",""바르게 알리"",""시작하고 싶"",""힘쓰"",""되고 싶"",""일부터""]}]}"
"wr31","작문","writing","nat","1631","{""id"":""wr31"",""category"":""작문"",""type"":""writing"",""q"":""다음 주제로 200자 이내로 글을 쓰세요: 반려동물을 기르는 사람이 지켜야 할 일<br>① 반려동물을 기르는 사람이 늘어난 까닭은 무엇인지<br>② 반려동물 때문에 생기는 문제에는 어떤 것이 있는지<br>③ 기르는 사람이 지켜야 할 일은 무엇인지<br>④ 반려동물에 대한 자신의 생각은 무엇인지"",""q_zh"":""请就以下主题写一篇200字以内的短文：养宠物的人应遵守的规矩<br>① 养宠物的人为什么增多了<br>② 因宠物产生了哪些问题<br>③ 饲养者应遵守什么<br>④ 你对宠物有何看法"",""q_vi"":""Hãy viết một đoạn văn không quá 200 chữ về chủ đề sau: Những điều người nuôi thú cưng phải tuân thủ<br>① Vì sao số người nuôi thú cưng tăng lên<br>② Thú cưng gây ra những vấn đề gì<br>③ Người nuôi phải tuân thủ điều gì<br>④ Suy nghĩ của bạn về thú cưng"",""q_th"":""จงเขียนเรียงความตามหัวข้อต่อไปนี้ภายใน 200 ตัวอักษร: สิ่งที่ผู้เลี้ยงสัตว์เลี้ยงต้องปฏิบัติ<br>① เหตุใดคนเลี้ยงสัตว์เลี้ยงจึงเพิ่มขึ้น<br>② สัตว์เลี้ยงก่อให้เกิดปัญหาใดบ้าง<br>③ ผู้เลี้ยงต้องปฏิบัติตามสิ่งใด<br>④ ความคิดของคุณต่อสัตว์เลี้ยง"",""guide"":""③이 이 글의 중심입니다. 목줄 채우기, 배변 치우기, 동물등록처럼 규칙을 세 가지 정도 구체적으로 드세요. ④에서 끝까지 책임지는 태도로 맺으면 자연스럽습니다."",""guide_zh"":""③是全文重点。举三条具体规矩：牵绳、清理粪便、动物登记。④以\""负责到底\""的态度收尾会很自然。"",""guide_vi"":""③ là trọng tâm bài viết. Hãy nêu khoảng ba quy tắc cụ thể như đeo dây dắt, dọn phân, đăng ký vật nuôi. ④ kết bằng thái độ có trách nhiệm đến cùng sẽ tự nhiên."",""guide_th"":""③ คือใจความหลัก ให้ยกกฎที่เป็นรูปธรรมราวสามข้อ เช่น การใส่สายจูง การเก็บมูล และการขึ้นทะเบียนสัตว์ ④ ปิดท้ายด้วยท่าทีรับผิดชอบจนถึงที่สุดจะเป็นธรรมชาติ"",""model"":""혼자 사는 사람이 늘고 가족처럼 지낼 상대를 찾으면서 반려동물을 기르는 사람이 많아졌습니다. 그러나 짖는 소리로 이웃이 힘들어하거나 길에 배변이 남아 다투는 일도 생깁니다. 개를 데리고 나갈 때에는 반드시 목줄을 채우고 배변은 바로 치워야 하며, 반려견은 등록해 두어야 합니다. 저는 반려동물을 기르는 일이 귀여워하는 마음만이 아니라 끝까지 책임지는 약속이라고 생각합니다."",""model_zh"":""独居的人增多，人们想找一个像家人一样相处的伙伴，于是养宠物的人多了起来。但也出现了狗吠让邻居受不了、路上留下粪便引发争执的情况。带狗外出时必须系上牵引绳、随时清理粪便，狗还必须登记。我认为养宠物不只是喜爱的心情，更是负责到底的承诺。"",""model_vi"":""Số người sống một mình tăng lên và họ tìm một đối tượng để gắn bó như người thân, nên người nuôi thú cưng cũng nhiều hơn. Tuy nhiên cũng nảy sinh chuyện tiếng sủa làm phiền hàng xóm hay phân để lại trên đường gây tranh cãi. Khi dắt chó ra ngoài nhất định phải đeo dây dắt và dọn phân ngay, đồng thời phải đăng ký chó nuôi. Tôi cho rằng nuôi thú cưng không chỉ là tình cảm yêu quý mà còn là lời hứa chịu trách nhiệm đến cùng."",""model_th"":""คนอยู่คนเดียวมีมากขึ้นและมองหาผู้ที่จะอยู่ด้วยกันเหมือนครอบครัว คนเลี้ยงสัตว์เลี้ยงจึงเพิ่มขึ้น แต่ก็เกิดปัญหาเสียงเห่าที่รบกวนเพื่อนบ้านหรือมูลที่ทิ้งไว้ตามถนนจนเกิดการโต้เถียง เวลาพาสุนัขออกไปข้างนอกต้องใส่สายจูงเสมอและเก็บมูลทันที อีกทั้งต้องขึ้นทะเบียนสุนัขด้วย ฉันคิดว่าการเลี้ยงสัตว์ไม่ใช่เพียงความรู้สึกเอ็นดู แต่เป็นคำสัญญาที่จะรับผิดชอบจนถึงที่สุด"",""parts"":[{""label"":""반려동물이 늘어난 까닭"",""anyOf"":[""혼자 사는"",""일인 가구"",""1인 가구"",""기르는 사람이 늘"",""기르는 사람이 많아"",""키우는 사람이 늘"",""키우는 사람이 많아"",""외로"",""가족처럼"",""위로가 되"",""노인"",""아이 대신"",""정서"",""함께 지낼"",""저출산"",""친구처럼""]},{""label"":""반려동물로 생기는 문제"",""anyOf"":[""짖는"",""짖어"",""소음"",""이웃이 힘들"",""이웃에게 피해"",""이웃과 다투"",""냄새"",""물리"",""물려"",""무서워"",""유기"",""버려지"",""버리는"",""다투"",""민원"",""털이 날""]},{""label"":""기르는 사람이 지킬 일"",""anyOf"":[""목줄"",""입마개"",""동물등록"",""등록"",""예방접종"",""예방주사"",""접종"",""치워"",""치우"",""산책할 때"",""데리고 나갈 때"",""지켜야"",""규칙"",""중성화"",""함부로 풀"",""병원에 데려가""]},{""label"":""반려동물에 대한 생각"",""anyOf"":[""책임"",""끝까지"",""약속"",""생명"",""소중"",""버리면 안"",""신중"",""마음만"",""각오"",""사랑하는 마음"",""귀여워하는 마음"",""평생"",""가족이라고"",""함부로 기르면 안""]}]}"
"wr32","작문","writing","nat","1632","{""id"":""wr32"",""category"":""작문"",""type"":""writing"",""q"":""다음 주제로 200자 이내로 글을 쓰세요: 나눔과 기부의 의미<br>① 나눔과 기부란 무엇인지<br>② 돈이 아니어도 나눌 수 있는 것에는 무엇이 있는지<br>③ 나눔이 사회를 어떻게 바꾸는지<br>④ 자신이 해 보고 싶은 나눔은 무엇인지"",""q_zh"":""请就以下主题写一篇200字以内的短文：分享与捐赠的意义<br>① 什么是分享与捐赠<br>② 除了钱还能分享什么<br>③ 分享如何改变社会<br>④ 你想做怎样的分享"",""q_vi"":""Hãy viết một đoạn văn không quá 200 chữ về chủ đề sau: Ý nghĩa của sẻ chia và quyên góp<br>① Sẻ chia và quyên góp là gì<br>② Ngoài tiền còn có thể sẻ chia điều gì<br>③ Sẻ chia thay đổi xã hội thế nào<br>④ Bạn muốn thực hiện việc sẻ chia nào"",""q_th"":""จงเขียนเรียงความตามหัวข้อต่อไปนี้ภายใน 200 ตัวอักษร: ความหมายของการแบ่งปันและการบริจาค<br>① การแบ่งปันและการบริจาคคืออะไร<br>② นอกจากเงินแล้วยังแบ่งปันสิ่งใดได้อีก<br>③ การแบ่งปันเปลี่ยนสังคมอย่างไร<br>④ คุณอยากลองแบ่งปันสิ่งใด"",""guide"":""②가 이 글에서 가장 잘 살릴 수 있는 부분입니다. 재능, 시간, 물건, 헌혈처럼 돈이 아닌 나눔을 두세 가지 드세요. 큰돈을 내는 것만 기부라고 쓰면 글이 좁아집니다."",""guide_zh"":""②是这篇最能出彩的地方。举两三种非金钱的分享：才能、时间、物品、献血。若只把捐大钱当作捐赠，文章就写窄了。"",""guide_vi"":""② là phần có thể làm nổi bật nhất trong bài. Hãy nêu hai ba hình thức sẻ chia không phải tiền như tài năng, thời gian, đồ vật, hiến máu. Nếu chỉ coi quyên góp là bỏ ra số tiền lớn thì bài viết sẽ hẹp lại."",""guide_th"":""② เป็นส่วนที่ทำให้บทความโดดเด่นที่สุด ให้ยกการแบ่งปันที่ไม่ใช่เงินสองถึงสามอย่าง เช่น ความสามารถ เวลา สิ่งของ และการบริจาคโลหิต หากมองว่าการบริจาคคือการให้เงินก้อนใหญ่เท่านั้น บทความจะแคบลง"",""model"":""나눔과 기부는 자신이 가진 것을 다른 사람과 함께 쓰는 일입니다. 나눌 수 있는 것은 돈만이 아닙니다. 잘하는 일을 가르쳐 주는 재능, 곁에 있어 주는 시간, 쓰지 않는 물건, 헌혈도 모두 나눔입니다. 이런 나눔이 쌓이면 어려운 사람이 혼자가 아니라고 느끼고 서로 믿는 사회가 됩니다. 저는 우선 아이들에게 제 고향 말을 가르쳐 주는 재능 나눔부터 해 보고 싶습니다."",""model_zh"":""分享与捐赠，就是把自己拥有的东西与他人共同使用。可以分享的不只是钱。把自己擅长的事教给别人这份才能、陪在身边的时间、用不上的物品、献血，都是分享。这样的分享积累起来，处境艰难的人就会觉得自己并不孤单，社会也会变得彼此信任。我想先从教孩子们说我家乡的话这种才能分享做起。"",""model_vi"":""Sẻ chia và quyên góp là việc dùng chung những gì mình có với người khác. Thứ có thể sẻ chia không chỉ là tiền. Tài năng dạy lại điều mình giỏi, thời gian ở bên cạnh ai đó, đồ vật không dùng đến, hay hiến máu đều là sẻ chia. Khi những việc như vậy tích lại, người đang khó khăn sẽ cảm thấy mình không đơn độc và xã hội trở nên tin tưởng nhau. Trước hết tôi muốn thử sẻ chia tài năng bằng cách dạy tiếng quê tôi cho các em nhỏ."",""model_th"":""การแบ่งปันและการบริจาคคือการนำสิ่งที่ตนมีมาใช้ร่วมกับผู้อื่น สิ่งที่แบ่งปันได้ไม่ใช่แค่เงิน ความสามารถที่สอนสิ่งที่ตนถนัดให้ผู้อื่น เวลาที่อยู่เคียงข้างใครสักคน สิ่งของที่ไม่ได้ใช้ หรือการบริจาคโลหิต ล้วนเป็นการแบ่งปัน เมื่อสิ่งเหล่านี้สะสมมากขึ้น ผู้ที่ลำบากจะรู้สึกว่าตนไม่ได้อยู่ลำพัง และสังคมก็จะไว้ใจกัน ก่อนอื่นฉันอยากลองแบ่งปันความสามารถด้วยการสอนภาษาบ้านเกิดของฉันให้เด็ก ๆ"",""parts"":[{""label"":""나눔과 기부의 뜻"",""anyOf"":[""나눔과 기부"",""기부는"",""기부란"",""기부라고 합니다"",""나눔은"",""나눔이란"",""나눔이라고 합니다"",""가진 것을"",""함께 쓰는"",""다른 사람과 함께"",""돕는 일"",""베푸"",""나누어 주"",""뜻합니다"",""대가 없이"",""조건 없이""]},{""label"":""돈이 아닌 나눔"",""anyOf"":[""재능 기부"",""재능을 나누"",""재능도"",""시간을 내"",""곁에 있어"",""물건"",""헌혈"",""봉사 활동"",""자원봉사"",""옷을 나누"",""안 입는 옷"",""지식"",""기술을 나누"",""손길"",""돈만이 아니"",""돈이 아니어도""]},{""label"":""나눔이 사회를 바꾸는 힘"",""anyOf"":[""사회가 바뀌"",""사회가 따뜻"",""사회가 됩니다"",""살기 좋은 사회"",""따뜻해지"",""서로 믿"",""신뢰"",""혼자가 아니"",""희망"",""함께 사는"",""분위기"",""밝아"",""퍼지"",""쌓이면"",""바뀝니다"",""변화""]},{""label"":""해 보고 싶은 나눔"",""anyOf"":[""해 보고 싶"",""하고 싶"",""참여하고 싶"",""참여해 보"",""우선"",""앞으로"",""저는 먼저"",""시작하고 싶"",""시작해 보"",""계획"",""실천하고 싶"",""도전"",""꾸준히 참여"",""나눔부터"",""기부하고 싶"",""나누고 싶""]}]}"
"wr33","작문","writing","nat","1633","{""id"":""wr33"",""category"":""작문"",""type"":""writing"",""q"":""다음 주제로 200자 이내로 글을 쓰세요: 스마트폰의 장점과 단점<br>① 스마트폰의 장점은 무엇인지<br>② 스마트폰의 단점은 무엇인지<br>③ 스마트폰을 지나치게 사용하면 어떤 문제가 생기는지<br>④ 생활 속에서 스마트폰을 어떻게 사용하는 것이 좋은지"",""q_zh"":""请就以下主题写一篇200字以内的短文：智能手机的优点与缺点<br>① 智能手机的优点是什么<br>② 智能手机的缺点是什么<br>③ 过度使用智能手机会产生什么问题<br>④ 生活中该如何使用智能手机"",""q_vi"":""Hãy viết một đoạn văn không quá 200 chữ về chủ đề sau: Ưu điểm và nhược điểm của điện thoại thông minh<br>① Ưu điểm của điện thoại thông minh là gì<br>② Nhược điểm của điện thoại thông minh là gì<br>③ Sử dụng quá mức sẽ gây ra vấn đề gì<br>④ Trong cuộc sống nên sử dụng điện thoại thông minh thế nào"",""q_th"":""จงเขียนเรียงความตามหัวข้อต่อไปนี้ภายใน 200 ตัวอักษร: ข้อดีและข้อเสียของสมาร์ตโฟน<br>① ข้อดีของสมาร์ตโฟนคืออะไร<br>② ข้อเสียของสมาร์ตโฟนคืออะไร<br>③ หากใช้สมาร์ตโฟนมากเกินไปจะเกิดปัญหาใด<br>④ ในชีวิตประจำวันควรใช้สมาร์ตโฟนอย่างไร"",""guide"":""①과 ②는 반드시 길이를 비슷하게 맞추어 대비되게 쓰세요. 장점만 길게 쓰고 단점을 한 줄로 끝내면 주제를 반만 쓴 것이 됩니다. ④는 적게 쓰겠습니다처럼 막연하게 쓰지 말고 잠자기 한 시간 전에는 멀리 둔다처럼 시간이나 상황을 정해서 쓰면 점수가 올라갑니다."",""guide_zh"":""①和②篇幅要相当，形成对比。只把优点写长、缺点一句话带过，等于只写了半个主题。④不要写成我会少用这种空话，要定下时间或场合，比如睡前一小时放远，这样才能拿分。"",""guide_vi"":""① và ② phải viết dài gần bằng nhau để tạo sự đối lập. Nếu chỉ viết dài về ưu điểm rồi kết thúc nhược điểm bằng một dòng thì coi như mới viết được nửa chủ đề. ④ đừng viết chung chung kiểu tôi sẽ dùng ít lại, mà hãy ấn định thời gian hoặc tình huống như để xa máy một tiếng trước khi ngủ thì sẽ được điểm cao hơn."",""guide_th"":""① และ ② ต้องเขียนความยาวใกล้เคียงกันเพื่อให้เกิดการเปรียบเทียบ หากเขียนแต่ข้อดียาว ๆ แล้วจบข้อเสียเพียงบรรทัดเดียว เท่ากับเขียนหัวข้อได้แค่ครึ่งเดียว ส่วน ④ อย่าเขียนลอย ๆ ว่าจะใช้ให้น้อยลง แต่ให้กำหนดเวลาหรือสถานการณ์ เช่น วางให้ห่างตัวหนึ่งชั่วโมงก่อนนอน จะได้คะแนนดีขึ้น"",""model"":""스마트폰은 언제 어디서나 연락을 주고받고 필요한 정보를 바로 찾을 수 있어 생활을 편리하게 해 줍니다. 그러나 오래 들여다보면 눈이 나빠지고 잠을 설치며 곁에 있는 사람과 나누는 대화가 줄어듭니다. 지나치게 사용하면 공부나 일에 집중하기 어렵고 스마트폰이 없을 때 불안해지기도 합니다. 저는 잠자기 한 시간 전에는 스마트폰을 멀리 두고 식사할 때에는 보지 않으려고 합니다."",""model_zh"":""智能手机让人随时随地联络、马上查到需要的信息，使生活变得方便。但长时间盯着看会伤眼睛、影响睡眠，也会减少与身边人的交谈。过度使用还会让人难以专注于学习或工作，手机不在身边时甚至会感到不安。我打算睡前一小时把手机放远，吃饭时不看手机。"",""model_vi"":""Điện thoại thông minh giúp liên lạc mọi lúc mọi nơi và tra cứu ngay thông tin cần thiết nên làm cuộc sống tiện lợi hơn. Nhưng nhìn vào màn hình quá lâu sẽ hại mắt, mất ngủ và làm giảm những cuộc trò chuyện với người bên cạnh. Nếu dùng quá mức thì khó tập trung vào học tập hay công việc, thậm chí thấy bất an khi không có điện thoại bên mình. Tôi định để điện thoại ra xa một tiếng trước khi ngủ và không xem khi đang ăn cơm."",""model_th"":""สมาร์ตโฟนช่วยให้ติดต่อกันได้ทุกที่ทุกเวลาและค้นหาข้อมูลที่ต้องการได้ทันที จึงทำให้ชีวิตสะดวกขึ้น แต่การจ้องนาน ๆ ทำให้สายตาเสีย นอนไม่หลับ และทำให้บทสนทนากับคนข้างตัวลดลง หากใช้มากเกินไปก็ยากที่จะจดจ่อกับการเรียนหรือการทำงาน และอาจรู้สึกกังวลเมื่อไม่มีสมาร์ตโฟนอยู่กับตัว ฉันตั้งใจจะวางสมาร์ตโฟนให้ห่างหนึ่งชั่วโมงก่อนนอน และจะไม่ดูขณะกินข้าว"",""parts"":[{""label"":""스마트폰의 장점"",""anyOf"":[""편리"",""언제 어디서나"",""연락"",""필요한 정보"",""정보를 바로"",""정보를 쉽게"",""정보를 찾"",""검색"",""길을 찾"",""지도를 보"",""은행"",""사진"",""동영상"",""번역"",""쉽게 찾"",""장점""]},{""label"":""스마트폰의 단점"",""anyOf"":[""눈이 나빠"",""눈이 아프"",""눈에 안 좋"",""눈이 피곤"",""시력"",""목이 아프"",""거북목"",""어깨"",""잠을 설치"",""잠이 안"",""대화가 줄"",""대화가 사라"",""요금"",""개인정보"",""단점"",""나쁜 점""]},{""label"":""지나친 사용의 문제"",""anyOf"":[""지나치게"",""너무 오래"",""너무 많이"",""중독"",""집중하기 어렵"",""집중이 안"",""집중력"",""불안"",""성적이 떨어"",""공부나"",""일에 방해"",""게임에 빠지"",""늦게 자"",""놓지 못"",""손에서"",""건강을 해치""]},{""label"":""바람직한 사용 방법"",""anyOf"":[""잠자기"",""시간 전에는"",""멀리 두"",""식사할 때"",""밥 먹을 때"",""시간을 정"",""정해 놓"",""정해 두"",""알림을 끄"",""사용 시간을 줄"",""규칙을 정"",""보지 않으려"",""가족과 있을 때"",""충전기"",""습관을 들이"",""스스로 정한""]}]}"
"wr34","작문","writing","nat","1966","{""id"":""wr34"",""category"":""작문"",""type"":""writing"",""q"":""다음 주제로 200자 이내로 글을 쓰세요: 분리수거를 하는 방법과 그 필요성<br>① 쓰레기를 어떤 종류로 나누어 버리는지<br>② 버릴 때 특히 주의해야 할 점은 무엇인지<br>③ 분리수거가 왜 필요한지<br>④ 처음에 어려웠던 점과 어떻게 익혔는지"",""q_zh"":""请以下面的主题写一篇200字以内的文章：垃圾分类的方法及其必要性<br>① 把垃圾分成哪些种类来投放<br>② 投放时特别需要注意的地方是什么<br>③ 为什么需要垃圾分类<br>④ 一开始感到困难的地方，以及是怎样学会的"",""guide"":""①에서 종이·플라스틱·캔·유리·비닐처럼 종류를 실제로 나열하세요. ②는 투명 페트병의 상표 제거, 내용물 비우기, 음식물 전용 봉투처럼 한 가지 이상 구체적으로 쓰면 좋습니다. ③은 자원과 쓰레기 처리 문제를 근거로 들고, ④는 '처음에는 ~했지만 지금은 ~합니다'로 맺으세요. 모든 문장은 '-습니다' 체로 씁니다."",""guide_zh"":""①中要实际列举纸类、塑料、易拉罐、玻璃、塑料膜等种类。②最好具体写出一项以上，比如撕掉透明塑料瓶上的标签、倒空内容物、厨余垃圾要用专用袋等。③以资源和垃圾处理问题作为理由，④用“起初……，现在……”的方式收尾。所有句子都要用“-습니다”体书写。"",""model"":""저는 쓰레기를 버릴 때 종이와 플라스틱, 캔, 유리병, 비닐을 종류별로 나누어 내놓습니다. 투명 페트병은 안을 헹구고 상표를 뗀 뒤 따로 모으며, 음식물은 전용 봉투에 담습니다. 이렇게 하면 버려지던 물건이 다시 자원이 되고 땅에 묻거나 태우는 쓰레기가 줄어들기 때문에 분리수거는 꼭 필요합니다. 처음에는 기준이 헷갈려 어려웠지만 아파트에 붙은 배출 요일표를 보고 관리사무소에 물어보면서 익숙해졌습니다."",""model_zh"":""我扔垃圾时会把纸类、塑料、易拉罐、玻璃瓶和塑料膜按种类分开投放。透明塑料瓶要把里面冲洗干净、撕掉标签后另外收集，厨余垃圾则装进专用袋。这样一来，原本被丢弃的东西可以重新变成资源，需要填埋或焚烧的垃圾也会减少，所以垃圾分类是十分必要的。起初标准让我很混乱，觉得很难，但看了贴在小区里的投放日程表，又去物业管理处询问之后，我渐渐熟悉了。"",""q_vi"":""Hãy viết một bài văn không quá 200 chữ về chủ đề sau: Cách phân loại rác và sự cần thiết của việc đó<br>① Rác được phân ra thành những loại nào khi bỏ đi<br>② Điều gì cần đặc biệt lưu ý khi bỏ rác<br>③ Vì sao cần phải phân loại rác<br>④ Lúc đầu điều gì khó khăn và đã học được bằng cách nào"",""guide_vi"":""Ở ① hãy liệt kê thực tế các loại như giấy, nhựa, lon, thủy tinh, túi nilon. Ở ② nên viết cụ thể ít nhất một điều, chẳng hạn bóc nhãn chai nhựa trong suốt, đổ hết đồ bên trong, hay dùng túi chuyên dụng cho rác thực phẩm. Ở ③ hãy nêu lý do dựa trên vấn đề tài nguyên và xử lý rác, còn ④ kết bài theo kiểu “lúc đầu thì… nhưng bây giờ thì…”. Mọi câu đều viết ở thể “-습니다”."",""model_vi"":""Khi bỏ rác, tôi phân riêng giấy, nhựa, lon, chai thủy tinh và túi nilon theo từng loại. Chai nhựa trong suốt thì tôi tráng sạch bên trong, bóc nhãn rồi gom riêng, còn rác thực phẩm thì cho vào túi chuyên dụng. Làm như vậy thì những thứ bị vứt đi lại trở thành tài nguyên và rác phải chôn lấp hay đốt cũng giảm đi, nên việc phân loại rác là rất cần thiết. Lúc đầu tôi thấy khó vì hay nhầm lẫn tiêu chuẩn, nhưng nhờ xem bảng lịch đổ rác dán ở chung cư và hỏi ban quản lý mà tôi đã quen dần."",""q_th"":""จงเขียนเรียงความไม่เกิน 200 ตัวอักษรในหัวข้อต่อไปนี้: วิธีการแยกขยะและความจำเป็นของการแยกขยะ<br>① แยกขยะออกเป็นประเภทใดบ้างเวลาทิ้ง<br>② สิ่งที่ต้องระวังเป็นพิเศษเวลาทิ้งขยะคืออะไร<br>③ เหตุใดจึงจำเป็นต้องแยกขยะ<br>④ ตอนแรกมีอะไรที่ยาก และเรียนรู้ได้อย่างไร"",""guide_th"":""ใน ① ให้ระบุประเภทจริง ๆ เช่น กระดาษ พลาสติก กระป๋อง แก้ว ถุงพลาสติก ส่วน ② ควรเขียนอย่างเป็นรูปธรรมอย่างน้อยหนึ่งข้อ เช่น การลอกฉลากขวดพลาสติกใส การเทของข้างในออก หรือการใช้ถุงเฉพาะสำหรับขยะเศษอาหาร ใน ③ ให้ยกเหตุผลเรื่องทรัพยากรและปัญหาการกำจัดขยะ และ ④ ปิดท้ายด้วยรูปแบบ “ตอนแรก… แต่ตอนนี้…” ทุกประโยคให้เขียนด้วยรูป “-습니다”"",""model_th"":""เวลาทิ้งขยะ ฉันจะแยกกระดาษ พลาสติก กระป๋อง ขวดแก้ว และถุงพลาสติกออกตามประเภท ขวดพลาสติกใสจะล้างข้างในและลอกฉลากออกก่อนแล้วเก็บแยกไว้ ส่วนเศษอาหารจะใส่ถุงเฉพาะ การทำเช่นนี้ทำให้ของที่เคยถูกทิ้งกลายเป็นทรัพยากรอีกครั้ง และขยะที่ต้องฝังกลบหรือเผาก็ลดลง การแยกขยะจึงจำเป็นอย่างยิ่ง ตอนแรกฉันสับสนกับเกณฑ์จึงรู้สึกยาก แต่พอดูตารางวันทิ้งขยะที่ติดไว้ในอะพาร์ตเมนต์และไปสอบถามที่สำนักงานจัดการอาคารก็เริ่มคุ้นเคย"",""parts"":[{""label"":""쓰레기를 나누는 종류"",""anyOf"":[""종이"",""플라스틱"",""캔을"",""빈 캔"",""유리"",""비닐"",""종류별"",""종류대로"",""나누어 내놓"",""나누어 버리"",""일반 쓰레기"",""종량제"",""수거함"",""배출함"",""스티로폼"",""헌 옷""]},{""label"":""버릴 때 주의할 점"",""anyOf"":[""투명 페트"",""페트병"",""상표를 뗀"",""상표를 떼"",""라벨"",""헹구"",""깨끗이 비우"",""내용물을 비우"",""물기를 빼"",""뚜껑"",""찌그러"",""납작하게"",""전용 봉투"",""이물질"",""묻은 것은"",""묻어 있으면""]},{""label"":""분리수거가 필요한 까닭"",""anyOf"":[""자원"",""다시 쓸"",""다시 쓰"",""묻거나 태우"",""매립"",""소각"",""환경"",""오염"",""아껴"",""줄어들기"",""줄일 수"",""쓰레기가 줄"",""돈이 덜"",""비용이 줄"",""후손"",""살기 좋""]},{""label"":""어려웠던 점과 익힌 방법"",""anyOf"":[""처음에는"",""헷갈"",""어려웠"",""낯설"",""몰라서"",""배웠"",""익숙해"",""익숙하"",""습관이 되"",""안내문"",""안내 스티커"",""관리사무소"",""이웃에게 물어"",""가족에게 배"",""알려 주어"",""찾아보""]}]}"
"wr35","작문","writing","nat","1967","{""id"":""wr35"",""category"":""작문"",""type"":""writing"",""q"":""다음 주제로 200자 이내로 글을 쓰세요: 일회용품을 줄이기 위한 노력<br>① 우리 주변에서 많이 쓰는 일회용품에는 무엇이 있는지<br>② 일회용품을 많이 쓰면 어떤 문제가 생기는지<br>③ 줄이기 위해 개인이 할 수 있는 일은 무엇인지<br>④ 가게나 사회에서는 어떤 노력을 하고 있는지"",""q_zh"":""请以下面的主题写一篇200字以内的文章：为减少一次性用品所做的努力<br>① 我们身边常用的一次性用品有哪些<br>② 大量使用一次性用品会产生什么问题<br>③ 为了减少使用，个人可以做些什么<br>④ 商店或社会正在做出哪些努力"",""guide"":""①과 ③이 짝을 이루도록 쓰면 자연스럽습니다. ①에서 일회용품을 두세 가지 들고, ③에서 그것을 대신할 물건을 드세요. ④는 개인이 아니라 가게·마트·사회의 노력을 쓰는 자리이니 '저는'으로 시작하지 마세요. '-습니다' 체로 씁니다."",""guide_zh"":""把①和③写成互相对应的一组会比较自然：①举出两三种一次性用品，③举出可以代替它们的物品。④是写商店、超市和社会的努力，而不是个人，所以不要以“저는”开头。全篇用“-습니다”体书写。"",""model"":""우리 주변에는 일회용 컵과 나무젓가락, 배달 음식 포장 용기처럼 한 번 쓰고 버리는 물건이 많습니다. 편리하지만 잘 썩지 않아 쓰레기가 늘고 환경이 오염되는 문제가 생깁니다. 그래서 저는 텀블러와 장바구니를 챙겨 다니고, 집에서는 여러 번 쓸 수 있는 그릇을 사용합니다. 요즘은 큰 마트에서 봉지를 그냥 주지 않고, 개인 컵을 가져오면 할인해 주는 가게도 늘고 있습니다."",""model_zh"":""我们身边有很多用一次就扔的东西，比如一次性杯子、一次性筷子和外卖包装盒。它们虽然方便，但不容易腐烂，会让垃圾增多、环境受到污染。所以我随身带着保温杯和购物袋，在家里也使用可以反复使用的餐具。最近大型超市不再随手提供塑料袋，自带杯子还能打折的店也越来越多了。"",""q_vi"":""Hãy viết một bài văn không quá 200 chữ về chủ đề sau: Nỗ lực để giảm đồ dùng một lần<br>① Xung quanh chúng ta có những đồ dùng một lần nào được dùng nhiều<br>② Dùng nhiều đồ dùng một lần sẽ gây ra vấn đề gì<br>③ Cá nhân có thể làm gì để giảm bớt<br>④ Các cửa hàng và xã hội đang nỗ lực như thế nào"",""guide_vi"":""Sẽ tự nhiên hơn nếu bạn viết ① và ③ thành một cặp tương ứng: ở ① nêu hai ba loại đồ dùng một lần, ở ③ nêu những vật có thể thay thế chúng. ④ là chỗ viết về nỗ lực của cửa hàng, siêu thị và xã hội chứ không phải cá nhân, nên đừng bắt đầu bằng “저는”. Hãy viết toàn bài ở thể “-습니다”."",""model_vi"":""Xung quanh chúng ta có rất nhiều thứ dùng một lần rồi bỏ, như ly dùng một lần, đũa gỗ và hộp đựng đồ ăn giao tận nhà. Chúng tiện lợi nhưng khó phân hủy nên làm rác tăng lên và môi trường bị ô nhiễm. Vì vậy tôi luôn mang theo bình giữ nhiệt và túi đi chợ, ở nhà thì dùng bát đĩa có thể dùng nhiều lần. Gần đây, các siêu thị lớn không phát túi nilon miễn phí nữa, và ngày càng nhiều cửa hàng giảm giá nếu khách mang theo ly riêng."",""q_th"":""จงเขียนเรียงความไม่เกิน 200 ตัวอักษรในหัวข้อต่อไปนี้: ความพยายามในการลดการใช้ของใช้แบบใช้ครั้งเดียว<br>① รอบตัวเรามีของใช้แบบใช้ครั้งเดียวอะไรบ้างที่ใช้กันมาก<br>② ถ้าใช้ของใช้แบบใช้ครั้งเดียวมากจะเกิดปัญหาอะไร<br>③ แต่ละคนทำอะไรได้บ้างเพื่อลดการใช้<br>④ ร้านค้าและสังคมกำลังพยายามอย่างไร"",""guide_th"":""จะเป็นธรรมชาติถ้าเขียน ① กับ ③ ให้เข้าคู่กัน คือใน ① ยกตัวอย่างของใช้แบบใช้ครั้งเดียวสองสามอย่าง แล้วใน ③ ยกของที่ใช้แทนกันได้ ส่วน ④ เป็นที่สำหรับเขียนถึงความพยายามของร้านค้า ห้างสรรพสินค้า และสังคม ไม่ใช่ของตัวเอง จึงไม่ควรขึ้นต้นด้วย “저는” และให้เขียนทุกประโยคด้วยรูป “-습니다”"",""model_th"":""รอบตัวเรามีของที่ใช้ครั้งเดียวแล้วทิ้งอยู่มาก เช่น แก้วใช้ครั้งเดียว ตะเกียบไม้ และกล่องบรรจุอาหารสั่งกลับบ้าน แม้จะสะดวกแต่ย่อยสลายยาก จึงทำให้ขยะเพิ่มขึ้นและสิ่งแวดล้อมเป็นมลพิษ ฉันจึงพกแก้วน้ำส่วนตัวและถุงผ้าติดตัวไว้เสมอ และที่บ้านก็ใช้ภาชนะที่ใช้ซ้ำได้ ทุกวันนี้ห้างใหญ่ ๆ ไม่แจกถุงพลาสติกฟรีอีกแล้ว และร้านที่ให้ส่วนลดเมื่อนำแก้วส่วนตัวมาเองก็มีมากขึ้น"",""parts"":[{""label"":""많이 쓰는 일회용품"",""anyOf"":[""일회용 컵"",""종이컵"",""플라스틱 컵"",""빨대"",""나무젓가락"",""비닐봉지"",""비닐봉투"",""포장 용기"",""배달 음식"",""일회용 접시"",""일회용 수저"",""물티슈"",""한 번 쓰고 버리"",""쓰고 버리는"",""면도기"",""칫솔""]},{""label"":""많이 쓸 때 생기는 문제"",""anyOf"":[""썩지 않"",""분해되는 데"",""쓰레기가 늘"",""쓰레기가 많아"",""오염"",""매립"",""태우"",""바다"",""동물"",""자원이 낭비"",""낭비"",""온실가스"",""처리 비용"",""넘쳐"",""오래 걸리"",""해롭""]},{""label"":""개인이 할 수 있는 일"",""anyOf"":[""텀블러"",""개인 컵을 챙"",""장바구니"",""에코백"",""손수건"",""여러 번 쓸 수 있"",""여러 번 쓰는"",""다회용"",""챙겨 다니"",""챙겨 가"",""가지고 다니"",""그릇을 사용"",""수저를 챙"",""사양"",""받지 않겠"",""줄이려고""]},{""label"":""가게와 사회의 노력"",""anyOf"":[""마트에서"",""봉지를 그냥 주지 않"",""봉지를 주지 않"",""값을 받"",""할인"",""금지"",""규제"",""법으로"",""제도"",""정부"",""캠페인"",""가게도"",""매장 안"",""매장에서"",""권하고"",""안내하고""]}]}"
"wr36","작문","writing","nat","1968","{""id"":""wr36"",""category"":""작문"",""type"":""writing"",""q"":""다음 주제로 200자 이내로 글을 쓰세요: 기후 변화가 우리 생활에 미치는 영향<br>① 기후 변화란 무엇이고 왜 생기는지<br>② 한국의 날씨는 어떻게 달라졌는지<br>③ 그 때문에 생활에 어떤 영향이 생기는지<br>④ 개인과 사회는 무엇을 해야 하는지"",""q_zh"":""请以下面的主题写一篇200字以内的文章：气候变化对我们生活的影响<br>① 什么是气候变化，为什么会发生<br>② 韩国的天气发生了怎样的变化<br>③ 因此在生活上产生了哪些影响<br>④ 个人和社会应该做些什么"",""guide"":""①에서 뜻과 원인을 한 문장으로 묶어 쓰고, ②는 더위·비·계절처럼 눈에 보이는 변화를 드세요. ③은 농산물 값, 냉방비, 건강처럼 생활에 닿는 일로 써야 점수가 잘 나옵니다. ④는 개인의 실천과 사회의 노력을 함께 넣어 '-습니다' 체로 맺으세요."",""guide_zh"":""①把定义和原因合成一句写出来，②举出高温、降雨、季节等看得见的变化。③要写成蔬菜水果价格、空调电费、健康这类贴近生活的事，得分才高。④把个人的实践和社会的努力一起写进去，并用“-습니다”体收尾。"",""model"":""기후 변화는 온실가스가 늘어 지구의 기온이 조금씩 높아지는 현상이며, 화석 연료를 많이 쓰는 사람의 활동이 큰 원인입니다. 한국에서도 여름이 길어지고 폭염과 열대야가 잦아졌으며 갑작스러운 폭우도 늘었습니다. 그래서 농사가 어려워져 채소와 과일 값이 오르고 냉방비 부담과 온열질환 걱정도 커졌습니다. 저는 가까운 곳은 걸어 다니고 전기를 아껴 쓰며, 나라에서도 재생 에너지를 늘려 함께 탄소 배출을 줄여야 합니다."",""model_zh"":""气候变化是指温室气体增多、地球气温一点点升高的现象，大量使用化石燃料的人类活动是主要原因。在韩国，夏天变长，酷暑和热带夜变多，突如其来的暴雨也增加了。因此农业变得困难，蔬菜和水果价格上涨，空调费的负担和中暑的担忧也随之加重。我会尽量步行去近处、节约用电，国家也要扩大可再生能源，大家一起减少碳排放。"",""q_vi"":""Hãy viết một bài văn không quá 200 chữ về chủ đề sau: Ảnh hưởng của biến đổi khí hậu đến đời sống của chúng ta<br>① Biến đổi khí hậu là gì và vì sao xảy ra<br>② Thời tiết ở Hàn Quốc đã thay đổi như thế nào<br>③ Vì thế mà đời sống chịu những ảnh hưởng gì<br>④ Cá nhân và xã hội cần phải làm gì"",""guide_vi"":""Ở ① hãy gộp định nghĩa và nguyên nhân vào một câu, ở ② nêu những thay đổi nhìn thấy được như nắng nóng, mưa, mùa. Ở ③ nên viết về những việc sát với đời sống như giá rau quả, tiền điện làm mát, sức khỏe thì mới được điểm cao. Ở ④ hãy đưa cả việc thực hành của cá nhân lẫn nỗ lực của xã hội vào và kết bài ở thể “-습니다”."",""model_vi"":""Biến đổi khí hậu là hiện tượng khí nhà kính tăng lên khiến nhiệt độ Trái Đất dần dần cao hơn, và hoạt động của con người sử dụng nhiều nhiên liệu hóa thạch là nguyên nhân lớn. Ở Hàn Quốc, mùa hè cũng dài ra, nắng nóng gay gắt và đêm nhiệt đới xảy ra thường xuyên hơn, mưa lớn bất chợt cũng nhiều thêm. Vì thế việc trồng trọt khó khăn hơn, giá rau và trái cây tăng lên, gánh nặng tiền điện làm mát cùng nỗi lo bệnh do nắng nóng cũng lớn hơn. Tôi sẽ đi bộ đến những nơi gần và tiết kiệm điện, nhà nước cũng cần mở rộng năng lượng tái tạo để cùng nhau giảm phát thải các-bon."",""q_th"":""จงเขียนเรียงความไม่เกิน 200 ตัวอักษรในหัวข้อต่อไปนี้: ผลกระทบของการเปลี่ยนแปลงสภาพภูมิอากาศต่อชีวิตของเรา<br>① การเปลี่ยนแปลงสภาพภูมิอากาศคืออะไรและเกิดขึ้นเพราะเหตุใด<br>② สภาพอากาศของเกาหลีเปลี่ยนไปอย่างไร<br>③ เพราะเหตุนั้นชีวิตความเป็นอยู่ได้รับผลกระทบอย่างไร<br>④ บุคคลและสังคมควรทำอะไร"",""guide_th"":""ใน ① ให้รวมความหมายกับสาเหตุไว้ในประโยคเดียว ส่วน ② ให้ยกการเปลี่ยนแปลงที่มองเห็นได้ เช่น ความร้อน ฝน และฤดูกาล ใน ③ ควรเขียนถึงเรื่องใกล้ตัว เช่น ราคาผักผลไม้ ค่าไฟจากเครื่องปรับอากาศ และสุขภาพ จึงจะได้คะแนนดี ส่วน ④ ให้ใส่ทั้งการปฏิบัติของตนเองและความพยายามของสังคม แล้วปิดท้ายด้วยรูป “-습니다”"",""model_th"":""การเปลี่ยนแปลงสภาพภูมิอากาศคือปรากฏการณ์ที่ก๊าซเรือนกระจกเพิ่มขึ้นจนอุณหภูมิของโลกค่อย ๆ สูงขึ้น โดยกิจกรรมของมนุษย์ที่ใช้เชื้อเพลิงฟอสซิลจำนวนมากเป็นสาเหตุสำคัญ ในเกาหลีเองฤดูร้อนก็ยาวขึ้น คลื่นความร้อนและคืนร้อนอบอ้าวเกิดบ่อยขึ้น และฝนตกหนักฉับพลันก็เพิ่มขึ้นด้วย ทำให้การเพาะปลูกยากขึ้น ราคาผักและผลไม้สูงขึ้น ภาระค่าไฟจากเครื่องปรับอากาศและความกังวลเรื่องโรคจากความร้อนก็มากขึ้น ฉันจะเดินไปที่ใกล้ ๆ และประหยัดไฟ ส่วนภาครัฐก็ควรเพิ่มพลังงานหมุนเวียน เพื่อร่วมกันลดการปล่อยคาร์บอน"",""parts"":[{""label"":""기후 변화의 뜻과 원인"",""anyOf"":[""기후 변화"",""지구 온난화"",""온난화"",""기온이 높아"",""기온이 올라"",""온실가스"",""이산화탄소"",""화석 연료"",""석탄"",""석유"",""사람의 활동"",""공장에서"",""숲이 줄"",""현상이"",""점점 더워지"",""원인입""]},{""label"":""달라진 한국의 날씨"",""anyOf"":[""여름이 길"",""폭염"",""열대야"",""무더위"",""폭우"",""장마"",""가뭄"",""태풍"",""겨울이 짧"",""눈이 적"",""이상 기후"",""날씨가 달라"",""계절이"",""잦아"",""자주 내리"",""봄과 가을이""]},{""label"":""생활에 미치는 영향"",""anyOf"":[""농사"",""농작물"",""채소"",""과일"",""값이 오르"",""물가"",""전기 요금"",""냉방비"",""난방비"",""온열질환"",""더위를 먹"",""건강"",""모기"",""해충"",""바다"",""피해를 입""]},{""label"":""개인과 사회가 할 일"",""anyOf"":[""걸어 다니"",""자전거"",""대중교통"",""전기를 아껴"",""물을 아껴"",""나무를 심"",""태양광"",""재생 에너지"",""탄소 배출을 줄"",""탄소중립"",""정책"",""나라에서"",""함께 노력"",""실천"",""줄여야"",""앞장서""]}]}"
"wr37","작문","writing","nat","1969","{""id"":""wr37"",""category"":""작문"",""type"":""writing"",""q"":""다음 주제로 200자 이내로 글을 쓰세요: 미세먼지가 심한 날의 생활 수칙<br>① 미세먼지는 무엇이고 어디에서 생기는지<br>② 미세먼지가 몸에 어떤 나쁜 영향을 주는지<br>③ 미세먼지가 심한 날에 지켜야 할 일은 무엇인지<br>④ 미세먼지 정보를 어떻게 확인하는지"",""q_zh"":""请以下面的主题写一篇200字以内的文章：雾霾严重时的生活守则<br>① 细颗粒物是什么，从哪里产生<br>② 细颗粒物对身体有哪些不良影响<br>③ 雾霾严重的日子应当遵守什么<br>④ 怎样查看细颗粒物信息"",""guide"":""③이 이 글의 중심이니 마스크, 외출, 창문, 씻기처럼 두세 가지를 구체적으로 쓰세요. ②는 기침이나 목·기관지처럼 몸의 어느 곳이 힘든지까지 쓰면 좋습니다. ④는 예보를 확인하는 방법으로 짧게 맺으면 200자에 맞습니다. '-습니다' 체로 씁니다."",""guide_zh"":""③是全文的重点，要具体写出口罩、外出、窗户、洗漱等两三项。②最好写清楚身体哪个部位难受，比如咳嗽或嗓子、支气管。④用查看预报的方法简短收尾，正好凑够200字。全篇用“-습니다”体书写。"",""model"":""미세먼지는 눈에 보이지 않을 만큼 아주 작은 먼지로, 자동차 매연과 공장, 난방에서 많이 생깁니다. 이것을 오래 마시면 기침이 나거나 목이 아프고 기관지가 나빠질 수 있어 어린이와 노인에게 특히 위험합니다. 그래서 농도가 높은 날에는 외출을 줄이고 나갈 때에는 보건용 마스크를 씁니다. 또 창문을 닫아 두고 집에 돌아오면 손을 씻습니다. 저는 아침마다 휴대폰으로 예보를 확인하고 하루 계획을 세웁니다."",""model_zh"":""细颗粒物是小到肉眼看不见的尘埃，多产生于汽车尾气、工厂和取暖设备。长期吸入会引起咳嗽、嗓子疼，还可能损伤支气管，对儿童和老人尤其危险。所以在浓度高的日子我会减少外出，出门时戴上防尘口罩（KF口罩）。另外还要关好窗户，回到家就洗手。我每天早上都用手机查看预报，再安排一天的计划。"",""q_vi"":""Hãy viết một bài văn không quá 200 chữ về chủ đề sau: Quy tắc sinh hoạt trong ngày bụi mịn nghiêm trọng<br>① Bụi mịn là gì và sinh ra từ đâu<br>② Bụi mịn gây ảnh hưởng xấu gì cho cơ thể<br>③ Vào ngày bụi mịn nghiêm trọng cần phải giữ những điều gì<br>④ Kiểm tra thông tin về bụi mịn bằng cách nào"",""guide_vi"":""③ là trọng tâm của bài, hãy viết cụ thể hai ba điều như khẩu trang, việc ra ngoài, cửa sổ, rửa ráy. Ở ② nên viết rõ bộ phận nào của cơ thể bị khó chịu, chẳng hạn ho hay đau họng, phế quản. Ở ④ hãy kết ngắn gọn bằng cách kiểm tra dự báo thì vừa đủ 200 chữ. Viết ở thể “-습니다”."",""model_vi"":""Bụi mịn là loại bụi nhỏ đến mức mắt thường không nhìn thấy, sinh ra nhiều từ khói xe, nhà máy và thiết bị sưởi. Nếu hít phải lâu ngày có thể bị ho, đau họng và phế quản kém đi, đặc biệt nguy hiểm với trẻ em và người già. Vì vậy vào những ngày nồng độ cao, tôi giảm bớt việc ra ngoài, và khi đi ra thì đeo khẩu trang chống bụi mịn (KF). Tôi cũng đóng kín cửa sổ, về đến nhà thì rửa tay. Mỗi sáng tôi đều xem dự báo bằng điện thoại rồi lên kế hoạch cho cả ngày."",""q_th"":""จงเขียนเรียงความไม่เกิน 200 ตัวอักษรในหัวข้อต่อไปนี้: ข้อปฏิบัติในการใช้ชีวิตในวันที่ฝุ่นละอองขนาดเล็กหนาแน่น<br>① ฝุ่นละอองขนาดเล็กคืออะไรและเกิดขึ้นจากที่ใด<br>② ฝุ่นละอองขนาดเล็กส่งผลเสียต่อร่างกายอย่างไร<br>③ ในวันที่ฝุ่นหนาแน่นต้องปฏิบัติตัวอย่างไร<br>④ ตรวจสอบข้อมูลฝุ่นละอองขนาดเล็กได้อย่างไร"",""guide_th"":""③ คือใจความหลักของเรียงความ จึงควรเขียนให้เป็นรูปธรรมสองสามข้อ เช่น หน้ากาก การออกนอกบ้าน หน้าต่าง และการล้างทำความสะอาดร่างกาย ส่วน ② ควรระบุด้วยว่าร่างกายส่วนใดได้รับผลกระทบ เช่น ไอ เจ็บคอ หรือหลอดลม และ ④ ให้ปิดท้ายสั้น ๆ ด้วยวิธีตรวจสอบพยากรณ์ ก็จะพอดี 200 ตัวอักษร เขียนด้วยรูป “-습니다”"",""model_th"":""ฝุ่นละอองขนาดเล็กคือฝุ่นที่เล็กจนมองด้วยตาเปล่าไม่เห็น เกิดขึ้นมากจากไอเสียรถยนต์ โรงงาน และเครื่องทำความร้อน หากสูดดมเป็นเวลานานอาจทำให้ไอ เจ็บคอ และหลอดลมแย่ลง จึงอันตรายเป็นพิเศษสำหรับเด็กและผู้สูงอายุ ดังนั้นในวันที่ค่าฝุ่นสูง ฉันจะลดการออกนอกบ้าน และเมื่อออกไปก็จะสวมหน้ากากกันฝุ่น (KF) อีกทั้งยังปิดหน้าต่างไว้ และเมื่อกลับถึงบ้านก็ล้างมือ ทุกเช้าฉันจะตรวจดูพยากรณ์ทางโทรศัพท์มือถือแล้วจึงวางแผนประจำวัน"",""parts"":[{""label"":""미세먼지의 뜻과 원인"",""anyOf"":[""아주 작은"",""작은 먼지"",""눈에 보이지 않"",""초미세"",""자동차"",""매연"",""공장"",""난방"",""화석 연료"",""석탄"",""공사장"",""바람을 타고"",""날아오"",""보이지 않는"",""배기가스"",""작은 알갱이""]},{""label"":""몸에 주는 나쁜 영향"",""anyOf"":[""기침"",""목이 아프"",""목이 따가"",""눈이 따가"",""기관지"",""호흡기"",""천식"",""폐가"",""폐에"",""알레르기"",""피부"",""두통"",""어린이"",""노인"",""위험"",""해롭""]},{""label"":""심한 날에 지킬 일"",""anyOf"":[""마스크"",""외출을 줄"",""밖에 나가지"",""나가지 않"",""창문을 닫"",""환기"",""손을 씻"",""씻고"",""물을 자주"",""야외 활동"",""운동을 미루"",""공기청정기"",""빨래를 밖"",""옷을 털"",""가까운 거리"",""실내에서""]},{""label"":""정보를 확인하는 방법"",""anyOf"":[""예보"",""농도를 확인"",""휴대폰"",""스마트폰"",""앱으로"",""어플"",""문자"",""알림"",""뉴스"",""텔레비전"",""누리집"",""홈페이지"",""확인하고"",""확인합니"",""나쁨"",""비상저감조치""]}]}"
"wr38","작문","writing","nat","1970","{""id"":""wr38"",""category"":""작문"",""type"":""writing"",""q"":""다음 주제로 200자 이내로 글을 쓰세요: 음식물 쓰레기를 줄이는 방법<br>① 음식물 쓰레기는 주로 어떻게 해서 생기는지<br>② 음식물 쓰레기가 많으면 어떤 문제가 생기는지<br>③ 줄이기 위해 장을 보고 밥을 먹을 때 어떻게 하면 좋은지<br>④ 음식물 쓰레기를 올바르게 버리는 방법은 무엇인지"",""q_zh"":""请以下面的主题写一篇200字以内的文章：减少厨余垃圾的方法<br>① 厨余垃圾主要是怎样产生的<br>② 厨余垃圾多了会带来什么问题<br>③ 为了减少，在买菜和吃饭时怎么做才好<br>④ 正确投放厨余垃圾的方法是什么"",""guide"":""③은 장보기와 식사, 두 장면으로 나누어 쓰면 내용이 풍부해집니다. ④에서는 물기를 짜서 전용 봉투나 전용 용기에 담는다는 점, 뼈나 조개껍데기는 음식물이 아니라는 점을 쓰면 좋습니다. 네 부분을 한 편으로 이어 '-습니다' 체로 씁니다."",""guide_zh"":""③分成买菜和吃饭两个场景来写，内容会更充实。④最好写清楚要挤干水分后装进专用袋或专用容器，以及骨头、贝壳不属于厨余垃圾这两点。把四个部分连成一篇文章，句子要用敬语体收尾。"",""model"":""음식물 쓰레기는 반찬을 넉넉하게 차렸다가 남기거나, 냉장고에 넣어 두고 잊어버려서 많이 생깁니다. 이렇게 버려지는 음식이 많으면 처리 비용이 늘고 냄새와 오염 문제도 커집니다. 그래서 저는 장을 보기 전에 목록을 적고, 밥을 먹을 때에는 먹을 만큼만 덜어 먹습니다. 버릴 때에는 물기를 꼭 짜서 전용 봉투에 담고, 뼈나 조개껍데기는 일반 쓰레기로 내놓습니다."",""model_zh"":""厨余垃圾大多是因为菜做得太多吃不完剩下，或者放进冰箱后忘记了才产生的。被扔掉的食物一多，处理费用就会增加，异味和污染的问题也会变大。所以我在买菜前会先列好清单，吃饭时只盛自己吃得完的分量。丢弃时一定把水分挤干后装进专用袋，骨头和贝壳则当作一般垃圾投放。"",""q_vi"":""Hãy viết một bài văn không quá 200 chữ về chủ đề sau: Cách giảm rác thải thực phẩm<br>① Rác thải thực phẩm chủ yếu phát sinh như thế nào<br>② Nếu rác thải thực phẩm nhiều thì sẽ nảy sinh vấn đề gì<br>③ Để giảm bớt thì khi đi chợ và khi ăn cơm nên làm thế nào<br>④ Cách bỏ rác thải thực phẩm cho đúng là gì"",""guide_vi"":""Ở ③, nếu chia thành hai cảnh là đi chợ và bữa ăn thì nội dung sẽ phong phú hơn. Ở ④ nên viết rõ rằng phải vắt ráo nước rồi cho vào túi hoặc thùng chuyên dụng, và xương hay vỏ sò không phải là rác thực phẩm. Hãy nối bốn phần thành một bài liền mạch và viết bằng thể kính ngữ."",""model_vi"":""Rác thải thực phẩm phần lớn phát sinh do dọn quá nhiều món rồi ăn không hết, hoặc cất vào tủ lạnh rồi quên mất. Khi thức ăn bị bỏ đi nhiều thì chi phí xử lý tăng lên, vấn đề mùi hôi và ô nhiễm cũng lớn hơn. Vì vậy trước khi đi chợ tôi ghi sẵn danh sách, còn khi ăn cơm thì chỉ lấy đúng phần mình ăn hết. Lúc bỏ rác, tôi vắt thật ráo nước rồi cho vào túi chuyên dụng, còn xương hay vỏ sò thì bỏ vào rác thường."",""q_th"":""จงเขียนเรียงความไม่เกิน 200 ตัวอักษรในหัวข้อต่อไปนี้: วิธีลดขยะเศษอาหาร<br>① ขยะเศษอาหารเกิดขึ้นจากอะไรเป็นหลัก<br>② ถ้าขยะเศษอาหารมีมากจะเกิดปัญหาอะไร<br>③ เพื่อจะลดลง เวลาไปจ่ายตลาดและเวลากินข้าวควรทำอย่างไร<br>④ วิธีทิ้งขยะเศษอาหารอย่างถูกต้องคืออะไร"",""guide_th"":""ใน ③ ถ้าแบ่งเขียนเป็นสองฉากคือตอนไปจ่ายตลาดกับตอนกินข้าว เนื้อหาจะสมบูรณ์ขึ้น ส่วน ④ ควรเขียนให้ชัดว่าต้องบีบน้ำออกแล้วใส่ถุงหรือภาชนะเฉพาะ และกระดูกหรือเปลือกหอยไม่ใช่ขยะเศษอาหาร จงเชื่อมทั้งสี่ส่วนให้เป็นเรียงความเดียวและเขียนด้วยรูปสุภาพ"",""model_th"":""ขยะเศษอาหารส่วนใหญ่เกิดจากการจัดกับข้าวมากเกินไปจนกินไม่หมดแล้วเหลือทิ้ง หรือเก็บไว้ในตู้เย็นแล้วลืมไป เมื่ออาหารถูกทิ้งมาก ค่าใช้จ่ายในการกำจัดก็เพิ่มขึ้น ปัญหากลิ่นเหม็นและมลพิษก็รุนแรงขึ้น ฉันจึงเขียนรายการก่อนไปจ่ายตลาด และเวลากินข้าวก็ตักเฉพาะเท่าที่กินหมด เวลาทิ้งจะบีบน้ำออกให้แห้งแล้วใส่ถุงเฉพาะ ส่วนกระดูกหรือเปลือกหอยจะทิ้งรวมกับขยะทั่วไป"",""parts"":[{""label"":""음식물 쓰레기가 생기는 까닭"",""anyOf"":[""넉넉하게"",""많이차리"",""한상가득"",""냉장고에넣어두"",""잊어버리"",""잊어버려"",""상해서"",""상한음식"",""유통기한"",""먹지못하고"",""필요이상"",""계획없이"",""오래두어"",""남은음식""]},{""label"":""많을 때 생기는 문제"",""anyOf"":[""처리비용"",""수거비용"",""비용이늘"",""돈이들"",""세금"",""냄새"",""오염"",""온실가스"",""벌레"",""아깝"",""처리하는데"",""환경에나쁜"",""부담"",""묻거나""]},{""label"":""장보기와 식사에서 줄이는 방법"",""anyOf"":[""장을보기전"",""목록"",""적어두고"",""계획을세우"",""필요한만큼만사"",""먹을만큼만"",""조금씩담"",""덜어먹"",""남기지않"",""냉장고를정리"",""소분"",""날짜를적"",""작은그릇"",""외식할때"",""밥을먹을때""]},{""label"":""올바르게 버리는 방법"",""anyOf"":[""물기를짜"",""물기를빼"",""물기를꼭"",""전용봉투"",""전용용기"",""종량제"",""카드를대"",""계량"",""뼈나"",""뼈는"",""조개껍데기"",""달걀껍질"",""이쑤시개"",""일반쓰레기로"",""음식물수거함""]}]}"
"wr39","작문","writing","nat","1971","{""id"":""wr39"",""category"":""작문"",""type"":""writing"",""q"":""다음 주제로 200자 이내로 글을 쓰세요: 층간 소음 문제와 이웃 사이의 배려<br>① 층간 소음이 왜 이웃 사이에 문제가 되는지<br>② 소음을 줄이기 위해 각 가정에서 할 수 있는 일은 무엇인지<br>③ 관리사무소나 지방자치단체가 해야 할 일은 무엇인지<br>④ 서로 배려하면 이웃 관계가 어떻게 달라지는지"",""q_zh"":""请以下面的主题写一篇200字以内的文章：楼层间噪音问题与邻里之间的体谅<br>① 楼层间噪音为什么会成为邻里之间的问题<br>② 为了减少噪音，每个家庭可以做些什么<br>③ 物业管理处或地方自治团体应该做什么<br>④ 互相体谅之后邻里关系会有什么变化"",""guide"":""이 글은 ②(각 가정이 할 일)와 ③(관리사무소·자치단체가 할 일)을 반드시 갈라서 써야 합니다. ②는 실내화 신기, 늦은 밤에 세탁기 돌리지 않기처럼 집에서 바로 할 수 있는 일을 쓰고, ③은 안내 방송이나 상담·중재처럼 개인이 혼자 할 수 없는 일을 쓰세요. ①에 한 문장, ②③에 각각 한두 문장, ④에 한 문장이면 200자에 맞습니다."",""guide_zh"":""这篇文章必须把②（每个家庭要做的事）和③（管理处和自治团体要做的事）分开来写。②写在家里马上就能做的事，比如穿室内拖鞋、深夜不开洗衣机；③写个人无法独自完成的事，比如用广播告知规则、提供咨询和调解。①写一句，②和③各写一到两句，④写一句，就正好在200字之内。"",""model"":""층간 소음은 위층과 아래층의 생활 소리가 그대로 전해져 이웃 사이에 갈등을 일으킵니다. 각 가정에서는 실내화를 신고 아이가 뛰지 않도록 가르치며 늦은 밤에는 세탁기를 돌리지 않아야 합니다. 하지만 개인의 노력만으로는 부족합니다. 관리사무소는 안내 방송으로 규칙을 알리고 지방자치단체는 상담과 중재를 맡아야 합니다. 서로 배려하는 마음이 쌓이면 얼굴을 붉히는 대신 인사를 나누는 이웃이 됩니다."",""model_zh"":""楼层间噪音是楼上和楼下的生活声音原样传过来，在邻居之间引起矛盾。每个家庭都应该穿室内拖鞋，教孩子不要跑跳，深夜不开洗衣机。但是仅靠个人的努力还不够。管理处要通过广播告知规则，地方自治团体要负责咨询和调解。互相体谅的心意积累起来，邻居之间就会从红着脸争吵变成彼此问候。"",""q_vi"":""Hãy viết một bài văn trong vòng 200 chữ với chủ đề sau: Vấn đề tiếng ồn giữa các tầng và sự quan tâm giữa hàng xóm<br>① Vì sao tiếng ồn giữa các tầng trở thành vấn đề giữa hàng xóm<br>② Mỗi gia đình có thể làm gì để giảm tiếng ồn<br>③ Ban quản lý chung cư hoặc chính quyền địa phương phải làm gì<br>④ Khi mọi người quan tâm đến nhau thì quan hệ hàng xóm thay đổi ra sao"",""guide_vi"":""Bài này bắt buộc phải tách riêng ② (việc mỗi gia đình làm) và ③ (việc ban quản lý và chính quyền địa phương làm). Ở ② hãy viết những việc làm được ngay tại nhà như đi dép trong nhà, không chạy máy giặt vào đêm khuya; ở ③ hãy viết những việc cá nhân không thể tự làm như phát thanh nhắc nhở quy định, tư vấn và hòa giải. Một câu cho ①, một đến hai câu cho ② và ③, một câu cho ④ là vừa 200 chữ."",""model_vi"":""Tiếng ồn giữa các tầng là âm thanh sinh hoạt của nhà trên và nhà dưới truyền nguyên vẹn sang nhau, gây ra mâu thuẫn giữa hàng xóm. Mỗi gia đình nên đi dép trong nhà, dạy con không chạy nhảy và không chạy máy giặt vào đêm khuya. Nhưng chỉ nỗ lực của cá nhân thì chưa đủ. Ban quản lý phải phát thanh nhắc nhở quy định, còn chính quyền địa phương phải đảm nhận việc tư vấn và hòa giải. Khi tấm lòng quan tâm lẫn nhau tích lại, hàng xóm sẽ chào hỏi nhau thay vì đỏ mặt cãi nhau."",""q_th"":""จงเขียนเรียงความไม่เกิน 200 ตัวอักษรในหัวข้อต่อไปนี้: ปัญหาเสียงรบกวนระหว่างชั้นกับการเอาใจใส่ระหว่างเพื่อนบ้าน<br>① เหตุใดเสียงรบกวนระหว่างชั้นจึงกลายเป็นปัญหาระหว่างเพื่อนบ้าน<br>② แต่ละครอบครัวทำอะไรได้บ้างเพื่อลดเสียงรบกวน<br>③ สำนักงานนิติบุคคลหรือองค์กรปกครองส่วนท้องถิ่นควรทำอะไร<br>④ เมื่อต่างฝ่ายต่างเอาใจใส่กัน ความสัมพันธ์กับเพื่อนบ้านจะเปลี่ยนไปอย่างไร"",""guide_th"":""เรียงความนี้ต้องแยกเขียน ② (สิ่งที่แต่ละครอบครัวทำ) กับ ③ (สิ่งที่สำนักงานนิติบุคคลและท้องถิ่นทำ) ให้ชัดเจน ② ให้เขียนสิ่งที่ทำได้ทันทีที่บ้าน เช่น ใส่รองเท้าในบ้าน ไม่เปิดเครื่องซักผ้าตอนดึก ส่วน ③ ให้เขียนสิ่งที่คนคนเดียวทำไม่ได้ เช่น ประกาศแจ้งกฎ ให้คำปรึกษาและไกล่เกลี่ย เขียน ① หนึ่งประโยค ② และ ③ อย่างละหนึ่งถึงสองประโยค และ ④ หนึ่งประโยค ก็จะพอดี 200 ตัวอักษร"",""model_th"":""เสียงรบกวนระหว่างชั้นคือเสียงการใช้ชีวิตของบ้านชั้นบนและชั้นล่างที่ส่งถึงกันโดยตรง จึงทำให้เกิดความขัดแย้งระหว่างเพื่อนบ้าน แต่ละครอบครัวควรใส่รองเท้าในบ้าน สอนลูกไม่ให้วิ่ง และไม่เปิดเครื่องซักผ้าตอนดึก แต่ลำพังความพยายามของแต่ละคนยังไม่พอ สำนักงานนิติบุคคลต้องประกาศแจ้งกฎ และองค์กรปกครองส่วนท้องถิ่นต้องรับหน้าที่ให้คำปรึกษาและไกล่เกลี่ย เมื่อความเอาใจใส่ซึ่งกันและกันสะสมขึ้น เพื่อนบ้านก็จะทักทายกันแทนที่จะโกรธกัน"",""parts"":[{""label"":""층간 소음이라는 문제"",""anyOf"":[""층간소음"",""위층과아래층"",""위층에서나는"",""아래층으로전해"",""발소리"",""뛰는소리"",""쿵쿵"",""갈등을"",""다툼"",""말다툼"",""잠을설"",""스트레스"",""이웃끼리싸"",""소리가그대로"",""서로얼굴을피""]},{""label"":""각 가정에서 할 일"",""anyOf"":[""실내화"",""슬리퍼"",""매트를"",""방지매트"",""뛰지않도록"",""뛰지말"",""조심해서걷"",""까치발"",""늦은밤"",""밤늦게"",""세탁기를"",""청소기를"",""미리양해"",""양해를구"",""아이에게가르"",""문을살살""]},{""label"":""관리사무소·자치단체의 몫"",""anyOf"":[""관리사무소"",""관리실"",""안내방송"",""안내문"",""지방자치단체"",""구청"",""시청"",""중재"",""상담을"",""이웃사이센터"",""전문기관"",""기준을강화"",""규칙을정"",""바닥공사"",""공동주택규정""]},{""label"":""배려가 만드는 변화"",""anyOf"":[""배려하는"",""배려하면"",""배려하는마음"",""서로배려"",""인사를나누"",""먼저인사"",""이해하게"",""얼굴을붉히"",""다투지않"",""따뜻한이웃"",""정을나누"",""살기좋은"",""관계가좋아"",""사이가좋아"",""웃으며"",""편안하게지""]}]}"
"wr40","작문","writing","nat","1972","{""id"":""wr40"",""category"":""작문"",""type"":""writing"",""q"":""다음 주제로 200자 이내로 글을 쓰세요: 교통안전을 지키기 위해 할 일<br>① 교통사고는 주로 어떤 때에 일어나는지<br>② 걸을 때와 운전할 때 각자 지켜야 할 일은 무엇인지<br>③ 나라와 지방자치단체가 해야 할 일은 무엇인지<br>④ 모두가 함께 지키면 무엇이 달라지는지"",""q_zh"":""请以下面的主题写一篇200字以内的文章：为遵守交通安全应该做的事<br>① 交通事故主要在什么时候发生<br>② 走路时和开车时各自应该遵守什么<br>③ 国家和地方自治团体应该做什么<br>④ 大家一起遵守之后会有什么变化"",""guide"":""②는 보행자로서 지킬 일과 운전자로서 지킬 일을 나누어 쓰면 좋습니다. ③은 개인이 혼자 할 수 없는 일, 곧 신호등과 단속 장비를 늘리거나 안전 교육을 하는 일처럼 나라와 자치단체의 몫을 쓰세요. ②와 ③의 내용이 섞이지 않게 하고 문장은 '-습니다' 체로 씁니다."",""guide_zh"":""②最好把作为行人应遵守的事和作为驾驶员应遵守的事分开来写。③要写个人做不到的事，也就是增设信号灯和测速监控设备、开展安全教育这类国家和自治团体的职责。注意不要让②和③的内容混在一起，句子要用敬语体收尾。"",""model"":""교통사고는 신호를 무시하거나 휴대전화를 보며 길을 건널 때, 또 어두운 밤이나 좁은 골목길에서 자주 일어납니다. 걸을 때에는 초록불을 확인하고 횡단보도로 건너야 합니다. 운전할 때에는 안전띠를 매고 어린이보호구역에서 속도를 줄여야 합니다. 나라와 지방자치단체는 신호등과 과속 단속 장비를 늘리고 안전 교육을 꾸준히 해야 합니다. 이렇게 함께 노력하면 사고가 줄어 모두가 안심하고 다닐 수 있습니다."",""model_zh"":""交通事故常常发生在无视信号灯、一边看手机一边过马路的时候，也常发生在漆黑的夜里或狭窄的小巷里。走路时要先确认是绿灯，再走人行横道。开车时要系好安全带，在儿童保护区域内减速。国家和地方自治团体要增设信号灯和超速监控设备，并坚持开展安全教育。像这样一起努力，事故就会减少，大家都能安心出行。"",""q_vi"":""Hãy viết một bài văn trong vòng 200 chữ với chủ đề sau: Những việc phải làm để giữ an toàn giao thông<br>① Tai nạn giao thông thường xảy ra vào những lúc nào<br>② Khi đi bộ và khi lái xe, mỗi người phải tuân thủ điều gì<br>③ Nhà nước và chính quyền địa phương phải làm gì<br>④ Khi mọi người cùng tuân thủ thì điều gì sẽ thay đổi"",""guide_vi"":""Ở ② nên tách riêng những điều phải tuân thủ khi là người đi bộ và khi là người lái xe. Ở ③ hãy viết những việc cá nhân không thể tự làm, tức là phần trách nhiệm của nhà nước và chính quyền địa phương như tăng thêm đèn tín hiệu, thiết bị kiểm soát hay tổ chức giáo dục an toàn. Đừng để nội dung của ② và ③ lẫn vào nhau, và hãy viết câu bằng thể kính ngữ."",""model_vi"":""Tai nạn giao thông thường xảy ra khi người ta phớt lờ đèn tín hiệu hoặc vừa nhìn điện thoại vừa qua đường, và cũng hay xảy ra vào ban đêm tối trời hay trong những con hẻm hẹp. Khi đi bộ phải xác nhận đèn xanh rồi mới qua đường ở vạch dành cho người đi bộ. Khi lái xe phải thắt dây an toàn và giảm tốc độ trong khu vực bảo vệ trẻ em. Nhà nước và chính quyền địa phương phải tăng thêm đèn tín hiệu, thiết bị bắn tốc độ và duy trì việc giáo dục an toàn. Khi cùng nhau nỗ lực như vậy, tai nạn sẽ giảm và mọi người đều có thể đi lại yên tâm."",""q_th"":""จงเขียนเรียงความไม่เกิน 200 ตัวอักษรในหัวข้อต่อไปนี้: สิ่งที่ต้องทำเพื่อรักษาความปลอดภัยทางถนน<br>① อุบัติเหตุจราจรมักเกิดขึ้นในช่วงใด<br>② เวลาเดินและเวลาขับรถ แต่ละฝ่ายต้องปฏิบัติตามอะไรบ้าง<br>③ รัฐและองค์กรปกครองส่วนท้องถิ่นต้องทำอะไร<br>④ เมื่อทุกคนร่วมกันปฏิบัติตาม อะไรจะเปลี่ยนไป"",""guide_th"":""ข้อ ② ควรแยกเขียนสิ่งที่ต้องปฏิบัติในฐานะคนเดินเท้ากับในฐานะผู้ขับขี่ ข้อ ③ ให้เขียนสิ่งที่คนคนเดียวทำไม่ได้ นั่นคือหน้าที่ของรัฐและท้องถิ่น เช่น เพิ่มสัญญาณไฟและอุปกรณ์ตรวจจับ หรือจัดการศึกษาด้านความปลอดภัย ระวังอย่าให้เนื้อหาของ ② กับ ③ ปะปนกัน และให้ลงท้ายประโยคด้วยรูปสุภาพ"",""model_th"":""อุบัติเหตุจราจรมักเกิดขึ้นเมื่อฝ่าฝืนสัญญาณไฟหรือข้ามถนนพลางดูโทรศัพท์มือถือ และยังเกิดบ่อยในคืนที่มืดหรือในซอยแคบ เวลาเดินต้องดูให้แน่ใจว่าเป็นไฟเขียวก่อน แล้วจึงข้ามที่ทางม้าลาย เวลาขับรถต้องคาดเข็มขัดนิรภัยและลดความเร็วในเขตคุ้มครองเด็ก รัฐและองค์กรปกครองส่วนท้องถิ่นต้องเพิ่มสัญญาณไฟและอุปกรณ์ตรวจจับความเร็ว พร้อมทั้งจัดการศึกษาด้านความปลอดภัยอย่างต่อเนื่อง เมื่อร่วมมือกันเช่นนี้ อุบัติเหตุจะลดลงและทุกคนจะเดินทางได้อย่างสบายใจ"",""parts"":[{""label"":""교통사고가 나는 때"",""anyOf"":[""신호를무시"",""무단횡단"",""휴대전화를보"",""스마트폰을보"",""한눈을팔"",""음주운전"",""어두운밤"",""골목길"",""빗길"",""졸음운전"",""출퇴근시간"",""급하게건너"",""이어폰을끼"",""사고가자주""]},{""label"":""보행자·운전자가 지킬 일"",""anyOf"":[""횡단보도로"",""초록불"",""파란불"",""좌우를살피"",""안전띠"",""안전벨트"",""헬멧"",""손을들고"",""천천히건"",""속도를줄"",""어린이보호구역"",""스쿨존"",""신호를지키"",""규정속도"",""차도로다니지""]},{""label"":""나라·자치단체의 몫"",""anyOf"":[""신호등을설치"",""신호등을늘리"",""신호등을더"",""과속단속"",""단속카메라"",""가로등을"",""안전시설"",""안전교육"",""표지판을설치"",""보도를넓히"",""보도를정비"",""도로를정비"",""법과제도"",""처벌을"",""예산을"",""지방자치단체""]},{""label"":""함께 지킬 때 달라지는 것"",""anyOf"":[""사고가줄"",""사고를줄"",""사고를막"",""안심하고"",""마음놓고"",""생명을지키"",""목숨을"",""다치는사람"",""피해가줄"",""안전한사회"",""안전한마을"",""함께노력하면"",""질서가잡히"",""걱정없이다닐""]}]}"
"wr41","작문","writing","nat","1973","{""id"":""wr41"",""category"":""작문"",""type"":""writing"",""q"":""다음 주제로 200자 이내로 글을 쓰세요: 물을 아껴 쓰는 습관과 사회의 노력<br>① 물이 부족하면 어떤 어려움이 생기는지<br>② 가정에서 물을 아껴 쓰는 방법은 무엇인지<br>③ 나라와 지역 사회는 어떤 노력을 해야 하는지<br>④ 이런 습관과 노력이 이어지면 무엇이 좋아지는지"",""q_zh"":""请以下面的主题写一篇200字以内的文章：节约用水的习惯与社会的努力<br>① 水不足会带来什么困难<br>② 在家里节约用水的方法有哪些<br>③ 国家和社区应该做出什么努力<br>④ 这样的习惯和努力持续下去会有什么好处"",""guide"":""②는 양치할 때 컵 쓰기, 빨래 모아서 하기처럼 집에서 하는 일을 두 가지 이상 구체적으로 쓰세요. ③은 새는 수도관을 고치는 일이나 빗물을 다시 쓰는 시설처럼 개인이 혼자 할 수 없는 일을 씁니다. '물을 아낍니다'라는 말만 되풀이하지 말고 ②와 ③의 내용이 서로 겹치지 않게 하세요."",""guide_zh"":""②要具体写出两种以上在家里做的事，比如刷牙时用杯子、把衣服攒起来一起洗。③要写个人无法独自完成的事，比如修理漏水的自来水管、建设雨水再利用设施。不要反复只说“节约用水”，也要注意②和③的内容不要重复。"",""model"":""물이 부족하면 마실 물이 모자라고 농사와 공장도 큰 어려움을 겪습니다. 가정에서는 양치할 때 컵을 쓰고 빨래를 모아서 하며 설거지할 때 물을 받아 쓰면 물을 아낄 수 있습니다. 그러나 이것만으로는 물 부족을 막기 어렵습니다. 나라와 지역 사회는 새는 수도관을 고치고 빗물과 하수를 다시 쓰는 시설을 갖추어야 합니다. 이런 습관과 노력이 함께 가면 다음 세대도 깨끗한 물을 넉넉히 쓸 수 있습니다."",""model_zh"":""水不足的时候，喝的水会不够，农业和工厂也会遇到很大的困难。在家里，刷牙时用杯子、把衣服攒起来一起洗、洗碗时接水来用，就能节约用水。但是仅靠这些还难以防止缺水。国家和社区要修好漏水的自来水管，建设把雨水和污水重新利用的设施。这样的习惯和努力一起进行，下一代也能充足地用上干净的水。"",""q_vi"":""Hãy viết một bài văn trong vòng 200 chữ với chủ đề sau: Thói quen tiết kiệm nước và nỗ lực của xã hội<br>① Thiếu nước sẽ gây ra những khó khăn gì<br>② Trong gia đình có những cách nào để tiết kiệm nước<br>③ Nhà nước và cộng đồng địa phương phải nỗ lực điều gì<br>④ Nếu thói quen và nỗ lực đó được duy trì thì điều gì sẽ tốt lên"",""guide_vi"":""Ở ② hãy viết cụ thể từ hai việc trở lên làm tại nhà, chẳng hạn dùng cốc khi đánh răng, gom quần áo lại giặt một lần. Ở ③ hãy viết những việc cá nhân không thể tự làm như sửa đường ống nước bị rò rỉ hay xây dựng công trình tái sử dụng nước mưa. Đừng chỉ lặp đi lặp lại câu “tiết kiệm nước”, và hãy tránh để nội dung của ② và ③ trùng nhau."",""model_vi"":""Khi thiếu nước, nước uống sẽ không đủ và cả nông nghiệp lẫn nhà máy đều gặp khó khăn lớn. Trong gia đình, nếu dùng cốc khi đánh răng, gom quần áo lại giặt một lần và hứng nước khi rửa bát thì có thể tiết kiệm nước. Tuy nhiên, chỉ như vậy thì khó ngăn được tình trạng thiếu nước. Nhà nước và cộng đồng địa phương phải sửa những đường ống nước bị rò rỉ và xây dựng công trình tái sử dụng nước mưa cùng nước thải. Khi thói quen và nỗ lực ấy đi cùng nhau, thế hệ sau cũng sẽ được dùng nước sạch một cách dư dả."",""q_th"":""จงเขียนเรียงความไม่เกิน 200 ตัวอักษรในหัวข้อต่อไปนี้: นิสัยประหยัดน้ำกับความพยายามของสังคม<br>① หากขาดแคลนน้ำจะเกิดความยากลำบากอย่างไร<br>② ในบ้านมีวิธีประหยัดน้ำอย่างไรบ้าง<br>③ รัฐและชุมชนท้องถิ่นต้องพยายามทำสิ่งใด<br>④ หากนิสัยและความพยายามเช่นนี้ดำเนินต่อไป อะไรจะดีขึ้น"",""guide_th"":""ข้อ ② ให้เขียนสิ่งที่ทำในบ้านอย่างเป็นรูปธรรมตั้งแต่สองอย่างขึ้นไป เช่น ใช้แก้วตอนแปรงฟัน รวมผ้าไว้ซักครั้งเดียว ข้อ ③ ให้เขียนสิ่งที่คนคนเดียวทำไม่ได้ เช่น ซ่อมท่อประปาที่รั่ว หรือสร้างระบบนำน้ำฝนกลับมาใช้ใหม่ อย่าพูดซ้ำแต่คำว่า “ประหยัดน้ำ” และอย่าให้เนื้อหาของ ② กับ ③ ซ้ำกัน"",""model_th"":""เมื่อขาดแคลนน้ำ น้ำดื่มจะไม่พอ และการเกษตรกับโรงงานก็ประสบความยากลำบากอย่างมาก ในบ้าน หากใช้แก้วตอนแปรงฟัน รวมผ้าไว้ซักครั้งเดียว และรองน้ำไว้ตอนล้างจาน ก็จะประหยัดน้ำได้ แต่เพียงเท่านี้ยังยากที่จะป้องกันการขาดแคลนน้ำได้ รัฐและชุมชนท้องถิ่นต้องซ่อมท่อประปาที่รั่ว และจัดให้มีระบบนำน้ำฝนกับน้ำเสียกลับมาใช้ใหม่ เมื่อนิสัยและความพยายามเดินไปด้วยกัน คนรุ่นต่อไปก็จะได้ใช้น้ำสะอาดอย่างเพียงพอ"",""parts"":[{""label"":""물이 부족하면 생기는 어려움"",""anyOf"":[""물이부족"",""가뭄"",""마실물"",""식수"",""제한급수"",""단수"",""농사"",""농작물"",""공장도"",""물값"",""물이모자"",""저수지"",""강물이마르"",""물을구하기어""]},{""label"":""가정에서 아껴 쓰는 방법"",""anyOf"":[""양치할"",""양치할때"",""양치컵"",""컵을쓰"",""빨래를모아"",""세탁물을모아"",""설거지할때"",""물을받아"",""샤워시간"",""샤워를짧"",""수도꼭지를잠"",""절수기"",""절수형"",""받아둔물"",""화분에주"",""물을틀어놓지""]},{""label"":""나라·지역 사회의 노력"",""anyOf"":[""수도관"",""누수"",""빗물과하수"",""빗물이용시설"",""빗물을재"",""하수를"",""재이용"",""정수장"",""상수도"",""댐을"",""시설을갖추"",""보조금"",""홍보하고"",""교육해야"",""나라와지역"",""지방자치단체""]},{""label"":""습관과 노력이 남기는 것"",""anyOf"":[""다음세대"",""미래세대"",""아이들에게물려"",""깨끗한물"",""넉넉히"",""함께가면"",""습관이쌓이면"",""요금도줄"",""환경도지"",""물걱정없"",""오래도록"",""모두에게이익"",""안심하고마실"",""자원을지키""]}]}"
"wr42","작문","writing","nat","1974","{""id"":""wr42"",""category"":""작문"",""type"":""writing"",""q"":""다음 주제로 200자 이내로 글을 쓰세요: 다문화 가정 아이들이 학교에서 잘 지내려면<br>① 다문화 가정 아이들이 학교에서 어떤 어려움을 겪는지<br>② 부모가 집에서 도울 수 있는 일은 무엇인지<br>③ 학교와 정부가 해야 할 일은 무엇인지<br>④ 이런 노력이 모이면 아이들이 어떻게 자랄 수 있는지"",""q_zh"":""请以下面的主题写一篇200字以内的文章：要让多文化家庭的孩子在学校过得好<br>① 多文化家庭的孩子在学校会遇到什么困难<br>② 父母在家里能帮上什么忙<br>③ 学校和政府应该做什么<br>④ 这些努力汇聚起来，孩子们能成长为什么样的人"",""guide"":""①은 한국어와 친구 관계처럼 학교에서 실제로 겪는 어려움을 쓰세요. ②는 부모의 몫이고 ③은 학교와 정부의 몫이므로 두 가지를 섞지 말고 나누어 씁니다. ④는 두 나라의 말과 문화를 아는 사람으로 자란다는 식으로 밝게 맺으면 좋습니다."",""guide_zh"":""①要写孩子在学校实际遇到的困难，比如韩语和交朋友方面的问题。②是父母的职责，③是学校和政府的职责，两者不要混在一起，要分开来写。④可以用“成长为懂得两国语言和文化的人”这样明亮的说法收尾。"",""model"":""다문화 가정 아이들은 한국어가 서툴러 수업을 따라가기 어렵고 친구들과 어울리지 못해 마음을 다치기도 합니다. 부모는 집에서 아이와 자주 이야기하고 숙제를 함께 보며 학교 행사에도 빠지지 않고 참여해야 합니다. 학교는 한국어 학급과 상담 교사를 두어야 합니다. 정부는 통역과 교육비를 지원하며 서로 차별하지 않도록 가르쳐야 합니다. 이런 노력이 모이면 아이들은 두 나라의 말과 문화를 아는 사람으로 자랄 수 있습니다."",""model_zh"":""多文化家庭的孩子因为韩语不熟练，跟不上课程，也常常因为融不进朋友圈而受到心灵上的伤害。父母在家里要经常和孩子说话，一起看作业，学校的活动也不要缺席，要参加。学校要设立韩语班和配备咨询老师。政府要提供翻译和教育费支持，并教导大家不要互相歧视。这些努力汇聚起来，孩子们就能成长为懂得两国语言和文化的人。"",""q_vi"":""Hãy viết một bài văn trong vòng 200 chữ với chủ đề sau: Để trẻ em trong gia đình đa văn hóa hòa nhập tốt ở trường<br>① Trẻ em trong gia đình đa văn hóa gặp những khó khăn gì ở trường<br>② Cha mẹ có thể giúp được gì ở nhà<br>③ Nhà trường và chính phủ phải làm gì<br>④ Khi những nỗ lực đó hội tụ lại, các em có thể lớn lên như thế nào"",""guide_vi"":""Ở ① hãy viết những khó khăn các em thực sự gặp ở trường như tiếng Hàn và quan hệ bạn bè. ② là phần của cha mẹ còn ③ là phần của nhà trường và chính phủ, nên đừng trộn lẫn mà hãy viết tách bạch. Ở ④ nên kết bài một cách tươi sáng, chẳng hạn các em sẽ lớn lên thành người biết ngôn ngữ và văn hóa của hai đất nước."",""model_vi"":""Trẻ em trong gia đình đa văn hóa vì tiếng Hàn còn vụng nên khó theo kịp bài học, lại không hòa nhập được với bạn bè nên đôi khi bị tổn thương. Cha mẹ ở nhà phải thường xuyên trò chuyện với con, cùng xem bài tập và không vắng mặt trong các hoạt động của nhà trường. Nhà trường phải mở lớp tiếng Hàn và bố trí giáo viên tư vấn. Chính phủ phải hỗ trợ phiên dịch và chi phí giáo dục, đồng thời dạy mọi người không phân biệt đối xử với nhau. Khi những nỗ lực này hội tụ, các em có thể lớn lên thành người biết ngôn ngữ và văn hóa của hai đất nước."",""q_th"":""จงเขียนเรียงความไม่เกิน 200 ตัวอักษรในหัวข้อต่อไปนี้: เพื่อให้เด็กจากครอบครัวพหุวัฒนธรรมอยู่ในโรงเรียนได้อย่างมีความสุข<br>① เด็กจากครอบครัวพหุวัฒนธรรมประสบความยากลำบากอะไรในโรงเรียน<br>② พ่อแม่ช่วยอะไรได้บ้างที่บ้าน<br>③ โรงเรียนและรัฐบาลต้องทำอะไร<br>④ เมื่อความพยายามเหล่านี้มารวมกัน เด็ก ๆ จะเติบโตขึ้นอย่างไร"",""guide_th"":""ข้อ ① ให้เขียนความยากลำบากที่เด็กเจอจริงในโรงเรียน เช่น เรื่องภาษาเกาหลีและความสัมพันธ์กับเพื่อน ข้อ ② เป็นหน้าที่ของพ่อแม่ ส่วนข้อ ③ เป็นหน้าที่ของโรงเรียนและรัฐบาล จึงต้องแยกเขียนไม่ให้ปะปนกัน ข้อ ④ ควรปิดท้ายอย่างสดใส เช่น เด็กจะเติบโตเป็นคนที่รู้ทั้งภาษาและวัฒนธรรมของสองประเทศ"",""model_th"":""เด็กจากครอบครัวพหุวัฒนธรรมยังใช้ภาษาเกาหลีไม่คล่อง จึงเรียนตามไม่ทันและบางครั้งก็เจ็บใจเพราะเข้ากับเพื่อนไม่ได้ พ่อแม่ต้องพูดคุยกับลูกบ่อย ๆ ที่บ้าน ช่วยดูการบ้านด้วยกัน และเข้าร่วมกิจกรรมของโรงเรียนโดยไม่ขาด โรงเรียนต้องจัดชั้นเรียนภาษาเกาหลีและมีครูให้คำปรึกษา รัฐบาลต้องสนับสนุนล่ามและค่าเล่าเรียน พร้อมทั้งสอนไม่ให้เลือกปฏิบัติต่อกัน เมื่อความพยายามเหล่านี้มารวมกัน เด็ก ๆ ก็จะเติบโตเป็นคนที่รู้ทั้งภาษาและวัฒนธรรมของสองประเทศ"",""parts"":[{""label"":""학교에서 겪는 어려움"",""anyOf"":[""한국어가서툴"",""말이서툴"",""수업을따라가"",""학습이뒤"",""친구들과어울리"",""따돌림"",""놀림"",""말이통하지"",""자신감이없"",""학교생활이힘"",""마음을다치"",""적응하기어"",""숙제를이해"",""외롭"",""준비물을몰라""]},{""label"":""부모가 집에서 할 일"",""anyOf"":[""부모는집에서"",""부모가집에서"",""집에서아이"",""자주이야기"",""대화를많이"",""숙제를함께"",""책을읽어"",""학교행사"",""관심을가지고"",""칭찬해"",""기죽지않도록"",""선생님과연락"",""알림장을"",""고향의말도"",""함께공부하""]},{""label"":""학교와 정부의 몫"",""anyOf"":[""한국어학급"",""한국어교실"",""방과후"",""상담교사"",""이중언어"",""통역"",""교육비"",""지원하며"",""지원해야"",""다문화교육"",""차별하지않도록"",""인권교육"",""학교는"",""정부는"",""제도를마련""]},{""label"":""함께할 때 아이들의 성장"",""anyOf"":[""노력이모이면"",""두나라의말"",""두나라문화"",""당당하게"",""자신있게"",""자랄수있"",""꿈을키"",""인재로"",""다리역할"",""가교"",""밝게자"",""잘어울려지"",""학교생활을즐겁"",""차별없이자""]}]}"
"wr43","작문","writing","nat","1975","{""id"":""wr43"",""category"":""작문"",""type"":""writing"",""q"":""다음 주제로 200자 이내로 글을 쓰세요: 한국에 처음 오는 사람에게 해 주고 싶은 말<br>① 한국에 처음 왔을 때 가장 당황했던 일은 무엇이었는지<br>② 한국에 오기 전에 미리 준비하면 좋은 것은 무엇인지<br>③ 어려울 때 도움을 받을 수 있는 곳은 어디인지<br>④ 마지막으로 꼭 전하고 싶은 말은 무엇인지"",""q_zh"":""请以下面的主题写一篇200字以内的短文：想对初次来韩国的人说的话<br>① 刚到韩国时最让你手足无措的事情是什么<br>② 来韩国之前提前准备好什么比较好<br>③ 遇到困难时可以在哪里得到帮助<br>④ 最后最想传达的话是什么"",""guide"":""읽는 사람이 정해져 있는 글입니다. 내 경험(①)에서 시작해 조언(②③)으로 넘어가고 ④로 맺으면 자연스럽습니다. ③은 '도와주는 곳이 많습니다'로 끝내지 말고 센터나 상담 전화처럼 찾아갈 곳의 이름을 밝히세요. 상대에게 권하는 내용이지만 문장의 끝은 '-습니다' 체로 씁니다."",""guide_zh"":""这是一篇有明确读者的文章。从自己的经历（①）写起，转入建议（②③），最后用④收尾，读起来最自然。③不要只写\""能帮忙的地方很多\""，要写出中心或咨询热线这类可以实际找上门的机构名称。内容虽然是对对方的劝告，但句子结尾要统一用敬语体（-습니다体）。"",""model"":""한국에 처음 왔을 때 저는 말이 잘 통하지 않아 은행이나 관공서에서 몹시 당황했습니다. 그래서 오기 전에 간단한 인사말과 숫자를 익히고 필요한 서류를 미리 챙기라고 말해 주고 싶습니다. 또 혼자 걱정하지 말고 가까운 다문화가족지원센터나 외국인주민지원센터를 찾아가면 통역과 상담을 받을 수 있습니다. 마지막으로 조금 서툴러도 먼저 인사하고 물어보면 길이 열리니 용기를 내시라고 전하고 싶습니다."",""model_zh"":""刚来韩国的时候，我因为语言不通，在银行或政府机关里非常慌张。所以我想告诉大家，来之前先学会简单的问候语和数字，并提前准备好需要的材料。另外，不要一个人发愁，去附近的多文化家庭支援中心或外国人居民支援中心，就能得到翻译和咨询的帮助。最后我想说，即使说得不熟练，只要先打招呼、主动询问，路就会打开，所以请拿出勇气来。"",""q_vi"":""Hãy viết một bài văn trong vòng 200 chữ với chủ đề sau: Điều tôi muốn nói với người lần đầu đến Hàn Quốc<br>① Việc gì khiến bạn bối rối nhất khi mới đến Hàn Quốc<br>② Nên chuẩn bị trước những gì trước khi sang Hàn Quốc<br>③ Có thể nhận được sự giúp đỡ ở đâu khi gặp khó khăn<br>④ Cuối cùng, điều bạn nhất định muốn nhắn gửi là gì"",""guide_vi"":""Đây là bài viết có người đọc cụ thể. Bắt đầu từ trải nghiệm của bản thân (①), chuyển sang lời khuyên (②③) rồi kết lại bằng ④ thì mạch văn sẽ tự nhiên. Ở ③ đừng chỉ viết \""có nhiều nơi giúp đỡ\"", hãy nêu tên nơi có thể tìm đến như trung tâm hỗ trợ hay tổng đài tư vấn. Nội dung là lời khuyên dành cho người khác, nhưng phần kết câu vẫn viết ở thể kính ngữ (-습니다)."",""model_vi"":""Khi mới đến Hàn Quốc, tôi rất bối rối ở ngân hàng hay cơ quan hành chính vì ngôn ngữ không thông. Vì vậy tôi muốn nói rằng trước khi sang hãy học vài câu chào hỏi đơn giản cùng các con số và chuẩn bị sẵn giấy tờ cần thiết. Ngoài ra, đừng một mình lo lắng, hãy tìm đến Trung tâm hỗ trợ gia đình đa văn hóa hoặc Trung tâm hỗ trợ cư dân nước ngoài ở gần để được phiên dịch và tư vấn. Cuối cùng, tôi muốn nhắn rằng dù còn vụng về, chỉ cần chào hỏi trước và mạnh dạn hỏi thì đường sẽ mở ra, nên hãy can đảm lên."",""q_th"":""จงเขียนเรียงความความยาวไม่เกิน 200 ตัวอักษรในหัวข้อต่อไปนี้: สิ่งที่อยากบอกกับคนที่เพิ่งมาเกาหลีเป็นครั้งแรก<br>① เรื่องใดที่ทำให้คุณตกใจสับสนมากที่สุดเมื่อมาเกาหลีครั้งแรก<br>② สิ่งใดที่ควรเตรียมไว้ล่วงหน้าก่อนจะมาเกาหลี<br>③ สามารถขอความช่วยเหลือได้จากที่ใดเมื่อประสบความยากลำบาก<br>④ สุดท้ายนี้ สิ่งที่อยากบอกให้ได้คืออะไร"",""guide_th"":""นี่คือเรียงความที่มีผู้อ่านชัดเจน เริ่มจากประสบการณ์ของตนเอง (①) แล้วเปลี่ยนไปสู่คำแนะนำ (②③) และปิดท้ายด้วย ④ จะทำให้เนื้อความลื่นไหล ในข้อ ③ อย่าเขียนแค่ว่า \""มีที่ช่วยเหลืออยู่มากมาย\"" แต่ให้ระบุชื่อสถานที่ที่ไปหาได้จริง เช่น ศูนย์ช่วยเหลือหรือสายด่วนให้คำปรึกษา แม้เนื้อหาจะเป็นคำแนะนำต่อผู้อื่น แต่ท้ายประโยคยังคงใช้รูปสุภาพ (-습니다)"",""model_th"":""ตอนที่มาเกาหลีครั้งแรก ฉันสื่อสารได้ไม่ดี จึงตกใจสับสนอย่างมากเมื่อไปธนาคารหรือหน่วยงานราชการ ดังนั้นฉันจึงอยากบอกว่า ก่อนจะมาควรหัดคำทักทายง่าย ๆ กับตัวเลขไว้ และเตรียมเอกสารที่จำเป็นไว้ล่วงหน้า อีกอย่างหนึ่ง อย่ากังวลอยู่คนเดียว ถ้าไปที่ศูนย์สนับสนุนครอบครัวพหุวัฒนธรรมหรือศูนย์สนับสนุนผู้พำนักชาวต่างชาติที่อยู่ใกล้ ๆ ก็จะได้รับล่ามและคำปรึกษา สุดท้ายนี้ฉันอยากบอกว่า แม้จะยังไม่คล่อง แต่ถ้าทักทายก่อนและกล้าถาม ทางก็จะเปิดออก ขอให้มีความกล้าเข้าไว้"",""parts"":[{""label"":""처음에 당황했던 일"",""anyOf"":[""처음 왔을 때"",""처음에는"",""처음 한국에"",""당황"",""낯설"",""통하지"",""한국어를 몰라"",""글자를 몰라"",""관공서"",""은행이나"",""지하철 노선"",""길을 잃"",""막막"",""음식이 맵"",""무엇부터""]},{""label"":""미리 준비하면 좋은 것"",""anyOf"":[""미리"",""준비하"",""챙기"",""익히고"",""인사말"",""기초 한국어"",""한글을 배우"",""번역 앱"",""여권"",""비자"",""서류를"",""약을"",""겨울옷"",""돈을 조금"",""익히고 오""]},{""label"":""도움받을 수 있는 곳"",""anyOf"":[""센터"",""출입국"",""주민센터"",""시청"",""상담"",""통역"",""도움을 받"",""문의"",""전화하"",""안내를 받"",""한국어 교실"",""사회통합프로그램"",""도서관"",""선배"",""이웃에게 물""]},{""label"":""마지막으로 전하는 말"",""anyOf"":[""마지막으로"",""전하고 싶"",""용기"",""포기하지"",""힘내"",""응원"",""먼저 인사"",""천천히"",""서툴러도"",""부끄러워하지"",""두려워하지"",""물어보면"",""길이 열리"",""잘 지내시"",""행복하게 지내""]}]}"
"wr44","작문","writing","nat","1976","{""id"":""wr44"",""category"":""작문"",""type"":""writing"",""q"":""다음 주제로 200자 이내로 글을 쓰세요: 도시 생활과 시골 생활, 내가 살고 싶은 곳<br>① 도시 생활의 좋은 점과 불편한 점은 무엇인지<br>② 시골 생활의 좋은 점과 불편한 점은 무엇인지<br>③ 두 곳 가운데 어디에서 살고 싶고 그 까닭은 무엇인지<br>④ 그곳에서 어떻게 살아가고 싶은지"",""q_zh"":""请以下面的主题写一篇200字以内的短文：城市生活和乡村生活，我想居住的地方<br>① 城市生活的优点和不便之处是什么<br>② 乡村生活的优点和不便之处是什么<br>③ 两者当中你想住在哪里，理由是什么<br>④ 你想在那里过怎样的生活"",""guide"":""①과 ②는 좋은 점과 불편한 점을 한 문장 안에 짝지어 쓰면 짧게 정리됩니다. ③에서는 반드시 한 곳을 분명히 고르고 까닭을 대야 하며, 두 곳 다 좋다고만 쓰면 답이 되지 않습니다. ①②에 각각 한 문장, ③에 한두 문장, ④에 한 문장이면 200자에 맞고 '-습니다' 체로 씁니다."",""guide_zh"":""①和②把优点和不便之处放在一个句子里成对来写，就能写得简短。③必须明确选出一个地方并说明理由，只写“两个地方都好”就等于没有回答。①②各一句，③一到两句，④一句，字数正好在200字以内，并要用敬语体（-습니다体）书写。"",""model"":""도시 생활은 지하철과 상점이 가까워 편리하고 일자리가 많지만 집값이 비싸고 사람이 많아 복잡합니다. 시골 생활은 공기가 맑고 조용해서 마음이 편하지만 버스가 자주 오지 않고 큰 병원이 멀어 불편합니다. 저는 두 곳 가운데 도시를 골랐습니다. 아이가 다닐 학교와 제가 일할 곳이 가까이 있기 때문입니다. 앞으로 일하면서 이웃과 인사를 나누고 주말에는 가까운 산을 찾으며 지내고 싶습니다."",""model_zh"":""城市生活离地铁和商店都近，很方便，工作机会也多，但是房价贵、人多，很拥挤。乡村生活空气清新又安静，让人心里舒服，但是公交车班次少，大医院也远，很不方便。在这两个地方当中，我选择了城市。因为孩子要上的学校和我工作的地方都在附近。今后我想一边工作，一边和邻居互相问候，周末去附近的山上走走，就这样生活下去。"",""q_vi"":""Hãy viết một bài văn trong vòng 200 chữ với chủ đề sau: Cuộc sống thành thị và cuộc sống nông thôn, nơi tôi muốn sống<br>① Ưu điểm và điểm bất tiện của cuộc sống thành thị là gì<br>② Ưu điểm và điểm bất tiện của cuộc sống nông thôn là gì<br>③ Trong hai nơi đó bạn muốn sống ở đâu và vì lý do gì<br>④ Bạn muốn sống như thế nào ở nơi đó"",""guide_vi"":""Ở ① và ②, hãy ghép ưu điểm và điểm bất tiện vào cùng một câu thì sẽ gọn. Ở ③ nhất định phải chọn rõ một nơi và nêu lý do; nếu chỉ viết \""cả hai nơi đều tốt\"" thì chưa phải là câu trả lời. Phân bổ ① và ② mỗi phần một câu, ③ một đến hai câu, ④ một câu là vừa 200 chữ, và viết ở thể kính ngữ (-습니다)."",""model_vi"":""Cuộc sống thành thị tiện lợi vì tàu điện ngầm và cửa hàng đều ở gần, việc làm cũng nhiều, nhưng giá nhà đắt và đông người nên rất chật chội, ồn ào. Cuộc sống nông thôn có không khí trong lành và yên tĩnh nên lòng thấy thư thái, nhưng xe buýt không chạy thường xuyên và bệnh viện lớn ở xa nên bất tiện. Trong hai nơi đó, tôi đã chọn thành phố. Bởi vì trường học của con tôi và nơi tôi làm việc đều ở gần. Sắp tới tôi muốn vừa đi làm, vừa chào hỏi hàng xóm, và cuối tuần thì lên ngọn núi gần nhà."",""q_th"":""จงเขียนเรียงความความยาวไม่เกิน 200 ตัวอักษรในหัวข้อต่อไปนี้: ชีวิตในเมืองกับชีวิตในชนบท ที่ที่ฉันอยากอยู่<br>① ข้อดีและข้อไม่สะดวกของชีวิตในเมืองคืออะไร<br>② ข้อดีและข้อไม่สะดวกของชีวิตในชนบทคืออะไร<br>③ ในสองที่นี้คุณอยากอยู่ที่ไหนและด้วยเหตุผลใด<br>④ คุณอยากใช้ชีวิตที่นั่นอย่างไร"",""guide_th"":""ในข้อ ① และ ② ให้จับคู่ข้อดีกับข้อไม่สะดวกไว้ในประโยคเดียวกัน จะสรุปได้กระชับ ในข้อ ③ ต้องเลือกที่ใดที่หนึ่งให้ชัดเจนพร้อมบอกเหตุผล ถ้าเขียนเพียงว่า \""ดีทั้งสองที่\"" จะยังไม่ถือเป็นคำตอบ แบ่งให้ ① และ ② อย่างละหนึ่งประโยค ③ หนึ่งถึงสองประโยค และ ④ หนึ่งประโยค จะพอดี 200 ตัวอักษร และเขียนด้วยรูปสุภาพ (-습니다)"",""model_th"":""ชีวิตในเมืองสะดวกเพราะรถไฟใต้ดินและร้านค้าอยู่ใกล้ อีกทั้งมีงานให้ทำมาก แต่ราคาบ้านแพงและผู้คนเยอะจึงวุ่นวาย ชีวิตในชนบทมีอากาศบริสุทธิ์และเงียบสงบทำให้สบายใจ แต่รถประจำทางไม่ค่อยมาและโรงพยาบาลใหญ่อยู่ไกลจึงไม่สะดวก ในสองที่นี้ ฉันเลือกเมือง เพราะโรงเรียนที่ลูกจะไปเรียนและที่ทำงานของฉันอยู่ใกล้กัน ต่อไปฉันอยากทำงานไปด้วย ทักทายเพื่อนบ้านไปด้วย และวันหยุดสุดสัปดาห์ก็ไปเดินภูเขาที่อยู่ใกล้ ๆ"",""parts"":[{""label"":""도시 생활의 장단점"",""anyOf"":[""도시 생활"",""도시에서는"",""도시에는"",""도시는"",""지하철"",""백화점"",""학원"",""상점이 가까"",""교통이 편리"",""집값"",""복잡"",""시끄"",""공기가 나쁘"",""일자리가 많"",""병원이 가까"",""문화 시설""]},{""label"":""시골 생활의 장단점"",""anyOf"":[""시골 생활"",""시골에서는"",""시골에는"",""시골은"",""농촌"",""공기가 맑"",""자연"",""조용"",""마당"",""텃밭"",""농사"",""인심"",""버스가 자주"",""병원이 멀"",""일자리가 적"",""한적""]},{""label"":""내가 고른 곳과 까닭"",""anyOf"":[""골랐"",""고르겠"",""선택"",""택했"",""정했"",""결정"",""살기로"",""이유는"",""까닭은"",""저는 도시"",""저는 시골"",""저에게 더"",""더 잘 맞"",""고민 끝에"",""마음에 듭"",""살고 싶은 곳""]},{""label"":""그곳에서 살고 싶은 모습"",""anyOf"":[""앞으로"",""일하면서"",""이웃과 인사"",""주말에는"",""취미"",""친구를 사귀"",""정착"",""오래 살"",""행복하게 살"",""열심히 살"",""가꾸고 싶"",""지내고 싶"",""만들어 가"",""아이를 키우"",""봉사하며""]}]}"
"wr45","작문","writing","nat","1977","{""id"":""wr45"",""category"":""작문"",""type"":""writing"",""q"":""다음 주제로 200자 이내로 글을 쓰세요: 한국에 온 뒤 달라진 나의 생활<br>① 한국에 오기 전에는 어떻게 지냈는지<br>② 처음 왔을 때 힘들었던 점은 무엇이었는지<br>③ 지금의 생활은 어떻게 달라졌는지<br>④ 앞으로 어떤 모습으로 살아가고 싶은지"",""q_zh"":""请以下面的主题写一篇200字以内的短文：来韩国以后改变了的我的生活<br>① 来韩国之前你过着怎样的生活<br>② 刚来的时候感到辛苦的是什么<br>③ 现在的生活发生了怎样的变化<br>④ 今后想以怎样的面貌生活下去"",""guide"":""'오기 전에는 - 처음에는 - 지금은 - 앞으로는'처럼 시간을 나타내는 말을 문장 앞에 두면 네 부분이 또렷하게 나뉩니다. ②와 ③은 같은 일을 놓고 견주어 쓰면 달라진 점이 잘 드러납니다. ①②에 각각 한 문장, ③에 두 문장, ④에 한 문장을 배분하고 '-습니다' 체로 씁니다."",""guide_zh"":""把\""来之前 — 刚开始 — 现在 — 今后\""这类表示时间的词放在句首，四个部分就会分得很清楚。②和③围绕同一件事来对比着写，变化就会显得很明显。①②各一句，③两句，④一句，并用敬语体（-습니다体）书写。"",""model"":""한국에 오기 전에 저는 고향에서 부모님과 함께 지내며 익숙한 일을 했습니다. 처음 왔을 때에는 말이 잘 통하지 않고 음식도 입에 맞지 않아 몹시 외로웠습니다. 하지만 한국어 수업을 꾸준히 들으면서 지금은 혼자서도 은행이나 병원 일을 볼 수 있게 되었습니다. 이웃과 인사를 나누고 함께 일하는 동료도 생겼습니다. 앞으로는 배운 것을 살려 저처럼 늦게 온 사람들을 돕고 싶습니다."",""model_zh"":""来韩国之前，我在故乡和父母一起生活，做着熟悉的工作。刚来的时候，语言不太通，饭菜也不合口味，我感到非常孤单。但是随着我坚持上韩语课，现在我一个人也能去银行或医院办事了。我和邻居互相问候，也有了一起工作的同事。今后我想运用学到的东西，去帮助像我一样后来的人。"",""q_vi"":""Hãy viết một bài văn trong vòng 200 chữ với chủ đề sau: Cuộc sống của tôi đã thay đổi sau khi đến Hàn Quốc<br>① Trước khi sang Hàn Quốc bạn đã sống như thế nào<br>② Điều gì là vất vả khi bạn mới đến<br>③ Cuộc sống hiện nay đã thay đổi ra sao<br>④ Sắp tới bạn muốn sống với hình ảnh như thế nào"",""guide_vi"":""Đặt các từ chỉ thời gian như \""trước khi sang — lúc đầu — bây giờ — sắp tới\"" ở đầu câu thì bốn phần sẽ được chia rất rõ. Ở ② và ③, hãy lấy cùng một việc để đối chiếu thì điểm thay đổi sẽ hiện lên rõ nét. Phân bổ ① và ② mỗi phần một câu, ③ hai câu, ④ một câu, và viết ở thể kính ngữ (-습니다)."",""model_vi"":""Trước khi đến Hàn Quốc, tôi sống cùng cha mẹ ở quê nhà và làm công việc quen thuộc. Lúc mới sang, tiếng nói không thông và món ăn cũng không hợp khẩu vị nên tôi rất cô đơn. Nhưng nhờ kiên trì học các lớp tiếng Hàn, bây giờ tôi có thể tự mình đi làm việc ở ngân hàng hay bệnh viện. Tôi chào hỏi hàng xóm và cũng đã có những đồng nghiệp cùng làm việc. Sắp tới, tôi muốn vận dụng những gì đã học để giúp đỡ những người sang sau như tôi."",""q_th"":""จงเขียนเรียงความความยาวไม่เกิน 200 ตัวอักษรในหัวข้อต่อไปนี้: ชีวิตของฉันที่เปลี่ยนไปหลังจากมาเกาหลี<br>① ก่อนจะมาเกาหลีคุณใช้ชีวิตอย่างไร<br>② ตอนที่เพิ่งมาถึง สิ่งใดที่ลำบากสำหรับคุณ<br>③ ชีวิตในตอนนี้เปลี่ยนไปอย่างไร<br>④ ต่อไปคุณอยากใช้ชีวิตในแบบใด"",""guide_th"":""หากวางคำบอกเวลาอย่าง \""ก่อนจะมา — ตอนแรก — ตอนนี้ — ต่อไป\"" ไว้ต้นประโยค ทั้งสี่ส่วนจะแยกออกจากกันอย่างชัดเจน ในข้อ ② และ ③ ให้หยิบเรื่องเดียวกันมาเทียบกัน จุดที่เปลี่ยนไปจะเห็นเด่นชัด แบ่งให้ ① และ ② อย่างละหนึ่งประโยค ③ สองประโยค และ ④ หนึ่งประโยค แล้วเขียนด้วยรูปสุภาพ (-습니다)"",""model_th"":""ก่อนมาเกาหลี ฉันอยู่ที่บ้านเกิดกับพ่อแม่และทำงานที่คุ้นเคย ตอนที่เพิ่งมาถึง ภาษาก็สื่อสารไม่ค่อยได้ อาหารก็ไม่ถูกปาก ฉันจึงเหงามาก แต่พอได้เรียนภาษาเกาหลีอย่างสม่ำเสมอ ตอนนี้ฉันไปธนาคารหรือโรงพยาบาลด้วยตัวคนเดียวได้แล้ว ฉันได้ทักทายเพื่อนบ้าน และมีเพื่อนร่วมงานที่ทำงานด้วยกันแล้วด้วย ต่อไปฉันอยากนำสิ่งที่ได้เรียนมาไปช่วยเหลือคนที่มาทีหลังเหมือนอย่างฉัน"",""parts"":[{""label"":""한국에 오기 전의 생활"",""anyOf"":[""오기 전"",""고향에서"",""예전에는"",""고향에 있을 때"",""모국에서"",""부모님과 함께 지내"",""학교를 다녔"",""농사를 지"",""가족과 살았"",""가족과 지냈"",""한국을 몰랐"",""오기 전까지"",""떠나기 전"",""익숙한 일""]},{""label"":""처음에 힘들었던 점"",""anyOf"":[""처음 왔을 때"",""처음에는"",""처음 한국에"",""통하지"",""말을 몰라"",""의사소통"",""외로"",""그리웠"",""입에 맞지"",""낯설"",""울기도"",""무서웠"",""막막"",""적응이 안"",""힘들었""]},{""label"":""지금 달라진 모습"",""anyOf"":[""지금은"",""이제는"",""지금 저는"",""익숙해"",""혼자서도"",""친구가 생겼"",""동료도"",""직장을 다니"",""일자리를 얻"",""자신 있게"",""여유"",""많이 늘"",""달라졌"",""편해졌"",""이웃과 인사""]},{""label"":""앞으로 바라는 모습"",""anyOf"":[""앞으로"",""바랍니다"",""되고 싶"",""살아가고 싶"",""돕고 싶"",""봉사"",""국민으로"",""아이에게"",""더 배우"",""계획"",""꿈을 이루"",""꿈을 키"",""이루고 싶"",""노력하겠"",""보답하고 싶"",""가르쳐 주고 싶""]}]}"
"g1168","작문","writing","nat","2046","{""id"":""g1168"",""category"":""작문"",""type"":""writing"",""q"":""다음 주제로 200자 이내로 글을 쓰세요: 내가 좋아하는 영화<br>① 좋아하는 영화의 제목은 무엇인가?<br>② 그 영화의 줄거리는 어떠한가?<br>③ 그 영화를 좋아하는 이유는 무엇인가?"",""q_zh"":""请以下面的主题写一篇200字以内的短文：我喜欢的电影<br>① 你喜欢的电影叫什么名字？<br>② 那部电影的剧情是怎样的？<br>③ 你喜欢那部电影的理由是什么？"",""q_vi"":""Hãy viết một bài văn trong vòng 200 chữ với chủ đề sau: Bộ phim tôi yêu thích<br>① Tên bộ phim bạn yêu thích là gì?<br>② Nội dung của bộ phim đó như thế nào?<br>③ Lý do bạn yêu thích bộ phim đó là gì?"",""q_th"":""จงเขียนเรียงความความยาวไม่เกิน 200 ตัวอักษรในหัวข้อต่อไปนี้: ภาพยนตร์ที่ฉันชอบ<br>① ภาพยนตร์ที่คุณชอบมีชื่อว่าอะไร<br>② เนื้อเรื่องของภาพยนตร์เรื่องนั้นเป็นอย่างไร<br>③ เหตุผลที่คุณชอบภาพยนตร์เรื่องนั้นคืออะไร"",""guide"":""세 갈래를 따로 떼지 말고 한 편의 글로 이어 쓰세요. ①에 한 문장, ②에 한두 문장, ③에 두 문장을 배분하면 200자에 알맞습니다. 줄거리는 길게 늘어놓지 말고 '누가 무엇을 하는 이야기인지'만 짧게 적고, 좋아하는 이유에 힘을 실으세요. 전체를 '-습니다' 체로 씁니다."",""guide_zh"":""不要把三个部分分开，要连成一篇完整的短文。①写一句，②写一两句，③写两句，这样正好200字左右。剧情不要写得太长，只要简短写清\""讲的是谁做什么的故事\""，把重点放在喜欢的理由上。全文用敬语体（-습니다体）书写。"",""guide_vi"":""Đừng tách rời ba ý, hãy nối chúng thành một bài văn liền mạch. Dành một câu cho ①, một hai câu cho ②, hai câu cho ③ thì vừa đủ 200 chữ. Đừng kể lể dài dòng nội dung phim, chỉ viết ngắn gọn \""là câu chuyện về ai làm gì\"", và dồn sức vào lý do yêu thích. Viết toàn bài bằng văn phong lịch sự '-습니다'."",""guide_th"":""อย่าแยกทั้งสามประเด็นออกจากกัน ให้เขียนต่อเนื่องเป็นเรียงความชิ้นเดียว แบ่งให้ ① หนึ่งประโยค ② หนึ่งถึงสองประโยค และ ③ สองประโยค จะพอดี 200 ตัวอักษร อย่าเล่าเนื้อเรื่องยืดยาว ให้เขียนสั้น ๆ เพียงว่า \""เป็นเรื่องของใครทำอะไร\"" แล้วเน้นน้ำหนักไปที่เหตุผลที่ชอบ เขียนทั้งบทด้วยรูปสุภาพ '-습니다'"",""model"":""제가 가장 좋아하는 영화의 제목은 '집으로'입니다. 이 영화는 도시에서 자란 아이가 시골 할머니 댁에서 여름을 보내는 이야기입니다. 주인공은 처음에 할머니를 답답하게 여기지만 함께 지내면서 차츰 마음을 엽니다. 제가 이 영화를 좋아하는 이유는 말이 없어도 통하는 가족의 사랑을 잘 보여 주었기 때문입니다. 마음이 지칠 때 이 영화를 다시 보면 큰 위로를 받고 고향 생각도 납니다."",""model_zh"":""我最喜欢的电影名叫《回家》。这部电影讲的是在城市长大的孩子到乡下奶奶家过一个夏天的故事。主人公起初觉得奶奶很闷，但相处久了心也慢慢打开了。我喜欢这部电影的理由是，它把不用言语也能相通的家人之爱表现得很好。心里疲惫的时候重看这部电影，我会得到很大的安慰，也会想起故乡。"",""model_vi"":""Bộ phim tôi yêu thích nhất có tên là 'Jibeuro' (Về nhà). Bộ phim kể về một đứa trẻ lớn lên ở thành phố đến nhà bà ở quê và trải qua một mùa hè ở đó. Ban đầu nhân vật chính thấy bà thật ngột ngạt, nhưng khi sống cùng nhau thì dần dần mở lòng. Lý do tôi yêu thích bộ phim này là vì nó thể hiện rất hay tình yêu thương gia đình, thứ tình cảm dù không nói ra vẫn hiểu được nhau. Những lúc trong lòng mệt mỏi, xem lại bộ phim này tôi được an ủi rất nhiều và cũng nhớ về quê hương."",""model_th"":""ภาพยนตร์ที่ฉันชอบที่สุดมีชื่อว่า 'ชีบือโร' (กลับบ้าน) ภาพยนตร์เรื่องนี้เป็นเรื่องของเด็กที่เติบโตในเมืองไปใช้เวลาช่วงฤดูร้อนที่บ้านคุณยายในชนบท ตอนแรกตัวเอกรู้สึกอึดอัดกับคุณยาย แต่เมื่อได้อยู่ด้วยกันก็ค่อย ๆ เปิดใจ เหตุผลที่ฉันชอบภาพยนตร์เรื่องนี้คือ มันถ่ายทอดความรักของครอบครัวที่เข้าใจกันได้แม้ไม่ต้องเอ่ยออกมาได้ดีมาก เวลาที่จิตใจเหนื่อยล้า พอได้ดูภาพยนตร์เรื่องนี้อีกครั้งฉันก็ได้รับการปลอบใจอย่างมากและคิดถึงบ้านเกิดด้วย"",""parts"":[{""label"":""좋아하는 영화의 제목"",""anyOf"":[""영화의 제목"",""제목은"",""제목이"",""제목입니다"",""라는 영화"",""이라는 영화"",""영화 제목"",""영화의 이름"",""제목을"",""라는 작품"",""제목부터"",""라고 하는 영화"",""제목의 영화"",""영화는 제목""]},{""label"":""그 영화의 줄거리"",""anyOf"":[""줄거리는"",""줄거리를"",""이야기입니다"",""이야기를 담"",""내용은"",""주인공은"",""주인공이"",""그린 영화"",""장면이"",""다루고 있"",""담고 있는 영화"",""이야기가 펼쳐"",""이야기로 시작"",""결말에서""]},{""label"":""그 영화를 좋아하는 이유"",""anyOf"":[""좋아하는 이유"",""이유는"",""때문입니다"",""감동을 받"",""위로를 받"",""용기를 얻"",""마음에 들"",""힘을 얻"",""눈물이 났"",""여러 번 보"",""다시 보게"",""가슴이 뭉클"",""보고 나면"",""오래 남아""]}]}"
"wr46","작문","writing","nat","2611","{""id"":""wr46"",""category"":""작문"",""type"":""writing"",""q"":""다음 주제로 200자 이내로 글을 쓰세요: 소비자 권리와 피해를 입었을 때 하는 일<br>① 소비자에게 어떤 권리가 있는지<br>② 어떤 소비자 피해를 겪거나 보았는지<br>③ 피해를 입었을 때 어떻게 하는지<br>④ 앞으로 피해를 줄이기 위해 어떻게 할지"",""q_zh"":""请以下面的主题写一篇200字以内的短文：消费者权利和遭受损害时的做法<br>① 消费者拥有哪些权利<br>② 经历过或见过什么样的消费者受害情况<br>③ 遭受损害时怎么处理<br>④ 今后为了减少损害打算怎么做"",""q_vi"":""Hãy viết một bài văn trong vòng 200 chữ với chủ đề sau: Quyền của người tiêu dùng và việc cần làm khi bị thiệt hại<br>① Người tiêu dùng có những quyền gì<br>② Bạn đã trải qua hoặc từng thấy thiệt hại tiêu dùng nào<br>③ Khi bị thiệt hại thì làm thế nào<br>④ Sắp tới bạn sẽ làm gì để giảm thiệt hại"",""q_th"":""จงเขียนเรียงความในหัวข้อต่อไปนี้ ภายใน 200 ตัวอักษร: สิทธิของผู้บริโภคและสิ่งที่ทำเมื่อได้รับความเสียหาย<br>① ผู้บริโภคมีสิทธิอะไรบ้าง<br>② เคยประสบหรือเคยเห็นความเสียหายของผู้บริโภคแบบใด<br>③ เมื่อได้รับความเสียหายทำอย่างไร<br>④ ต่อไปจะทำอย่างไรเพื่อลดความเสียหาย"",""guide"":""①은 한두 문장으로 짧게 쓰고 ②와 ③에 힘을 주세요. ②는 피해를 봤다로 끝내지 말고 인터넷 쇼핑, 사진과 다른 색깔처럼 무슨 일이 있었는지 쓰고, ③은 판매자에게 환불을 요구했는지 1372 소비자상담센터에 신고했는지 순서대로 쓰세요. ④는 후기 확인, 영수증 보관처럼 앞으로 할 일로 맺으면 자연스럽습니다."",""guide_zh"":""①用一两句话简短写完，把重点放在②和③。②不要只写\""受到了损害\""，要写清楚发生了什么，比如网购、颜色和照片不一样；③要按顺序写是先向卖家要求退款，还是向1372消费者咨询中心举报。④用\""看评价、保管收据\""这类今后要做的事收尾会很自然。"",""guide_vi"":""Viết ① ngắn gọn trong một hai câu, dồn sức vào ② và ③. ② đừng chỉ nói \""tôi bị thiệt hại\"" mà hãy kể chuyện gì đã xảy ra, như mua hàng qua mạng, màu khác với ảnh; ③ hãy viết theo thứ tự: yêu cầu người bán hoàn tiền rồi trình báo Trung tâm tư vấn người tiêu dùng 1372. Kết bài ④ bằng việc sắp tới sẽ làm như đọc đánh giá, giữ hóa đơn thì rất tự nhiên."",""guide_th"":""เขียน ① สั้น ๆ หนึ่งถึงสองประโยค แล้วเน้นที่ ② และ ③ ② อย่าจบแค่ว่าได้รับความเสียหาย แต่ให้เล่าว่าเกิดอะไรขึ้น เช่น ซื้อของทางอินเทอร์เน็ต สีไม่ตรงกับรูป ส่วน ③ ให้เขียนตามลำดับว่าขอคืนเงินจากผู้ขายแล้วแจ้งไปที่ศูนย์ให้คำปรึกษาผู้บริโภค 1372 และปิดท้าย ④ ด้วยสิ่งที่จะทำต่อไป เช่น อ่านรีวิว เก็บใบเสร็จ จะเป็นธรรมชาติมาก"",""model"":""소비자에게는 안전할 권리와 정확한 정보를 알 권리가 있습니다. 저는 인터넷 쇼핑으로 산 옷이 사진과 색깔이 다르고 바느질이 터져 있어서 피해를 본 적이 있습니다. 먼저 판매자에게 사진을 보내 환불을 요구했고, 연락이 되지 않아 1372 소비자상담센터에 신고했습니다. 덕분에 돈을 돌려받았습니다. 앞으로는 물건을 사기 전에 후기를 꼼꼼히 읽고 영수증과 계약서를 잘 보관하겠습니다."",""model_zh"":""消费者拥有获得安全的权利和了解准确信息的权利。我曾经在网上买的衣服颜色和照片不一样，缝线还开了，因此受到了损害。我先给卖家发照片要求退款，联系不上之后就向1372消费者咨询中心举报了。多亏如此，我把钱拿回来了。今后我打算在买东西之前仔细阅读评价，并妥善保管收据和合同。"",""model_vi"":""Người tiêu dùng có quyền được an toàn và quyền được biết thông tin chính xác. Tôi từng bị thiệt hại khi chiếc áo mua qua mạng có màu khác với ảnh và đường chỉ bị bung. Trước tiên tôi gửi ảnh cho người bán và yêu cầu hoàn tiền, khi không liên lạc được thì tôi đã trình báo lên Trung tâm tư vấn người tiêu dùng 1372. Nhờ vậy tôi đã được trả lại tiền. Từ nay trước khi mua đồ, tôi sẽ đọc kỹ đánh giá và giữ gìn hóa đơn cùng hợp đồng thật cẩn thận."",""model_th"":""ผู้บริโภคมีสิทธิที่จะปลอดภัยและสิทธิที่จะรับรู้ข้อมูลที่ถูกต้อง ฉันเคยได้รับความเสียหายจากการซื้อเสื้อผ้าทางอินเทอร์เน็ตที่สีไม่ตรงกับรูปและตะเข็บปริ ฉันส่งรูปให้ผู้ขายก่อนแล้วขอคืนเงิน เมื่อติดต่อไม่ได้จึงแจ้งไปที่ศูนย์ให้คำปรึกษาผู้บริโภค 1372 ด้วยเหตุนี้ฉันจึงได้รับเงินคืน ต่อไปก่อนซื้อของฉันจะอ่านรีวิวอย่างละเอียดและเก็บใบเสร็จกับสัญญาไว้อย่างดี"",""parts"":[{""label"":""소비자에게 있는 권리"",""anyOf"":[""권리"",""안전할"",""알 권리"",""정확한 정보"",""설명을 들을"",""선택할"",""고를 수"",""보호받을"",""보호를 받을"",""법으로"",""의견을 말할"",""존중받을"",""소비자기본법"",""피해를 보상받을"",""교육을 받을""]},{""label"":""겪거나 본 소비자 피해"",""anyOf"":[""인터넷 쇼핑"",""온라인"",""쇼핑몰"",""사진과"",""색깔이 다르"",""광고와 다르"",""불량"",""고장"",""터져"",""배송"",""오지 않"",""가짜"",""속았"",""겪은 적"",""피해를 본 적"",""산 옷""]},{""label"":""피해를 입었을 때 하는 일"",""anyOf"":[""환불"",""교환"",""판매자에게"",""항의"",""신고"",""소비자상담센터"",""1372"",""소비자원"",""상담을 받"",""요구했"",""요구하"",""전화를 걸"",""도움을 요청"",""돌려받"",""고객센터"",""문의했""]},{""label"":""앞으로 피해를 줄이는 방법"",""anyOf"":[""앞으로"",""후기"",""리뷰"",""영수증"",""보관"",""꼼꼼히"",""사기 전에"",""확인하겠"",""비교해"",""조심"",""주의"",""알아보"",""계약서"",""습관"",""살펴보"",""믿을 수 있는""]}]}"
"wr47","작문","writing","nat","2612","{""id"":""wr47"",""category"":""작문"",""type"":""writing"",""q"":""다음 주제로 200자 이내로 글을 쓰세요: 감염병을 예방하기 위해 지킬 일<br>① 감염병이 어떤 병인지<br>② 감염병을 예방하기 위해 평소에 어떻게 하는지<br>③ 그렇게 하면 무엇이 좋은지<br>④ 앞으로 어떻게 실천할지"",""q_zh"":""请以下面的主题写一篇200字以内的文章：为预防传染病应遵守的事项<br>① 传染病是什么样的疾病<br>② 平时怎样做才能预防传染病<br>③ 这样做有什么好处<br>④ 今后打算怎样实践"",""q_vi"":""Hãy viết một bài văn trong vòng 200 chữ theo chủ đề sau: Những điều cần giữ để phòng ngừa bệnh truyền nhiễm<br>① Bệnh truyền nhiễm là bệnh như thế nào<br>② Thường ngày bạn làm gì để phòng ngừa bệnh truyền nhiễm<br>③ Làm như vậy thì có lợi gì<br>④ Sắp tới bạn sẽ thực hiện như thế nào"",""q_th"":""จงเขียนเรียงความในหัวข้อต่อไปนี้ ความยาวไม่เกิน 200 ตัวอักษร: สิ่งที่ต้องปฏิบัติเพื่อป้องกันโรคติดต่อ<br>① โรคติดต่อเป็นโรคแบบใด<br>② ปกติทำอย่างไรเพื่อป้องกันโรคติดต่อ<br>③ การทำเช่นนั้นดีอย่างไร<br>④ ต่อไปจะปฏิบัติอย่างไร"",""guide"":""②가 이 글의 중심입니다. '조심합니다'로 끝내지 말고 비누로 손을 씻는 일, 마스크, 환기, 예방 접종처럼 평소에 하는 일을 두세 가지 구체적으로 쓰세요. ①은 감기나 독감처럼 잘 아는 병을 예로 들면 쉽고, ③은 가족과 이웃의 건강으로 연결하면 자연스럽습니다."",""guide_zh"":""②是本文的重点。不要只写\""我会小心\""，要具体写出平时做的两三件事，比如用肥皂洗手、戴口罩、开窗通风、接种疫苗。①可以举感冒或流感这类熟悉的病作例子；③与家人和邻居的健康联系起来会很自然。"",""guide_vi"":""② là trọng tâm của bài. Đừng chỉ viết \""tôi cẩn thận\"", hãy nêu cụ thể hai ba việc bạn làm hằng ngày như rửa tay bằng xà phòng, đeo khẩu trang, mở cửa sổ cho thoáng khí, tiêm phòng. ① nên lấy ví dụ bệnh quen thuộc như cảm lạnh hay cúm; ③ nối với sức khỏe của gia đình và hàng xóm thì rất tự nhiên."",""guide_th"":""② คือใจความสำคัญของเรียงความนี้ อย่าเขียนเพียงว่า \""จะระวัง\"" แต่ให้ระบุสิ่งที่ทำเป็นประจำสองสามอย่าง เช่น ล้างมือด้วยสบู่ สวมหน้ากากอนามัย เปิดหน้าต่างระบายอากาศ ฉีดวัคซีน ส่วน ① ยกตัวอย่างโรคที่คุ้นเคยอย่างหวัดหรือไข้หวัดใหญ่ก็ง่าย และ ③ เชื่อมกับสุขภาพของครอบครัวและเพื่อนบ้านจะเป็นธรรมชาติ"",""model"":""감염병은 바이러스나 세균이 몸에 들어와 생기는 병이며 사람에게서 사람으로 쉽게 옮습니다. 감기나 독감도 이런 병입니다. 저는 밖에서 돌아오면 비누로 손을 씻고 사람이 많은 곳에서는 마스크를 씁니다. 또 집 안 창문을 자주 열어 환기를 하고 예방 접종도 제때 받습니다. 이렇게 하면 저와 가족은 물론 이웃도 건강하게 지낼 수 있습니다. 앞으로도 이런 습관을 잊지 않고 꾸준히 실천하겠습니다."",""model_zh"":""传染病是病毒或细菌进入身体后引起的疾病，很容易在人与人之间传播。感冒和流感也属于这类疾病。我从外面回来后会用肥皂洗手，在人多的地方戴口罩。另外我常开窗通风，也按时接种疫苗。这样做的话，不仅我和家人，邻居也能健康地生活。今后我也会记住这个习惯，坚持实践下去。"",""model_vi"":""Bệnh truyền nhiễm là bệnh phát sinh khi vi-rút hoặc vi khuẩn xâm nhập vào cơ thể, và rất dễ lây từ người sang người. Cảm lạnh hay cúm cũng thuộc loại bệnh này. Khi về nhà từ bên ngoài, tôi rửa tay bằng xà phòng và đeo khẩu trang ở nơi đông người. Ngoài ra tôi thường mở cửa sổ cho thoáng khí và tiêm phòng đúng hạn. Làm như vậy thì không chỉ tôi và gia đình mà hàng xóm cũng sống khỏe mạnh. Sau này tôi sẽ không quên thói quen này và kiên trì thực hiện."",""model_th"":""โรคติดต่อคือโรคที่เกิดจากไวรัสหรือแบคทีเรียเข้าสู่ร่างกาย และแพร่จากคนสู่คนได้ง่าย หวัดและไข้หวัดใหญ่ก็เป็นโรคประเภทนี้ เมื่อกลับจากข้างนอก ฉันจะล้างมือด้วยสบู่ และสวมหน้ากากอนามัยในที่ที่มีคนมาก นอกจากนี้ยังเปิดหน้าต่างระบายอากาศบ่อย ๆ และไปฉีดวัคซีนตามกำหนด การทำเช่นนี้ทำให้ทั้งฉัน ครอบครัว และเพื่อนบ้านมีสุขภาพดี ต่อไปฉันจะไม่ลืมนิสัยนี้และจะปฏิบัติอย่างสม่ำเสมอ"",""parts"":[{""label"":""감염병이 어떤 병인지"",""anyOf"":[""바이러스"",""세균"",""감기"",""독감"",""코로나"",""전염"",""옮습니다"",""옮는"",""옮기"",""퍼지는"",""퍼집니다"",""걸리는 병"",""기침을 통해"",""침이나"",""공기로"",""유행하는""]},{""label"":""평소에 하는 예방 실천"",""anyOf"":[""손을 씻"",""손 씻기"",""자주 씻"",""비누"",""마스크"",""백신"",""예방 접종"",""예방접종"",""주사를"",""환기"",""창문"",""소독"",""거리 두기"",""기침 예절"",""깨끗이"",""위생""]},{""label"":""그렇게 하면 좋은 점"",""anyOf"":[""건강"",""아프지"",""안심"",""안전하게"",""걱정 없"",""병에 걸리지"",""감염되지"",""퍼지지 않"",""옮지 않"",""좋은 점"",""도움이"",""지킬 수 있"",""예방할 수 있"",""막을 수 있"",""이웃도"",""가족도""]},{""label"":""앞으로의 다짐"",""anyOf"":[""앞으로"",""실천하겠습니다"",""실천할 것입니다"",""실천하려고"",""꾸준히 실천"",""계속 실천"",""지키겠습니다"",""지킬 것입니다"",""노력하겠습니다"",""노력할 것입니다"",""잊지 않"",""생활화"",""더 조심하겠습니다"",""습관을 들이"",""습관으로 만들"",""알려 주겠습니다""]}]}"
"wr48","작문","writing","nat","2613","{""id"":""wr48"",""category"":""작문"",""type"":""writing"",""q"":""다음 주제로 200자 이내로 글을 쓰세요: 일자리를 구하기 위한 준비<br>① 어떤 일자리를 구하고 싶은지<br>② 그 일을 하려면 무엇이 필요한지<br>③ 지금 어떤 방법으로 일자리를 찾고 있는지<br>④ 앞으로 어떻게 더 노력할지"",""q_zh"":""请以下面的主题写一篇200字以内的文章：为找工作所做的准备<br>① 想找什么样的工作<br>② 做这份工作需要具备什么<br>③ 现在用什么方法找工作<br>④ 今后打算怎样更加努力"",""q_vi"":""Hãy viết một bài văn trong vòng 200 chữ với chủ đề sau: Sự chuẩn bị để tìm việc làm<br>① Bạn muốn tìm công việc như thế nào<br>② Để làm công việc đó cần có những gì<br>③ Hiện nay bạn đang tìm việc bằng cách nào<br>④ Sắp tới bạn sẽ nỗ lực thêm như thế nào"",""q_th"":""จงเขียนเรียงความภายใน 200 ตัวอักษรตามหัวข้อต่อไปนี้: การเตรียมตัวเพื่อหางาน<br>① อยากหางานแบบไหน<br>② การทำงานนั้นต้องมีอะไรบ้าง<br>③ ตอนนี้กำลังหางานด้วยวิธีใด<br>④ ต่อไปจะพยายามเพิ่มเติมอย่างไร"",""guide"":""①은 '좋은 일'처럼 막연하게 쓰지 말고 식당, 공장, 회사처럼 구체적인 일터나 직업을 쓰세요. ②는 자격증·한국어 실력처럼 '필요한 것'만, ③은 채용 사이트·이력서·면접처럼 '지금 하고 있는 방법'만 쓰도록 문장을 나누는 것이 중요합니다. ②와 ③을 한 문장에 섞어 쓰면 한쪽을 안 쓴 것으로 보이기 쉽고, ④는 앞으로의 다짐 한 문장으로 맺으면 자연스럽습니다."",""guide_zh"":""①不要笼统地写\""好工作\""，要写出餐厅、工厂、公司这样具体的工作场所或职业。②只写\""需要什么\""（如资格证、韩语能力），③只写\""现在正在用的方法\""（如招聘网站、简历、面试），把它们分成不同的句子很重要。如果把②和③混在一句里，容易被看作漏写了其中一项；④用一句今后的决心收尾最自然。"",""guide_vi"":""Ở ①, đừng viết chung chung là \""việc tốt\"", hãy nêu nơi làm việc hoặc nghề cụ thể như nhà hàng, nhà máy, công ty. Điều quan trọng là tách câu: ② chỉ viết \""những thứ cần có\"" (chứng chỉ, năng lực tiếng Hàn), còn ③ chỉ viết \""cách bạn đang tìm việc\"" (trang tuyển dụng, hồ sơ, phỏng vấn). Nếu trộn ② và ③ trong một câu, dễ bị coi là thiếu một ý; ④ nên kết bằng một câu quyết tâm cho tương lai."",""guide_th"":""ข้อ ① อย่าเขียนกว้าง ๆ ว่า \""งานดี ๆ\"" แต่ให้ระบุสถานที่ทำงานหรืออาชีพให้ชัด เช่น ร้านอาหาร โรงงาน บริษัท สิ่งสำคัญคือแยกประโยค: ② เขียนเฉพาะ \""สิ่งที่ต้องมี\"" เช่น ใบประกาศนียบัตร ความสามารถภาษาเกาหลี ส่วน ③ เขียนเฉพาะ \""วิธีที่กำลังใช้หางานอยู่ตอนนี้\"" เช่น เว็บไซต์รับสมัคร ใบสมัคร การสัมภาษณ์ ถ้ารวม ② กับ ③ ไว้ในประโยคเดียวจะดูเหมือนเขียนขาดไปข้อหนึ่ง และ ④ ควรจบด้วยประโยคแสดงความตั้งใจในอนาคต"",""model"":""저는 한국에서 요리사가 되어 식당에 취직하고 싶습니다. 이 일을 하려면 한국어 실력과 조리 자격증이 필요합니다. 그래서 저는 지금 채용 사이트에서 구인 정보를 찾아보고 이력서를 쓰고 있습니다. 지난주에는 면접도 한 번 보았습니다. 앞으로 자격증 시험에 합격해서 오래 다닐 수 있는 좋은 직장을 얻고 싶습니다. 포기하지 않고 꾸준히 노력하겠습니다."",""model_zh"":""我想在韩国成为厨师，到餐厅工作。要做这份工作，需要韩语能力和烹饪资格证。所以我现在在招聘网站上查找招聘信息，同时在写简历。上周我还去参加了一次面试。今后我想通过资格证考试，找到一份能长久做下去的好工作。我不会放弃，会坚持不懈地努力。"",""model_vi"":""Tôi muốn trở thành đầu bếp và xin việc ở một nhà hàng tại Hàn Quốc. Để làm công việc đó, tôi cần có năng lực tiếng Hàn và chứng chỉ nấu ăn. Vì vậy bây giờ tôi đang tìm thông tin tuyển dụng trên trang web việc làm và viết hồ sơ xin việc. Tuần trước tôi cũng đã đi phỏng vấn một lần. Sắp tới tôi muốn thi đỗ chứng chỉ và tìm được một công việc tốt có thể gắn bó lâu dài. Tôi sẽ không bỏ cuộc và sẽ cố gắng bền bỉ."",""model_th"":""ฉันอยากเป็นพ่อครัวและทำงานที่ร้านอาหารในเกาหลี ถ้าจะทำงานนี้ ต้องมีความสามารถภาษาเกาหลีและใบประกาศนียบัตรด้านการทำอาหาร ตอนนี้ฉันจึงหาข้อมูลรับสมัครงานในเว็บไซต์รับสมัครและกำลังเขียนใบสมัครงาน สัปดาห์ที่แล้วฉันไปสัมภาษณ์มาหนึ่งครั้งด้วย ต่อไปฉันอยากสอบใบประกาศนียบัตรให้ผ่าน แล้วได้งานดี ๆ ที่ทำได้ยาวนาน ฉันจะไม่ยอมแพ้และจะพยายามอย่างสม่ำเสมอ"",""parts"":[{""label"":""구하고 싶은 일자리"",""anyOf"":[""취직하고 싶"",""취업하고 싶"",""에서 일하고 싶"",""되고 싶"",""식당"",""공장"",""회사"",""요리사"",""카페"",""편의점"",""마트"",""병원"",""농장"",""간호"",""미용"",""운전""]},{""label"":""그 일에 필요한 것"",""anyOf"":[""자격"",""면허"",""한국어 실력"",""한국어 능력"",""한국어를 잘"",""한국말"",""토픽"",""경력"",""경험"",""기술"",""컴퓨터"",""건강"",""성실해야"",""배워야"",""공부해야"",""있어야 하""]},{""label"":""지금 일자리를 찾는 방법"",""anyOf"":[""구인"",""구직"",""채용"",""이력서"",""원서"",""지원하"",""면접"",""인터넷"",""사이트"",""광고"",""소개"",""워크넷"",""고용"",""알아보"",""찾아보"",""물어보""]},{""label"":""앞으로의 노력"",""anyOf"":[""앞으로"",""꾸준히"",""포기하지"",""목표"",""더 노력"",""더 열심히"",""노력하겠"",""노력할"",""노력하려고"",""도전"",""성실하게"",""최선을 다하"",""준비하겠"",""공부하겠"",""합격하겠"",""배우겠""]}]}"
"wr49","작문","writing","nat","2614","{""id"":""wr49"",""category"":""작문"",""type"":""writing"",""q"":""다음 주제로 200자 이내로 글을 쓰세요: 인공지능과 디지털 기술이 바꾼 생활<br>① 내가 자주 사용하는 인공지능이나 디지털 기술은 무엇인지<br>② 그 기술을 생활에서 어떻게 사용하는지<br>③ 그 기술 덕분에 생활이 어떻게 달라졌는지<br>④ 앞으로 이런 기술을 어떻게 사용하고 싶은지"",""q_zh"":""请以下面的主题写一篇200字以内的短文：人工智能和数字技术改变的生活<br>① 我经常使用的人工智能或数字技术是什么<br>② 在生活中怎样使用这项技术<br>③ 有了这项技术，生活发生了什么变化<br>④ 今后想怎样使用这类技术"",""q_vi"":""Hãy viết một bài văn trong vòng 200 chữ với chủ đề sau: Cuộc sống thay đổi nhờ trí tuệ nhân tạo và công nghệ số<br>① Trí tuệ nhân tạo hoặc công nghệ số mà tôi thường sử dụng là gì<br>② Tôi sử dụng công nghệ đó trong cuộc sống như thế nào<br>③ Nhờ công nghệ đó cuộc sống đã thay đổi ra sao<br>④ Sau này tôi muốn sử dụng công nghệ như thế này ra sao"",""q_th"":""จงเขียนเรียงความภายใน 200 ตัวอักษรตามหัวข้อต่อไปนี้: ชีวิตที่เปลี่ยนไปเพราะปัญญาประดิษฐ์และเทคโนโลยีดิจิทัล<br>① ปัญญาประดิษฐ์หรือเทคโนโลยีดิจิทัลที่ฉันใช้บ่อยคืออะไร<br>② ฉันใช้เทคโนโลยีนั้นในชีวิตอย่างไร<br>③ ชีวิตเปลี่ยนไปอย่างไรเพราะเทคโนโลยีนั้น<br>④ ต่อไปฉันอยากใช้เทคโนโลยีแบบนี้อย่างไร"",""guide"":""①은 짧게 쓰고 ②와 ③이 중심입니다. ②는 '번역 앱을 씁니다'로 끝내지 말고 병원, 시장처럼 어디에서 무엇을 할 때 쓰는지 구체적으로 쓰세요. ③은 예전과 지금을 비교해서 쓰면 좋고, ④는 기계에만 의존하지 않고 한국어를 더 배우겠다는 다짐으로 맺으면 자연스럽습니다."",""guide_zh"":""①简单写就行，②和③是重点。②不要只写\""我用翻译软件\""，要具体写在医院、市场等什么地方、做什么事的时候使用。③可以把以前和现在作比较；④用\""不只依赖机器，还要更努力学韩语\""这样的决心收尾会很自然。"",""guide_vi"":""Viết ngắn cho ①, còn ② và ③ là trọng tâm. Ở ② đừng chỉ viết \""tôi dùng ứng dụng dịch\"", hãy nêu cụ thể dùng ở đâu và khi làm gì, ví dụ ở bệnh viện hay ở chợ. ③ nên so sánh trước đây với bây giờ, còn ④ kết bằng quyết tâm không chỉ dựa vào máy móc mà sẽ học tiếng Hàn nhiều hơn thì rất tự nhiên."",""guide_th"":""เขียน ① สั้น ๆ ก็พอ ส่วน ② และ ③ คือใจความหลัก ข้อ ② อย่าจบแค่ว่า \""ฉันใช้แอปแปลภาษา\"" ให้เขียนให้ชัดว่าใช้ที่ไหนและตอนทำอะไร เช่น ที่โรงพยาบาลหรือที่ตลาด ข้อ ③ ควรเปรียบเทียบเมื่อก่อนกับตอนนี้ และข้อ ④ ปิดท้ายด้วยความตั้งใจว่าจะไม่พึ่งเครื่องมืออย่างเดียวแต่จะเรียนภาษาเกาหลีให้มากขึ้น จะเป็นธรรมชาติมาก"",""model"":""저는 한국에서 번역 앱과 인공지능 챗봇을 자주 사용합니다. 병원이나 시장에서 모르는 말이 나오면 사진을 찍어서 바로 뜻을 확인합니다. 지도 앱으로 길을 찾고 휴대전화로 음식을 주문하기도 합니다. 예전에는 말이 통하지 않아 걱정이 많았지만 지금은 혼자서도 일을 볼 수 있어 생활이 아주 편리해졌습니다. 앞으로는 기계에만 의존하지 않고 한국어를 더 열심히 배우겠습니다."",""model_zh"":""我在韩国经常使用翻译软件和人工智能聊天机器人。在医院或市场遇到听不懂的话时，我就拍照马上确认意思。我还用地图软件找路，用手机订餐。以前因为语言不通很担心，现在一个人也能把事情办好，生活变得非常方便。今后我不会只依赖机器，还要更努力地学习韩语。"",""model_vi"":""Tôi thường dùng ứng dụng dịch và chatbot trí tuệ nhân tạo khi sống ở Hàn Quốc. Khi gặp từ không hiểu ở bệnh viện hay ngoài chợ, tôi chụp ảnh và kiểm tra nghĩa ngay. Tôi cũng dùng ứng dụng bản đồ để tìm đường và đặt đồ ăn bằng điện thoại. Trước đây tôi rất lo vì không nói được, còn bây giờ một mình cũng làm được mọi việc nên cuộc sống rất tiện lợi. Sau này tôi sẽ không chỉ dựa vào máy móc mà sẽ chăm chỉ học tiếng Hàn hơn nữa."",""model_th"":""ฉันใช้แอปแปลภาษาและแชตบอตปัญญาประดิษฐ์บ่อย ๆ ตอนอยู่ที่เกาหลี เมื่อเจอคำที่ไม่เข้าใจที่โรงพยาบาลหรือที่ตลาด ฉันจะถ่ายรูปแล้วตรวจดูความหมายทันที ฉันยังใช้แอปแผนที่หาเส้นทางและสั่งอาหารด้วยโทรศัพท์ด้วย เมื่อก่อนกังวลมากเพราะพูดไม่ได้ แต่ตอนนี้อยู่คนเดียวก็จัดการเรื่องต่าง ๆ ได้ ชีวิตจึงสะดวกขึ้นมาก ต่อไปฉันจะไม่พึ่งเครื่องมืออย่างเดียว แต่จะตั้งใจเรียนภาษาเกาหลีให้มากขึ้น"",""parts"":[{""label"":""내가 쓰는 기술"",""anyOf"":[""번역"",""파파고"",""인공지능"",""챗봇"",""챗지피티"",""스마트폰"",""휴대전화"",""핸드폰"",""앱을"",""지도"",""유튜브"",""카카오톡"",""키오스크"",""무인 계산대"",""인터넷"",""영상 통화""]},{""label"":""어떻게 사용하는지"",""anyOf"":[""병원"",""시장"",""은행"",""약국"",""지하철"",""주문"",""예약"",""검색"",""길을 찾"",""모르는 말"",""사진을 찍"",""물어보"",""찾아보"",""대화하"",""목소리"",""출퇴근""]},{""label"":""달라진 생활"",""anyOf"":[""편리해졌"",""편리합니다"",""편해졌"",""쉬워졌"",""빨라졌"",""달라졌"",""좋아졌"",""예전에는"",""전보다"",""시간을 아"",""시간이 줄"",""혼자서도"",""자신감"",""걱정이 없"",""실수가 줄"",""답답하지 않""]},{""label"":""앞으로의 계획"",""anyOf"":[""앞으로"",""배우겠"",""배우고 싶"",""더 배워"",""함께 배우"",""공부하겠"",""익히겠"",""노력하겠"",""활용하고 싶"",""사용하고 싶"",""사용하겠"",""계획입니다"",""의존하지"",""알려 주겠"",""조심하겠"",""습관을 들이""]}]}"
"wr50","작문","writing","nat","2615","{""id"":""wr50"",""category"":""작문"",""type"":""writing"",""q"":""다음 주제로 200자 이내로 글을 쓰세요: 내가 가 본 한국의 축제나 여행지<br>① 언제 어디에 갔는지<br>② 그곳에서 무엇을 했는지<br>③ 가장 기억에 남는 것이 무엇인지<br>④ 앞으로 어디에 가 보고 싶은지"",""q_zh"":""请以下面的主题写一篇200字以内的短文：我去过的韩国庆典或旅游地<br>① 什么时候去了哪里<br>② 在那里做了什么<br>③ 最难忘的是什么<br>④ 今后想去哪里"",""q_vi"":""Hãy viết một bài văn trong vòng 200 chữ với chủ đề sau: Lễ hội hoặc điểm du lịch ở Hàn Quốc mà tôi đã đến<br>① Đã đi đâu và khi nào<br>② Đã làm gì ở đó<br>③ Điều gì đáng nhớ nhất<br>④ Sau này muốn đi đâu"",""q_th"":""จงเขียนเรียงความในหัวข้อต่อไปนี้ภายใน 200 ตัวอักษร: เทศกาลหรือสถานที่ท่องเที่ยวในเกาหลีที่ฉันเคยไป<br>① ไปที่ไหนเมื่อไร<br>② ทำอะไรที่นั่น<br>③ สิ่งที่ประทับใจที่สุดคืออะไร<br>④ ต่อไปอยากไปที่ไหน"",""guide"":""①은 한 문장으로 짧게 쓰고 ②와 ③에 힘을 주세요. '축제에 갔습니다'로 끝내지 말고 무엇을 체험하고 무엇을 먹고 무엇을 보았는지 구체적으로 쓰세요. ③은 가장 기억에 남는 장면을 중심으로 쓰고, ④는 앞으로 가 보고 싶은 곳으로 맺으면 자연스럽습니다."",""guide_zh"":""① 用一句话简单带过，重点放在 ② 和 ③。不要只写\""去了庆典\""就结束，要具体写体验了什么、吃了什么、看到了什么。③ 以最难忘的场面为中心来写，④ 用今后想去的地方收尾会很自然。"",""guide_vi"":""Hãy viết ① ngắn gọn trong một câu và dồn sức vào ② và ③. Đừng dừng lại ở câu \""tôi đã đi lễ hội\"", hãy viết cụ thể mình đã trải nghiệm gì, ăn gì, nhìn thấy gì. Ở ③ hãy viết tập trung vào cảnh đáng nhớ nhất, còn ④ kết bài bằng nơi mình muốn đến trong tương lai sẽ rất tự nhiên."",""guide_th"":""เขียน ① สั้น ๆ เพียงประโยคเดียว แล้วเน้นน้ำหนักไปที่ ② และ ③ อย่าจบแค่ว่า \""ไปงานเทศกาลมา\"" แต่ให้เขียนอย่างเจาะจงว่าได้ลองทำอะไร กินอะไร เห็นอะไร ส่วน ③ ให้เขียนโดยเน้นที่ภาพที่ประทับใจที่สุด และปิดท้าย ④ ด้วยสถานที่ที่อยากไปในอนาคตจะเป็นธรรมชาติมาก"",""model"":""저는 작년 여름에 가족과 함께 보령 머드축제에 갔습니다. 서울에서 고속버스를 타고 세 시간쯤 걸렸습니다. 그곳에서 진흙 체험을 하고 바닷가를 산책하며 사진을 찍었습니다. 축제장에서 파는 음식도 사 먹었습니다. 가장 기억에 남는 것은 밤하늘에 퍼진 불꽃놀이였고, 사람들이 다 같이 웃는 모습이 인상 깊었습니다. 앞으로는 가을에 열리는 다른 지역 축제에도 꼭 가 보고 싶습니다."",""model_zh"":""去年夏天我和家人一起去了保宁泥浆节。从首尔坐高速巴士大约花了三个小时。在那里我体验了泥浆，沿着海边散步并拍了照片。还买了庆典现场卖的食物吃。最难忘的是在夜空中绽放的烟花，大家一起欢笑的样子也让我印象深刻。今后我也很想去秋天举办的其他地区的庆典。"",""model_vi"":""Mùa hè năm ngoái tôi đã cùng gia đình đến Lễ hội bùn Boryeong. Đi xe buýt cao tốc từ Seoul mất khoảng ba tiếng. Ở đó tôi đã trải nghiệm tắm bùn, đi dạo bên bờ biển và chụp ảnh. Tôi cũng mua và ăn thức ăn bán tại khu lễ hội. Điều đáng nhớ nhất là màn pháo hoa nở trên bầu trời đêm, và hình ảnh mọi người cùng nhau cười thật ấn tượng. Sau này tôi nhất định muốn đến cả những lễ hội ở vùng khác được tổ chức vào mùa thu."",""model_th"":""เมื่อฤดูร้อนปีที่แล้วฉันไปงานเทศกาลโคลนโพรยองกับครอบครัว นั่งรถบัสด่วนจากโซลใช้เวลาประมาณสามชั่วโมง ที่นั่นฉันได้ลองเล่นโคลน เดินเล่นริมทะเล และถ่ายรูป ฉันยังซื้ออาหารที่ขายในงานเทศกาลมากินด้วย สิ่งที่ประทับใจที่สุดคือพลุที่แตกกระจายบนท้องฟ้ายามค่ำคืน และภาพที่ทุกคนหัวเราะด้วยกันก็น่าประทับใจมาก ต่อไปฉันอยากไปงานเทศกาลของภูมิภาคอื่นที่จัดขึ้นในฤดูใบไม้ร่วงด้วย"",""parts"":[{""label"":""언제 어디에 갔는지"",""anyOf"":[""갔습니다"",""다녀왔습니다"",""가 봤습니다"",""축제에 갔"",""여행을 갔"",""놀러 갔"",""작년"",""지난해"",""지난여름"",""지난달"",""올해"",""보령"",""제주도"",""부산"",""경주"",""전주""]},{""label"":""그곳에서 무엇을 했는지"",""anyOf"":[""체험"",""사진"",""찍었습니다"",""구경했"",""구경을 하"",""공연"",""산책"",""물놀이"",""기념품"",""먹었습니다"",""먹어 봤"",""맛보"",""샀습니다"",""만들어 봤"",""참여했습니다"",""놀았습니다""]},{""label"":""가장 기억에 남는 것"",""anyOf"":[""기억에 남"",""인상 깊"",""가장 인상적"",""감동"",""잊을 수 없"",""잊지 못할"",""지금도 생각나"",""가장 좋았던"",""제일 좋았던"",""신기했습니다"",""놀랐습니다"",""아름다웠습니다"",""특별한 경험"",""뜻깊었습니다"",""눈에 선"",""최고의 순간""]},{""label"":""앞으로 가 보고 싶은 곳"",""anyOf"":[""가 보고 싶"",""가고 싶"",""방문하고 싶"",""여행하고 싶"",""구경하고 싶"",""가 보려고"",""가려고 합니다"",""계획입니다"",""계획을 세우"",""기회가 되면"",""내년에는"",""다음에는 가"",""언젠가 가"",""앞으로""]}]}"
"wr51","작문","writing","nat","2616","{""id"":""wr51"",""category"":""작문"",""type"":""writing"",""q"":""다음 주제로 200자 이내로 글을 쓰세요: 아동·노인 학대를 막기 위해 우리가 할 일<br>① 아동 학대와 노인 학대가 무엇인지<br>② 이런 학대가 왜 잘 드러나지 않는지<br>③ 학대를 발견하면 어디에 어떻게 신고하는지<br>④ 앞으로 내가 실천할 일이 무엇인지"",""q_zh"":""请以下面的主题写一篇200字以内的短文：为防止虐待儿童和虐待老人我们应做的事<br>① 什么是虐待儿童和虐待老人<br>② 这类虐待为什么不容易被发现<br>③ 发现虐待时要向哪里、如何举报<br>④ 今后我要付诸实践的事情是什么"",""q_vi"":""Hãy viết một bài văn trong vòng 200 chữ với chủ đề sau: Những việc chúng ta cần làm để ngăn chặn ngược đãi trẻ em và người cao tuổi<br>① Ngược đãi trẻ em và ngược đãi người cao tuổi là gì<br>② Vì sao những vụ ngược đãi như vậy khó bị phát hiện<br>③ Khi phát hiện ngược đãi thì báo ở đâu và báo như thế nào<br>④ Từ nay tôi sẽ thực hiện điều gì"",""q_th"":""จงเขียนเรียงความในหัวข้อต่อไปนี้ ความยาวไม่เกิน 200 ตัวอักษร: สิ่งที่เราต้องทำเพื่อป้องกันการทารุณกรรมเด็กและผู้สูงอายุ<br>① การทารุณกรรมเด็กและการทารุณกรรมผู้สูงอายุคืออะไร<br>② เหตุใดการทารุณกรรมเช่นนี้จึงถูกพบเห็นได้ยาก<br>③ เมื่อพบการทารุณกรรมต้องแจ้งที่ไหนและแจ้งอย่างไร<br>④ ต่อจากนี้ฉันจะลงมือทำสิ่งใด"",""guide"":""③이 이 글의 중심입니다. '신고합니다'로만 끝내지 말고 112, 1577-1389처럼 어디에 어떻게 알리는지까지 쓰세요. ②는 학대가 집 안에서 조용히 일어나고 이웃이 남의 집 일로 여긴다는 식으로 설명하면 자연스럽고, ④는 인사하기, 표정 살피기처럼 내가 할 수 있는 작은 일로 맺으세요."",""guide_zh"":""③是这篇文章的重点。不要只写“要举报”，还要写清楚向哪里、怎样举报，比如112、1577-1389。②可以这样说明：虐待多在家里悄悄发生，邻居又觉得那是别人家的事。④用打招呼、留意表情这类自己做得到的小事来收尾会更自然。"",""guide_vi"":""③ là trọng tâm của bài viết. Đừng chỉ dừng ở câu “sẽ báo cáo”, hãy viết rõ báo ở đâu và báo thế nào, ví dụ 112 hay 1577-1389. Với ②, cách giải thích tự nhiên là: ngược đãi thường xảy ra lặng lẽ trong nhà và hàng xóm coi đó là chuyện nhà người khác. ④ nên kết lại bằng những việc nhỏ mình làm được như chào hỏi, quan sát nét mặt."",""guide_th"":""③ คือหัวใจของเรียงความนี้ อย่าจบแค่ว่า “จะแจ้ง” แต่ให้เขียนด้วยว่าแจ้งที่ไหนและแจ้งอย่างไร เช่น 112 หรือ 1577-1389 สำหรับ ② อธิบายว่าการทารุณกรรมมักเกิดขึ้นเงียบ ๆ ภายในบ้าน และเพื่อนบ้านคิดว่าเป็นเรื่องของครอบครัวอื่น จะเป็นธรรมชาติที่สุด ส่วน ④ ควรปิดท้ายด้วยเรื่องเล็ก ๆ ที่ตนเองทำได้ เช่น การทักทาย การสังเกตสีหน้า"",""model"":""아동 학대와 노인 학대는 약한 사람을 때리거나 돌보지 않고 내버려 두는 행동입니다. 이런 일은 집 안에서 몰래 일어나고 이웃이 남의 집 일이라고 여겨 더 심해집니다. 학대가 의심되면 112에 신고하고, 노인 학대는 1577-1389로 알릴 수 있습니다. 저는 앞으로 이웃 어르신께 자주 인사하고 아이들의 표정을 살피겠습니다. 작은 관심이 학대를 막는 가장 좋은 방법이라고 생각합니다."",""model_zh"":""虐待儿童和虐待老人，是指殴打弱者，或者不加照顾、放任不管的行为。这样的事大多在家里悄悄发生，邻居又认为那是别人家的事，所以变得更严重。怀疑有虐待时可以拨打112报警，虐待老人还可以拨打1577-1389告知。今后我要常常向邻居家的老人问好，并留意孩子们的表情。我认为小小的关心就是防止虐待的最好方法。"",""model_vi"":""Ngược đãi trẻ em và ngược đãi người cao tuổi là hành vi đánh đập người yếu thế hoặc bỏ mặc, không chăm sóc. Những việc như vậy phần lớn xảy ra lặng lẽ trong nhà, hàng xóm lại cho rằng đó là chuyện nhà người khác nên càng trở nên nghiêm trọng. Khi nghi ngờ có ngược đãi, hãy gọi 112 để báo cảnh sát, còn ngược đãi người cao tuổi thì có thể báo qua số 1577-1389. Từ nay tôi sẽ thường xuyên chào hỏi các cụ hàng xóm và quan sát nét mặt của trẻ em. Tôi nghĩ một chút quan tâm nhỏ chính là cách tốt nhất để ngăn chặn ngược đãi."",""model_th"":""การทารุณกรรมเด็กและการทารุณกรรมผู้สูงอายุ คือการทำร้ายผู้ที่อ่อนแอกว่า หรือปล่อยปละละเลยไม่ดูแล เรื่องเช่นนี้ส่วนใหญ่เกิดขึ้นอย่างเงียบ ๆ ภายในบ้าน และเพื่อนบ้านก็คิดว่าเป็นเรื่องของครอบครัวอื่น จึงยิ่งรุนแรงขึ้น หากสงสัยว่ามีการทารุณกรรม ให้โทรแจ้งตำรวจที่หมายเลข 112 ส่วนการทารุณกรรมผู้สูงอายุสามารถแจ้งที่หมายเลข 1577-1389 ได้ ต่อจากนี้ฉันจะทักทายผู้สูงอายุที่เป็นเพื่อนบ้านบ่อย ๆ และคอยสังเกตสีหน้าของเด็ก ๆ ฉันคิดว่าความใส่ใจเล็ก ๆ น้อย ๆ คือวิธีที่ดีที่สุดในการป้องกันการทารุณกรรม"",""parts"":[{""label"":""아동·노인 학대가 무엇인가"",""anyOf"":[""때리"",""폭력"",""욕을 하"",""굶기"",""돌보지 않"",""내버려"",""방치"",""약한 사람"",""힘없는"",""몸과 마음"",""상처를 주"",""괴롭히"",""무시하"",""학대란"",""가두""]},{""label"":""왜 잘 드러나지 않는가"",""anyOf"":[""집 안"",""집안"",""가정 안"",""몰래"",""조용히"",""드러나지 않"",""남의 집"",""남의 일"",""가족 문제"",""가족끼리"",""숨기"",""모른 척"",""참고 넘어"",""알기 어려"",""말하지 못"",""나서지 못""]},{""label"":""어디에 어떻게 신고하는가"",""anyOf"":[""신고"",""112"",""1577"",""1389"",""129"",""1391"",""경찰"",""아동보호전문기관"",""노인보호전문기관"",""보호기관"",""행정복지센터"",""주민센터"",""동사무소"",""전화로 알리""]},{""label"":""내가 앞으로 실천할 일"",""anyOf"":[""앞으로"",""인사"",""살피"",""실천"",""노력하겠"",""지켜보"",""눈여겨보"",""안부"",""봉사"",""교육을 받"",""교육에 참여"",""먼저 다가"",""관심을 가지"",""관심을 갖"",""돕겠"",""자주 찾아""]}]}"
"wr52","작문","writing","nat","2617","{""id"":""wr52"",""category"":""작문"",""type"":""writing"",""q"":""다음 주제로 200자 이내로 글을 쓰세요: 농촌과 지방의 인구가 줄어드는 문제<br>① 농촌과 지방이 지금 어떤 모습인지<br>② 사람들이 왜 도시로 떠나는지<br>③ 인구가 줄면 어떤 어려움이 생기는지<br>④ 앞으로 어떻게 하면 좋을지"",""q_zh"":""请以下面的主题写一篇200字以内的短文：农村和地方人口减少的问题<br>① 农村和地方现在是什么样子<br>② 人们为什么离开去城市<br>③ 人口减少会带来哪些困难<br>④ 今后应该怎么做才好"",""q_vi"":""Hãy viết một bài văn trong vòng 200 chữ về chủ đề sau: Vấn đề dân số ở nông thôn và địa phương giảm sút<br>① Nông thôn và địa phương hiện nay ra sao<br>② Vì sao mọi người rời quê lên thành phố<br>③ Khi dân số giảm thì nảy sinh những khó khăn gì<br>④ Sắp tới nên làm thế nào thì tốt"",""q_th"":""จงเขียนเรียงความไม่เกิน 200 ตัวอักษรในหัวข้อต่อไปนี้: ปัญหาประชากรในชนบทและต่างจังหวัดลดลง<br>① ตอนนี้ชนบทและต่างจังหวัดมีสภาพอย่างไร<br>② ทำไมผู้คนจึงย้ายไปอยู่ในเมือง<br>③ เมื่อประชากรลดลงจะเกิดความยากลำบากอะไรบ้าง<br>④ ต่อไปควรทำอย่างไรจึงจะดี"",""guide"":""①에서 ④까지 원인과 결과가 이어지도록 쓰는 글입니다. ③이 중심이니 '불편합니다'로 끝내지 말고 버스가 끊긴다, 가게가 문을 닫는다, 일손이 부족하다처럼 무엇이 어떻게 어려워지는지 구체적으로 쓰세요. ④는 귀농이나 청년 지원 같은 대책 하나에 내가 할 수 있는 일을 덧붙이면 자연스럽습니다."",""guide_zh"":""这是一篇从①到④按原因和结果顺序展开的文章。③是全文的重点，不要只写“不方便”，要具体写出公交车停运、商店关门、缺少人手等困难。④可以先写返乡务农或支援年轻人之类的对策，再加上自己能做的事，收尾会更自然。"",""guide_vi"":""Đây là bài văn nối từ ① đến ④ theo mạch nguyên nhân và kết quả. ③ là phần trọng tâm, đừng chỉ viết \""bất tiện\"" mà hãy viết cụ thể như xe buýt ngừng chạy, cửa hàng đóng cửa, thiếu nhân lực. Với ④, hãy nêu một biện pháp như về quê làm nông hay hỗ trợ người trẻ, rồi thêm việc bản thân có thể làm thì kết bài sẽ tự nhiên."",""guide_th"":""เรียงความนี้เชื่อมจาก ① ถึง ④ ตามลำดับสาเหตุและผลลัพธ์ ③ เป็นใจความหลัก อย่าจบแค่คำว่า \""ไม่สะดวก\"" แต่ให้เขียนให้ชัดเจน เช่น รถประจำทางหยุดวิ่ง ร้านค้าปิด ขาดแรงงาน ส่วน ④ ให้ยกมาตรการหนึ่งอย่าง เช่น การกลับไปทำเกษตรหรือการสนับสนุนคนหนุ่มสาว แล้วเสริมสิ่งที่ตนเองทำได้ จะจบได้อย่างเป็นธรรมชาติ"",""model"":""요즘 농촌과 지방에서는 젊은 사람이 줄고 빈집과 폐교가 늘어나며 어르신만 남은 마을이 많습니다. 사람들이 떠나는 이유는 도시에 일자리와 학교가 많기 때문입니다. 인구가 줄면 버스가 끊기고 가게가 문을 닫아서 생활이 불편해지고 농사지을 일손도 부족해집니다. 앞으로는 청년이 귀농하여 정착하도록 나라가 지원을 늘려야 합니다. 저도 지방 축제를 찾아가서 특산물을 사고 싶습니다."",""model_zh"":""最近在农村和地方，年轻人越来越少，空房子和废弃的学校增多，村里只剩下老人。人们离开的原因是城市里工作和学校更多。人口减少后，公交车停运、商店关门，生活变得不方便，务农的人手也不够。今后国家应该扩大支援，让年轻人回乡务农并定居下来。我也想去逛地方的庆典，买那里的特产。"",""model_vi"":""Gần đây ở nông thôn và các địa phương, người trẻ ít dần, nhà bỏ hoang và trường học đóng cửa tăng lên, trong làng chỉ còn lại người già. Lý do mọi người rời đi là vì ở thành phố có nhiều việc làm và trường học hơn. Khi dân số giảm, xe buýt ngừng chạy, cửa hàng đóng cửa nên sinh hoạt bất tiện và cũng thiếu nhân lực làm nông. Sắp tới nhà nước nên tăng hỗ trợ để người trẻ về quê làm nông và định cư lâu dài. Tôi cũng muốn đi lễ hội ở địa phương và mua đặc sản ở đó."",""model_th"":""ช่วงนี้ในชนบทและต่างจังหวัด คนหนุ่มสาวลดลง บ้านร้างและโรงเรียนที่ปิดตัวเพิ่มขึ้น ในหมู่บ้านเหลือแต่ผู้สูงอายุ สาเหตุที่ผู้คนย้ายออกไปคือในเมืองมีงานและโรงเรียนมากกว่า เมื่อประชากรลดลง รถประจำทางหยุดวิ่ง ร้านค้าปิดตัว ทำให้ใช้ชีวิตไม่สะดวก และขาดแรงงานทำการเกษตร ต่อไปรัฐควรเพิ่มการสนับสนุนเพื่อให้คนหนุ่มสาวกลับไปทำเกษตรและตั้งถิ่นฐาน ฉันเองก็อยากไปเที่ยวงานเทศกาลต่างจังหวัดและซื้อของขึ้นชื่อของที่นั่น"",""parts"":[{""label"":""농촌과 지방의 지금 모습"",""anyOf"":[""빈집"",""폐교"",""어르신"",""노인"",""고령"",""할머니"",""할아버지"",""젊은 사람"",""젊은이"",""아이가 없"",""학생이 적"",""텅 비"",""소멸"",""조용"",""사람이 적"",""인구가 적""]},{""label"":""도시로 떠나는 이유"",""anyOf"":[""일자리"",""직장"",""취직"",""일하러"",""돈을 벌"",""월급"",""대학"",""진학"",""공부하러"",""편의시설"",""문화시설"",""문화생활"",""수입이 적"",""농사일이 힘들"",""도시가 편리"",""기회가 많""]},{""label"":""인구가 줄어서 생기는 어려움"",""anyOf"":[""버스가 끊"",""차가 안 다니"",""문을 닫"",""병원이 없"",""병원이 멀"",""응급"",""일손"",""일할 사람이 없"",""농사지을 사람"",""시장이 없"",""은행이 없"",""장보기"",""배달이 안"",""지키기 어렵""]},{""label"":""앞으로 하면 좋을 일"",""anyOf"":[""귀농"",""귀촌"",""정착"",""지원"",""보조금"",""혜택"",""정책"",""청년을 위한"",""축제"",""특산물"",""관광"",""홍보"",""돌아오"",""집을 마련"",""버스를 늘려""]}]}"
"wr53","작문","writing","nat","2618","{""id"":""wr53"",""category"":""작문"",""type"":""writing"",""q"":""다음 주제로 200자 이내로 글을 쓰세요: 내가 사는 지역의 일에 참여하는 방법<br>① 내가 사는 지역은 어떤 곳인지<br>② 나는 지역의 일에 어떻게 참여하고 있는지<br>③ 참여하면서 무엇을 느꼈는지<br>④ 앞으로 어떻게 참여할지"",""q_zh"":""请以下面的主题写一篇200字以内的文章：参与我所住地区事务的方法<br>① 我居住的地区是什么样的地方<br>② 我是如何参与地区事务的<br>③ 参与过程中感受到了什么<br>④ 今后打算怎样参与"",""q_vi"":""Hãy viết một bài văn trong vòng 200 chữ với chủ đề sau: Cách tham gia vào công việc của khu vực tôi đang sống<br>① Khu vực tôi đang sống là nơi như thế nào<br>② Tôi đang tham gia công việc của khu vực như thế nào<br>③ Khi tham gia tôi đã cảm thấy điều gì<br>④ Sắp tới tôi sẽ tham gia như thế nào"",""q_th"":""จงเขียนเรียงความไม่เกิน 200 ตัวอักษรในหัวข้อต่อไปนี้: วิธีการมีส่วนร่วมในกิจกรรมของพื้นที่ที่ฉันอาศัยอยู่<br>① พื้นที่ที่ฉันอาศัยอยู่เป็นที่แบบไหน<br>② ฉันมีส่วนร่วมในกิจกรรมของพื้นที่อย่างไร<br>③ เมื่อได้มีส่วนร่วมแล้วรู้สึกอย่างไร<br>④ ต่อไปจะมีส่วนร่วมอย่างไร"",""guide"":""②가 이 글의 중심입니다. '지역 일에 참여합니다'로 끝내지 말고 마을 청소, 주민 회의, 행정복지센터 행사처럼 무엇에 어떻게 참여하는지 구체적으로 쓰세요. ①은 지역 이름과 그곳의 모습을 한두 문장으로만 소개하고, ③은 이웃과 친해졌다·뿌듯했다처럼 느낌을 분명히 밝히세요. ④는 앞으로 하고 싶은 일로 맺으면 자연스럽습니다."",""guide_zh"":""②是这篇文章的重点。不要只写\""我参与地区事务\""，要具体写出参加了什么、怎么参加，例如社区大扫除、居民会议、行政福利中心的活动。①只用一两句介绍地区名称和当地的样子，③要明确写出感受，比如和邻居熟悉了、心里很自豪。④以今后想做的事收尾会很自然。"",""guide_vi"":""② là trọng tâm của bài viết. Đừng chỉ viết \""tôi tham gia việc của khu vực\"", hãy viết cụ thể tham gia việc gì và tham gia thế nào, ví dụ dọn vệ sinh khu phố, họp cư dân, sự kiện của trung tâm hành chính phúc lợi. ① chỉ cần một hai câu giới thiệu tên khu vực và quang cảnh nơi đó, ③ phải nêu rõ cảm xúc như thân thiết hơn với hàng xóm, cảm thấy tự hào. ④ kết bài bằng việc muốn làm sắp tới sẽ tự nhiên."",""guide_th"":""② คือใจความหลักของเรียงความนี้ อย่าเขียนแค่ว่า \""ฉันมีส่วนร่วมในกิจกรรมของพื้นที่\"" แต่ให้เขียนอย่างเจาะจงว่าร่วมอะไรและร่วมอย่างไร เช่น ทำความสะอาดหมู่บ้าน ประชุมผู้อยู่อาศัย งานของศูนย์บริหารและสวัสดิการ ① เขียนแนะนำชื่อพื้นที่และสภาพของที่นั่นเพียงหนึ่งถึงสองประโยค ③ ให้บอกความรู้สึกให้ชัดเจน เช่น สนิทกับเพื่อนบ้านมากขึ้น รู้สึกภูมิใจ ส่วน ④ ปิดท้ายด้วยสิ่งที่อยากทำต่อไปจะเป็นธรรมชาติ"",""model"":""저는 인천의 조용한 동네에 살고 있습니다. 우리 동네에는 작은 시장과 공원이 있어서 살기 편합니다. 저는 한 달에 한 번 마을 청소에 나가고, 행정복지센터에서 열리는 주민 회의에도 빠지지 않고 참석합니다. 이런 일을 하면서 이웃과 많이 친해졌고 마음이 뿌듯했습니다. 앞으로는 자원봉사 모임에도 가입해서 우리 지역을 위해 더 열심히 활동하고 싶습니다."",""model_zh"":""我住在仁川一个安静的小区。我们小区有小市场和公园，生活很方便。我每月参加一次社区大扫除，行政福利中心举办的居民会议我也从不缺席。做这些事让我和邻居熟悉了很多，心里很自豪。今后我还想加入志愿者团体，为我们地区更加努力地做事。"",""model_vi"":""Tôi sống ở một khu phố yên tĩnh tại Incheon. Khu phố của chúng tôi có chợ nhỏ và công viên nên sống rất tiện. Mỗi tháng một lần tôi đi dọn vệ sinh khu phố, và cũng không bỏ buổi họp cư dân do trung tâm hành chính phúc lợi tổ chức. Làm những việc này, tôi trở nên thân thiết hơn với hàng xóm và thấy rất tự hào. Sắp tới tôi muốn tham gia cả nhóm tình nguyện để hoạt động chăm chỉ hơn cho khu vực của chúng tôi."",""model_th"":""ฉันอาศัยอยู่ในย่านที่เงียบสงบในเมืองอินช็อน ย่านของเรามีตลาดเล็ก ๆ และสวนสาธารณะ จึงอยู่สบาย เดือนละครั้งฉันออกไปทำความสะอาดหมู่บ้าน และเข้าร่วมประชุมผู้อยู่อาศัยที่จัดขึ้นที่ศูนย์บริหารและสวัสดิการโดยไม่ขาด การทำสิ่งเหล่านี้ทำให้ฉันสนิทกับเพื่อนบ้านมากขึ้นและรู้สึกภูมิใจ ต่อไปฉันอยากเข้าร่วมกลุ่มอาสาสมัครด้วย เพื่อทำกิจกรรมอย่างขยันขันแข็งมากขึ้นให้กับพื้นที่ของเรา"",""parts"":[{""label"":""내가 사는 지역"",""anyOf"":[""인천"",""서울"",""부산"",""경기도"",""조용한 동네"",""동네에 살고"",""동네에 삽니다"",""살고 있습니다"",""살기 편합니다"",""시장이 있어"",""공원이 있어"",""교통이 편리"",""아파트가 많"",""작은 도시"",""이사 왔습니다"",""오래 살았습니다""]},{""label"":""참여하는 방법"",""anyOf"":[""마을 청소"",""청소에 나가"",""청소에 참여"",""주민 회의"",""회의에 참석"",""참석합니다"",""행정복지센터"",""반상회"",""주민자치"",""부녀회"",""마을 행사"",""지역 축제"",""분리수거"",""쓰레기를 줍"",""봉사 활동을"",""참여하고 있습니다""]},{""label"":""참여하며 느낀 점"",""anyOf"":[""친해졌"",""뿌듯"",""보람"",""정이 들었습니다"",""기뻤습니다"",""즐거웠습니다"",""고향처럼"",""외롭지 않"",""반가웠습니다"",""자신감"",""가까워졌습니다"",""행복했습니다"",""기분이 좋았습니다"",""따뜻했습니다"",""배울 수 있었습니다"",""감사했습니다""]},{""label"":""앞으로의 참여 계획"",""anyOf"":[""앞으로"",""계획입니다"",""가입해서"",""가입하고 싶습니다"",""가입할 생각입니다"",""참여하고 싶습니다"",""참여하겠습니다"",""참여하려고 합니다"",""활동하고 싶습니다"",""활동하려고 합니다"",""노력하겠습니다"",""배우고 싶습니다"",""소개하고 싶습니다"",""도전해 보고 싶습니다"",""봉사하고 싶습니다"",""나가 보려고 합니다""]}]}"
